Col1,Col2,Col3,Col4,Col5,Col6,Col7
Word48 Word3 Word4 Word5,KE20182991,40.0,Word568 Word650,2018-09-30,Word563 Word564 Word9 Word26,NoDoc
Word30 Word31,670399,48.0,Word826 Word780,2018-08-31,Word563 Word564 Word9 Word26,NoDoc
Word16 Word17 Word18 Word7,6649,640.8,Word885 Word784 Word785,2018-05-31,Word563 Word564 Word9 Word26,NoDoc
Word74 Word75 Word44 Word5,XIK00128,269111.58,Word840 Word841 Word842 Word843,2016-10-01,Word563 Word600 Word601 Word602,NoDoc
Word196 Word197 Word198 Word4 Word7,78557,4552.36,Word1672 Word640 Word745,2018-05-31,Word571 Word52 Word639 Word640 Word579,NoDoc
Word59 Word60 Word61 Word5,895,58.5,Word60 Word99 Word26,2018-03-01,Word563 Word564 Word9 Word26,NoDoc
Word16 Word17 Word18 Word7,3067,292.5,Word785 Word330 Word99 Word764 Word61,2018-02-01,Word563 Word564 Word9 Word26,NoDoc
Word193 Word311 Word214 Word4 Word7,6200040790,1350.0,Word1952 Word319,2018-05-31,Word613 Word99 Word614 Word282 Word283 Word620,NoDoc
Word6 Word7,10823,2811.0,Word1144 Word2029 Word1034,2018-11-30,Word560 Word561 Word366 Word562,Doc1
Word16 Word17 Word18 Word7,KX1494,360.0,Word783 Word784,2018-10-31,Word563 Word564 Word9 Word26,NoDoc
Word19 Word20 Word21 Word22 Word23 Word5,16433,763.06,Word771 Word1212 Word930 Word1801,2018-07-31,Word563 Word575,NoDoc
Word16 Word17 Word18 Word7,FM1463,1260.0,Word330 Word99 Word26,2018-09-30,Word563 Word564 Word9 Word26,NoDoc
Word299 Word237 Word7,31891,18039.89,Word949 Word991 Word99 Word145 Word883 Word1727 Word808,2018-06-30,Word571 Word52 Word657 Word646 Word13,NoDoc
Word96 Word3 Word4 Word5,76770,1710.0,Word797 Word190,2018-05-31,Word563 Word564 Word9 Word26,NoDoc
Word85 Word86 Word87 Word5 Word88 Word16 Word17 Word3 Word7,64755,52.52,Word1258 Word945,2017-12-01,Word563 Word580 Word581 Word232,NoDoc
Word162 Word7,ZAQI22PMR18,13425.0,Word582 Word1225,2018-05-31,Word567 Word582 Word107,Doc1
Word96 Word3 Word4 Word5,85718,3060.0,Word123 Word190,2018-07-31,Word563 Word132 Word610,NoDoc
Word44 Word45 Word46,201805-00053-CK0,2570126.23,Word834 Word835 Word46,2018-06-30,Word560 Word561 Word642 Word643,Doc1
Word33 Word34 Word35 Word7,108644-757,10707.28,Word946,2018-04-01,Word560 Word561 Word366 Word562,Doc1
Word96 Word3 Word4 Word5,88361,900.0,Word123 Word190,2018-08-31,Word563 Word132 Word610,NoDoc
Word160 Word161 Word61 Word45 Word39,1053-3,455.0,Word61,2018-08-31,Word563 Word564 Word9 Word26,NoDoc
Word16 Word17 Word18 Word7,SM1331,180.0,Word941 Word785,2018-09-30,Word563 Word564 Word9 Word26,NoDoc
Word16 Word17 Word18 Word7,JJ1328,5040.0,Word1006 Word784,2018-10-31,Word563 Word564 Word9 Word26,NoDoc
Word42 Word43 Word5,7952,1985.0,Word562,2018-04-30,Word576 Word366 Word562,NoDoc
Word48 Word3 Word4 Word5,ZW20180226,2730.0,Word877,2018-05-31,Word560 Word561 Word612,Doc1
Word195 Word5,QV137131,921.3,Word562,2018-04-01,Word563 Word366 Word56 Word4,NoDoc
Word16 Word17 Word18 Word7,GT1344,360.0,Word255,2018-09-30,Word563 Word366 Word562,NoDoc
Word19 Word20 Word21 Word22 Word23 Word5,10924,37.24,Word575,2017-12-01,Word563 Word575,NoDoc
Word85 Word86 Word87 Word5 Word88 Word16 Word17 Word3 Word7,65102,105.0,Word994 Word1929,2017-12-01,Word563 Word580 Word581 Word232,NoDoc
Word109 Word61 Word7,131,320.0,Word1012 Word785,2018-01-01,Word563 Word564 Word9 Word26,NoDoc
Word36 Word37 Word29,2203159,650.0,Word578 Word791,2018-06-30,Word560 Word561 Word551 Word4,Doc1
Word42 Word43 Word5,7901,580.0,Word562 Word1091 Word806,2018-04-01,Word563 Word580 Word581 Word232,NoDoc
Word189 Word190 Word191 Word7,5460043,1253.5,Word130 Word791,2018-08-31,Word560 Word561 Word593 Word578 Word65,Doc1
Word286 Word287 Word288 Word39,51418081450,9474.0,Word132 Word1183 Word1323,2018-10-31,Word560 Word561 Word612,Doc1
Word16 Word17 Word18 Word7,RU1823,1260.0,Word338 Word942 Word784 Word779 Word99,2018-11-30,Word52 Word330 Word566,NoDoc
Word8 Word9 Word10 Word11 Word5,4.80F+11,111.8,Word1428 Word784 Word568 Word650,2018-04-30,Word563 Word564 Word9 Word26,NoDoc
Word156 Word157 Word7,1719764GZKO,34.64,Word957 Word319,2018-10-31,Word563 Word366 Word562,NoDoc
Word8 Word9 Word10 Word11 Word5,4.80R+11,877.2,Word885 Word784 Word1471 Word9,2018-04-30,Word563 Word564 Word9 Word26,NoDoc
Word85 Word86 Word87 Word5 Word88 Word16 Word17 Word3 Word7,65965,825.0,Word393 Word798 Word1040,2018-03-01,Word563 Word580 Word581 Word232,NoDoc
Word297 Word85 Word298 Word250 Word44,163612890,2352.24,Word1216 Word1217 Word1218 Word1219,2018-09-30,Word571 Word52 Word639 Word250 Word651,NoDoc
Word16 Word17 Word3 Word7,71912,648.0,Word994 Word706,2018-09-30,Word563 Word366 Word562,NoDoc
Word16 Word17 Word18 Word7,FE1600,5040.0,Word826 Word785,2018-10-31,Word563 Word564 Word9 Word26,NoDoc
Word16 Word17 Word18 Word7,DF1483,1260.0,Word785 Word885 Word784,2018-10-31,Word560 Word561 Word366 Word562,Doc1
Word16 Word17 Word18 Word7,SO1633,5040.0,Word1121 Word785 Word764 Word26,2018-10-31,Word563 Word564 Word9 Word26,NoDoc
Word85 Word86 Word87 Word5 Word88 Word16 Word17 Word3 Word7,64987,105.0,Word851 Word855 Word654,2017-12-01,Word563 Word580 Word581 Word232,NoDoc
Word6 Word7,10734,770.0,Word1144 Word1245 Word1279,2018-08-31,Word563 Word366 Word562,NoDoc
Word208 Word209 Word155 Word7,R45541,5325.0,Word132 Word1183 Word1323,2018-05-31,Word560 Word561 Word612,Doc1
Word299 Word237 Word7,32297,23320.17,Word949 Word991 Word160 Word883 Word909 Word808,2018-08-31,Word571 Word52 Word657 Word681 Word371 Word13,NoDoc
Word16 Word17 Word18 Word7,VI119,360.0,Word255 Word132,2018-05-31,Word563 Word132 Word610,NoDoc
Word160 Word161 Word61 Word45 Word39,766-2,260.0,Word60 Word99 Word26,2018-01-01,Word563 Word564 Word9 Word26,NoDoc
Word160 Word161 Word61 Word45 Word39,1064-1,60.0,Word826 Word780,2018-08-31,Word563 Word564 Word9 Word26,NoDoc
Word199 Word200 Word201 Word202 Word7,ZQI-0021075,26176.0,Word1072 Word1846,2018-03-01,Word567 Word582 Word580 Word202 Word545,Doc1
Word85 Word86 Word87 Word5 Word88 Word16 Word17 Word3 Word7,65065,1260.0,,2018-01-01,Word563 Word580 Word581 Word232,NoDoc
Word8 Word9 Word10 Word11 Word5,4.80N+11,1200.0,Word783 Word784 Word577,2018-06-30,Word563 Word564 Word9 Word26,NoDoc
Word16 Word17 Word3 Word7,70926,425.0,Word800 Word865 Word179,2018-06-30,Word563 Word366 Word562,NoDoc
Word42 Word43 Word5,7769,435.0,Word804 Word805 Word806,2018-03-01,Word563 Word580 Word581 Word232,NoDoc
Word30 Word31,671067,48.0,Word826 Word780,2018-08-31,Word563 Word564 Word9 Word26,NoDoc
Word113 Word114 Word115 Word7,147883,1021.25,Word578 Word991,2018-08-31,Word560 Word561 Word366 Word562,Doc1
Word19 Word20 Word21 Word22 Word23 Word5,14095,2711.39,Word1801 Word1385 Word575,2018-04-30,Word563 Word575,NoDoc
Word42 Word43 Word5,7765,435.0,Word804 Word805 Word806,2018-03-01,Word563 Word580 Word581 Word232,NoDoc
Word16 Word17 Word18 Word7,2262,216.0,,2018-01-01,Word563 Word564 Word9 Word26,NoDoc
Word74 Word75 Word44 Word5,JUB00128,269111.58,Word840 Word841 Word842 Word843,2016-10-01,Word563 Word600 Word601 Word602,NoDoc
Word85 Word86 Word87 Word5 Word88 Word16 Word17 Word3 Word7,64781,52.52,Word1258 Word945,2017-12-01,Word563 Word580 Word581 Word232,NoDoc
Word16 Word17 Word18 Word7,CC104,63090.0,Word190 Word965,2018-05-31,Word563 Word564 Word9 Word26,NoDoc
Word177 Word178 Word147 Word7,254OVM,1939.0,Word899 Word805 Word1589 Word721 Word706,2018-08-31,Word563 Word366 Word562,NoDoc
Word42 Word43 Word5,8559,7680.0,Word9 Word1282 Word1149,2018-11-30,Word560 Word611 Word603 Word604 Word605 Word606,Doc1
Word8 Word9 Word10 Word11 Word5,4.80R+11,125.0,Word61,2018-06-30,Word563 Word564 Word9 Word26,NoDoc
Word33 Word34 Word35 Word7,108644-885,6443.71,Word60 Word1688 Word865 Word882 Word865 Word911,2018-05-31,Word563 Word366 Word56 Word4,NoDoc
Word16 Word17 Word3 Word7,70474,315.0,Word1631 Word1632,2018-06-30,Word563 Word580 Word581 Word232,NoDoc
Word16 Word17 Word18 Word7,4094,926.4,Word924 Word784 Word785,2018-03-01,Word567 Word568 Word569 Word570,Doc1
Word16 Word17 Word3 Word7,70480,525.0,Word1518 Word706,2018-05-31,Word563 Word366 Word562,NoDoc
Word160 Word161 Word61 Word45 Word39,1197-1,130.0,Word61,2018-10-31,Word563 Word564 Word9 Word26,NoDoc
Word240 Word276 Word3 Word4 Word5,5210,8480.0,Word1903 Word650 Word1859 Word1149,2018-05-31,Word563 Word580 Word581 Word232,NoDoc
Word435 Word51 Word4 Word5,TM8346,980.0,Word2123 Word779 Word99,2018-12-31,Word567 Word582 Word366 Word562,Doc1
Word96 Word3 Word4 Word5,91731,2800.0,Word123 Word190 Word2109 Word2110,2018-10-31,Word563 Word132 Word610,NoDoc
Word113 Word114 Word115 Word7,147196,935.0,Word578 Word4,2018-06-30,Word560 Word561 Word315 Word577 Word642 Word644,Doc1
Word113 Word114 Word115 Word7,145735,500.0,Word1809 Word1051,2018-05-31,Word567 Word582 Word366 Word562,Doc1
Word16 Word17 Word18 Word7,4149,1900.2,Word1014 Word784 Word785,2018-04-01,Word563 Word564 Word9 Word26,NoDoc
Word122 Word123 Word21 Word124 Word5,FVN18472,3330.0,Word338 Word1748 Word764 Word780,2018-05-31,Word563 Word564 Word9 Word26,NoDoc
Word33 Word34 Word35 Word7,108644-1043,4438.96,Word258 Word1306 Word699 Word1463 Word695 Word847,2018-07-31,Word563 Word366 Word56 Word4,NoDoc
Word85 Word86 Word87 Word5 Word88 Word16 Word17 Word3 Word7,64850,105.0,Word854 Word855 Word654,2017-12-01,Word563 Word580 Word581 Word232,NoDoc
Word58 Word3 Word4 Word5,13003,690.0,Word931 Word1466,2018-05-31,Word563 Word366 Word562,NoDoc
Word217 Word3 Word10 Word5,ZSV061518-1,18336.0,Word785 Word61,2018-08-31,Word563 Word564 Word9 Word26,NoDoc
Word270 Word52 Word345,314,1050.0,Word846 Word791 Word699 Word694 Word699 Word716,2018-04-01,Word571 Word52 Word657 Word457 Word13,NoDoc
Word19 Word20 Word21 Word22 Word23 Word5,18560,318.08,Word633 Word575,2018-10-31,Word563 Word575,NoDoc
Word16 Word17 Word18 Word7,ZT1622,5040.0,Word1694 Word784,2018-10-31,Word563 Word564 Word9 Word26,NoDoc
Word16 Word17 Word3 Word7,71679,360.0,Word1326 Word605,2018-08-31,Word563 Word366 Word562,NoDoc
Word271,90032306,1800.0,Word681 Word1136,2018-08-31,Word571 Word52 Word646 Word633 Word579,NoDoc
Word24 Word22 Word4 Word5,22335,4780.0,Word562 Word1012,2018-07-31,Word567 Word582 Word366 Word562,Doc1
Word116 Word117 Word118 Word119 Word7,149787,121.64,Word51 Word794,2018-04-01,Word563 Word580 Word581 Word232,NoDoc
Word97 Word91 Word4 Word5,18-10098,2000.0,Word797 Word190,2018-09-30,Word563 Word564 Word9 Word26,NoDoc
Word286 Word287 Word288 Word39,51418061105,3150.0,Word1457 Word1170,2018-07-31,Word560 Word561 Word366 Word562,Doc1
Word85 Word86 Word87 Word5 Word88 Word16 Word17 Word3 Word7,65628,317.0,Word973 Word650 Word974 Word84,2018-02-01,Word563 Word580 Word581 Word232,NoDoc
Word19 Word20 Word21 Word22 Word23 Word5,14084,72.82,Word1325 Word575,2018-04-30,Word563 Word575,NoDoc
Word16 Word17 Word18 Word7,VO617,200.0,Word785 Word330 Word99 Word26,2018-07-31,Word567 Word568 Word569 Word570,Doc1
Word96 Word3 Word4 Word5,72152,2750.0,Word1587 Word797,2018-04-30,Word563 Word366 Word562,NoDoc
Word111 Word112 Word91 Word107 Word7,26994,11040.0,Word777 Word45 Word871 Word45 Word1190,2018-02-01,Word567 Word582 Word107,Doc1
Word203 Word204 Word4 Word31,OUU002459,3000.0,Word45 Word699 Word757 Word1528 Word592,2018-11-30,Word567 Word582 Word366 Word562,Doc1
Word382 Word132 Word155 Word5,20180915,15680.0,Word13 Word794,2018-10-31,Word567 Word582 Word107,Doc1
Word78 Word79 Word11 Word5,E063018-06,384.0,Word845 Word866 Word911 Word1445 Word659,2018-08-31,Word563 Word564 Word9 Word26,NoDoc
Word156 Word157 Word7,1573256,426.66,Word1322 Word319 Word1257,2017-12-01,Word563 Word121 Word579,NoDoc
Word30 Word31,660770,1190.0,Word797 Word190,2018-08-31,Word52 Word330 Word566,NoDoc
Word113 Word114 Word115 Word7,149202,9976.25,Word578 Word791,2018-08-31,Word52 Word330 Word566,NoDoc
Word96 Word3 Word4 Word5,88359,270.0,Word123 Word190,2018-08-31,Word563 Word564 Word9 Word26,NoDoc
Word85 Word86 Word87 Word5 Word88 Word16 Word17 Word3 Word7,65937,315.0,Word575,2018-04-30,Word567 Word366 Word562,Doc1
Word16 Word17 Word18 Word7,2905,280.8,Word885 Word784 Word785,2018-01-01,Word563 Word564 Word9 Word26,NoDoc
Word16 Word17 Word18 Word7,4417,1329.6,Word783 Word784 Word785,2018-04-01,Word563 Word564 Word9 Word26,NoDoc
Word116 Word117 Word118 Word119 Word7,153749,13827.95,Word562,2018-11-30,Word563 Word575,NoDoc
Word16 Word17 Word18 Word7,IE293,2520.0,Word785 Word330 Word99 Word764 Word780,2018-07-31,Word567 Word568 Word569 Word570,Doc1
Word19 Word20 Word21 Word22 Word23 Word5,10880,523.53,Word575,2017-12-01,Word563 Word575,NoDoc
Word137 Word138 Word7,BDVK4813,1680.0,Word1712 Word835 Word905 Word791,2018-04-01,Word563 Word359,NoDoc
Word48 Word3 Word4 Word5,IN20184067,390.0,Word1542 Word99 Word798 Word799,2018-11-30,Word563 Word564 Word9 Word26,NoDoc
Word326 Word327,JQOANREGY081618,1465.08,Word613 Word781 Word1304,2018-08-31,Word571 Word52 Word594 Word696,NoDoc
Word16 Word17 Word18 Word7,3227,1068.0,Word330 Word99 Word764 Word61,2018-02-01,Word563 Word564 Word9 Word26,NoDoc
Word85 Word86 Word87 Word5 Word88 Word16 Word17 Word3 Word7,64549,315.0,Word994 Word278,2017-12-01,Word563 Word580 Word581 Word232,NoDoc
Word80 Word3 Word4,Z157003,26350.0,Word895 Word1086 Word45 Word1086 Word981,2018-10-31,Word563 Word366 Word562,NoDoc
Word78 Word79 Word11 Word5,L043018-11,48.0,Word330 Word99 Word26,2018-06-30,Word563 Word564 Word9 Word26,NoDoc
Word44 Word45 Word46,201806-00045,2829197.98,Word845 Word835 Word46,2018-07-31,Word563 Word132 Word610,NoDoc
Word16 Word17 Word18 Word7,LG1626,360.0,Word338 Word885 Word784 Word948 Word764 Word780,2018-10-31,Word563 Word564 Word9 Word26,NoDoc
Word42 Word43 Word5,8229,1510.0,Word562,2018-07-31,Word563 Word580 Word581 Word232,NoDoc
Word19 Word20 Word21 Word22 Word23 Word5,20028,463.02,Word575 Word490 Word932,2018-11-30,Word563 Word575,NoDoc
Word256 Word4 Word5,949,15600.0,Word846 Word791,2018-04-01,Word567 Word582 Word107,Doc1
Word54 Word3 Word4,OIW69879,420.0,Word797 Word190,2018-10-31,Word563 Word564 Word9 Word26,NoDoc
Word96 Word3 Word4 Word5,90469,1600.0,Word797 Word190,2018-09-30,Word563 Word132 Word610,NoDoc
Word179 Word180 Word181 Word182,ISQBU080118,44473.31,Word330 Word1004 Word1005 Word980 Word45 Word981 Word808,2018-08-31,Word571 Word52 Word669 Word573 Word21 Word670,NoDoc
Word54 Word3 Word4,NPH52465,12720.0,Word797 Word809 Word26,2018-01-01,Word563 Word564 Word9 Word26,NoDoc
Word179 Word180 Word181 Word182,WCTPF080118-TSL,-44473.31,Word979 Word836 Word980 Word45 Word981 Word808,2018-08-31,Word571 Word52 Word636 Word372 Word575 Word613,NoDoc
Word44 Word45 Word46,201811-00046,8799523.59,Word807 Word808 Word46,2018-12-31,Word560 Word561 Word740 Word741,Doc1
Word286 Word485 Word4 Word5,7153,1700.0,Word738 Word1886,2018-05-31,Word560 Word561 Word366 Word562,Doc1
Word281 Word282 Word283 Word4 Word5,40148EEA,6960.0,Word185 Word283,2018-12-31,Word613 Word99 Word614 Word282 Word283 Word580,Doc2
Word16 Word17 Word18 Word7,5187,967.2,Word885 Word784 Word785,2018-05-31,Word567 Word568 Word569 Word570,Doc1
Word16 Word17 Word18 Word7,OR123,360.0,Word794 Word1403,2018-05-31,Word563 Word580 Word581 Word232,NoDoc
Word38 Word4 Word39,41513242,18500.0,Word1021 Word1022 Word659,2018-07-31,Word563 Word121 Word579,NoDoc
Word38 Word4 Word39,41502187,8951.55,Word1021 Word1747 Word659,2018-06-30,Word563 Word121 Word579,NoDoc
Word16 Word17 Word18 Word7,1810,756.0,Word1014 Word784 Word785,2018-01-01,Word563 Word564 Word9 Word26,NoDoc
Word85 Word86 Word87 Word5 Word88 Word16 Word17 Word3 Word7,65350,157.52,,2018-02-01,Word563 Word580 Word581 Word232,NoDoc
Word16 Word17 Word18 Word7,6989,961.2,Word959 Word784 Word785,2018-05-31,Word563 Word564 Word9 Word26,NoDoc
Word19 Word20 Word21 Word22 Word23 Word5,19475,784.63,Word575 Word1864 Word1865,2018-10-31,Word563 Word575,NoDoc
Word96 Word3 Word4 Word5,84737,2295.0,Word797 Word190,2018-07-31,Word563 Word564 Word9 Word26,NoDoc
Word224 Word3 Word4 Word5,MS51-23955,807.5,Word338 Word330 Word99 Word764 Word61,2018-02-01,Word563 Word564 Word9 Word26,NoDoc
Word38 Word4 Word39,41477043,9935.52,Word1021 Word1022 Word794,2018-03-01,Word563 Word121 Word579,NoDoc
Word8 Word9 Word10 Word11 Word5,4.80U+11,516.0,Word779 Word258 Word26,2017-12-01,Word567 Word568 Word569 Word570,Doc1
Word116 Word117 Word118 Word119 Word7,155106,653.17,Word562 Word998,2018-10-31,Word563 Word580 Word581 Word232,NoDoc
Word58 Word3 Word4 Word5,13142,345.0,Word1108 Word1109,2018-07-31,Word563 Word366 Word562,NoDoc
Word16 Word17 Word18 Word7,IG422,200.0,Word330 Word99 Word764 Word26,2018-06-30,Word563 Word564 Word9 Word26,NoDoc
Word33 Word34 Word35 Word7,108644-1046,6818.24,Word562,2018-07-31,Word563 Word366 Word56 Word4,NoDoc
Word96 Word3 Word4 Word5,66082,15660.0,Word123 Word190,2018-03-01,Word563 Word564 Word9 Word26,NoDoc
Word162 Word7,RQV28QGU18,11200.0,Word13 Word794,2018-11-30,Word52 Word330 Word566,NoDoc
Word44 Word45 Word46,201811-00046,8799523.59,Word807 Word808 Word46,2018-12-31,Word563 Word359,NoDoc
Word16 Word17 Word18 Word7,JA1094,6300.0,Word926 Word784 Word785,2018-08-31,Word563 Word564 Word9 Word26,NoDoc
Word54 Word3 Word4,YOE53710,337.5,Word797 Word190 Word99 Word602,2018-01-01,Word563 Word132 Word610,NoDoc
Word219 Word220 Word34 Word5,1017,58141.24,Word846 Word791 Word45 Word45 Word45 Word981,2018-02-01,Word560 Word611 Word603 Word604 Word605 Word606,Doc1
Word19 Word20 Word21 Word22 Word23 Word5,14122,545.89,Word929 Word1288 Word932 Word1289,2018-04-30,Word563 Word575,NoDoc
Word42 Word43 Word5,8502,2375.0,Word1283 Word1284,2018-10-31,Word563 Word366 Word562,NoDoc
Word160 Word161 Word61 Word45 Word39,1211-5,195.0,Word956 Word784,2018-11-30,Word563 Word564 Word9 Word26,NoDoc
Word30 Word31,659972,3442.5,Word797 Word190,2018-06-30,Word560 Word611 Word603 Word604 Word605 Word606,Doc1
Word160 Word161 Word61 Word45 Word39,1244-4,325.0,Word934 Word784 Word935,2018-12-31,Word563 Word564 Word9 Word26,NoDoc
Word113 Word114 Word115 Word7,146560,617.5,Word578 Word991,2018-05-31,Word567 Word366 Word562,Doc1
Word19 Word20 Word21 Word22 Word23 Word5,19287,379.54,Word633 Word575,2018-10-31,Word563 Word575,NoDoc
Word85 Word86 Word87 Word5 Word88 Word16 Word17 Word3 Word7,65805,315.0,Word899 Word605,2018-03-01,Word563 Word580 Word581 Word232,NoDoc
Word16 Word17 Word18 Word7,HK113,450.0,Word785 Word650,2018-05-31,Word563 Word564 Word9 Word26,NoDoc
Word122 Word123 Word21 Word124 Word5,TXO21976,10800.0,Word826 Word785,2018-10-31,Word567 Word568 Word569 Word570,Doc1
Word89 Word44 Word5,66635383,17984.0,Word644,2018-05-31,Word563 Word608 Word609,NoDoc
Word96 Word3 Word4 Word5,57327,280.0,Word564 Word9 Word26,2017-12-01,Word563 Word564 Word9 Word26,NoDoc
Word16 Word17 Word18 Word7,3072,456.3,Word785 Word330 Word99 Word764 Word61,2018-02-01,Word563 Word564 Word9 Word26,NoDoc
Word6 Word7,10749,3500.0,Word1157 Word1060 Word666 Word1547,2018-08-31,Word52 Word330 Word566,NoDoc
Word16 Word17 Word18 Word7,IH1666,5040.0,Word879 Word785,2018-10-31,Word563 Word564 Word9 Word26,NoDoc
Word38 Word4 Word39,41469154,3500.0,Word1021 Word1131 Word659,2017-12-01,Word563 Word121 Word579,NoDoc
Word16 Word17 Word18 Word7,3202,1072.8,Word330 Word99 Word764 Word61,2018-02-01,Word563 Word564 Word9 Word26,NoDoc
Word44 Word45 Word46,201811-00046,8799523.59,Word807 Word808 Word46,2018-12-31,Word567 Word582 Word250,Doc1
Word30 Word31,649154,637.0,Word826 Word780,2018-04-01,Word563 Word564 Word9 Word26,NoDoc
Word36 Word37 Word29,2284773,619.5,Word1451,2018-10-31,Word567 Word582 Word366 Word562,Doc1
Word59 Word60 Word61 Word5,1258,330.0,Word1215 Word785,2018-11-30,Word563 Word564 Word9 Word26,NoDoc
Word8 Word9 Word10 Word11 Word5,4.80J+11,309.6,Word569 Word26,2018-06-30,Word563 Word564 Word9 Word26,NoDoc
Word30 Word31,658769,236.0,Word61,2018-05-31,Word563 Word564 Word9 Word26,NoDoc
Word16 Word17 Word3 Word7,71726,814.5,Word832 Word190,2018-08-31,Word563 Word366 Word562,NoDoc
Word224 Word3 Word4 Word5,TX51-23987,653.0,Word338 Word569,2018-03-01,Word563 Word564 Word9 Word26,NoDoc
Word134 Word61 Word45 Word39,FEM2017UXZPPIFR,50915.25,Word689 Word780 Word807 Word830,2018-01-01,Word563 Word564 Word9 Word26,NoDoc
Word254 Word255 Word5,2983,29070.0,Word1628 Word1785 Word1786,2018-03-01,Word567 Word650 Word9 Word255,Doc1
Word8 Word9 Word10 Word11 Word5,4.80X+11,318.2,Word60 Word99 Word780,2018-05-31,Word563 Word564 Word9 Word26,NoDoc
Word30 Word31,657546,2118.0,Word935 Word26,2018-05-31,Word563 Word564 Word9 Word26,NoDoc
Word16 Word17 Word3 Word7,71940,240.0,Word854 Word1827,2018-09-30,Word563 Word366 Word562,NoDoc
Word16 Word17 Word18 Word7,EB1265,360.0,Word800 Word1426,2018-09-30,Word563 Word564 Word9 Word26,NoDoc
Word30 Word31,661929,96.0,Word26 Word569,2018-06-30,Word563 Word564 Word9 Word26,NoDoc
Word85 Word86 Word87 Word5 Word88 Word16 Word17 Word3 Word7,65417,525.0,Word2052 Word1484,2018-02-01,Word563 Word580 Word581 Word232,NoDoc
Word41 Word125 Word34 Word5,4114,8638.0,Word569 Word702 Word772,2018-02-01,Word567 Word366 Word562,Doc1
Word33 Word34 Word35 Word7,108644-778,10890.72,Word562,2018-04-30,Word563 Word366 Word562,NoDoc
Word30 Word31,646970,42.0,Word826 Word780,2018-03-01,Word563 Word564 Word9 Word26,NoDoc
Word109 Word61 Word7,148,11534.8,,2018-02-01,Word567 Word568 Word569 Word570,Doc1
Word16 Word17 Word18 Word7,3508,1281.6,Word785 Word330 Word99 Word764 Word26,2018-02-01,Word563 Word564 Word9 Word26,NoDoc
Word16 Word17 Word18 Word7,3912,2298.0,Word1453 Word784 Word785,2018-03-01,Word567 Word568 Word569 Word570,Doc1
Word16 Word17 Word18 Word7,JT2083,180.0,Word783 Word784 Word165 Word948,2018-11-30,Word563 Word564 Word9 Word26,NoDoc
Word8 Word9 Word10 Word11 Word5,4.80K+11,50.0,Word61,2018-04-01,Word563 Word564 Word9 Word26,NoDoc
Word16 Word17 Word18 Word7,UO852,2520.0,Word785 Word904,2018-08-31,Word563 Word564 Word9 Word26,NoDoc
Word8 Word9 Word10 Word11 Word5,4.80H+11,670.8,Word779 Word258 Word780,2017-12-01,Word567 Word568 Word569 Word570,Doc1
Word24 Word22 Word4 Word5,23196,340.0,Word800 Word1169 Word201 Word1622,2018-11-30,Word563 Word564 Word9 Word26,NoDoc
Word33 Word34 Word35 Word7,108644-829,3715.14,Word562,2018-05-31,Word563 Word366 Word56 Word4,NoDoc
Word285 Word204 Word103 Word7,2018-2053,30000.0,Word1970 Word1321 Word1318,2018-07-31,Word567 Word582 Word583 Word584 Word585 Word586,Doc1
Word113 Word114 Word115 Word7,142924,1105.0,Word578 Word791,2018-02-01,Word576 Word366 Word562,Doc3
Word30 Word31,654082,48.0,Word61,2018-05-31,Word563 Word564 Word9 Word26,NoDoc
Word30 Word31,682045,48.0,Word61,2018-11-30,Word563 Word564 Word9 Word26,NoDoc
Word38 Word4 Word39,41521288,4223.0,Word121 Word836,2018-09-30,Word563 Word121 Word579,NoDoc
Word30 Word31,668232,318.75,Word797 Word190,2018-07-31,Word563 Word564 Word9 Word26,NoDoc
Word33 Word34 Word35 Word7,108644-1058,5415.18,Word562,2018-07-31,Word563 Word366 Word56 Word4,NoDoc
Word16 Word17 Word18 Word7,4670,1468.8,Word959 Word784 Word785,2018-04-30,Word563 Word564 Word9 Word26,NoDoc
Word116 Word117 Word118 Word119 Word7,155939,129.0,Word562,2018-10-31,Word563 Word580 Word581 Word232,NoDoc
Word16 Word17 Word18 Word7,GN123,360.0,Word794 Word1403,2018-05-31,Word563 Word580 Word581 Word232,NoDoc
Word85 Word86 Word87 Word5 Word88 Word16 Word17 Word3 Word7,65947,315.0,Word1853 Word2088,2018-03-01,Word563 Word366 Word562,NoDoc
Word16 Word17 Word18 Word7,3405,540.0,Word1100 Word9 Word191,2018-03-01,Word563 Word580 Word581 Word232,NoDoc
Word85 Word86 Word87 Word5 Word88 Word16 Word17 Word3 Word7,65838,315.0,Word562,2018-03-01,Word563 Word366 Word562,NoDoc
Word16 Word17 Word3 Word7,70598,315.0,Word1331 Word1418 Word1315,2018-06-30,Word563 Word580 Word581 Word232,NoDoc
Word48 Word3 Word4 Word5,IR20181316,1260.0,Word877,2018-08-31,Word560 Word561 Word612,Doc1
Word96 Word3 Word4 Word5,61044,440.0,,2018-01-01,Word613 Word99 Word614 Word366 Word562,Doc2
Word30 Word31,656665,144.0,Word826 Word780,2018-04-30,Word563 Word564 Word9 Word26,NoDoc
Word90 Word91 Word92 Word7,113733,12731.25,Word592 Word856,2018-08-31,Word567 Word582 Word41 Word319,Doc1
Word16 Word17 Word18 Word7,WT198,540.0,Word132 Word255,2018-06-30,Word563 Word564 Word9 Word26,NoDoc
Word16 Word17 Word18 Word7,3105,898.8,Word330 Word99 Word764 Word61,2018-02-01,Word563 Word564 Word9 Word26,NoDoc
Word8 Word9 Word10 Word11 Word5,4.80P+11,2400.0,Word132 Word1183 Word642,2018-11-30,Word563 Word564 Word9 Word26,NoDoc
Word85 Word86 Word87 Word5 Word88 Word16 Word17 Word3 Word7,64832,315.0,Word1877 Word679,2017-12-01,Word563 Word580 Word581 Word232,NoDoc
Word42 Word43 Word5,8049,1667.5,Word562 Word1327 Word190,2018-05-31,Word563 Word580 Word581 Word232,NoDoc
Word42 Word43 Word5,8312,6000.0,Word1236 Word773 Word774,2018-08-31,Word563 Word580 Word581 Word232,NoDoc
Word16 Word17 Word18 Word7,BC843,7560.0,Word1497 Word784 Word785,2018-07-31,Word567 Word568 Word569 Word570,Doc1
Word54 Word3 Word4,NWQ49440,572.0,,2018-01-01,Word563 Word629 Word581 Word232,NoDoc
Word38 Word4 Word39,41492506,4223.0,Word1021 Word1386 Word659,2018-05-31,Word563 Word121 Word579,NoDoc
Word212 Word213 Word214 Word125 Word119 Word39,76335,237.5,Word1018 Word190,2018-06-30,Word613 Word99 Word614 Word366 Word562,Doc2
Word96 Word3 Word4 Word5,80314,270.0,Word132 Word255,2018-06-30,Word563 Word132 Word610,NoDoc
Word113 Word114 Word115 Word7,144861,807.5,Word578 Word791,2018-04-30,Word560 Word561 Word366 Word562,Doc1
Word272 Word29 Word5,YZ-2017122,734.0,Word706,2018-02-01,Word739 Word706,NoDoc
Word44 Word45 Word46,201811-00046,8799523.59,Word807 Word808 Word46,2018-12-31,Word563 Word366 Word562,NoDoc
Word8 Word9 Word10 Word11 Word5,4.80P+11,1006.2,Word61,2018-10-31,Word563 Word564 Word9 Word26,NoDoc
Word16 Word17 Word3 Word7,71314,216.0,Word1482 Word1122 Word679,2018-10-31,Word563 Word366 Word562,NoDoc
Word16 Word17 Word18 Word7,CL1095,2520.0,Word884 Word784 Word785,2018-08-31,Word563 Word564 Word9 Word26,NoDoc
Word16 Word17 Word18 Word7,1813,140.4,Word785 Word330 Word99 Word26,2017-12-01,Word563 Word564 Word9 Word26,NoDoc
Word16 Word17 Word18 Word7,3109,1293.0,,2018-02-01,Word563 Word564 Word9 Word26,NoDoc
Word74 Word75 Word44 Word5,PPA00128,269111.58,Word840 Word841 Word842 Word843,2016-10-01,Word563 Word600 Word601 Word602,NoDoc
Word223 Word60 Word65 Word4 Word7,3708,650.0,Word99 Word1330 Word1823,2018-09-30,Word560 Word561 Word593 Word578 Word65,Doc1
Word16 Word17 Word18 Word7,BN1183,1260.0,Word785 Word60 Word99 Word764 Word26,2018-08-31,Word563 Word564 Word9 Word26,NoDoc
Word76 Word77 Word5,52025857,11200.0,Word846 Word791 Word45 Word847,2018-02-01,Word560 Word561 Word107,Doc1
Word212 Word213 Word214 Word125 Word119 Word39,74211,170.0,Word1018 Word190 Word1403,2018-01-01,Word563 Word608 Word609,NoDoc
Word153 Word154 Word109 Word155 Word31,040218OKGPKHONVMJSMPH,11846.58,Word927,2018-05-31,Word563 Word564 Word9 Word26,NoDoc
Word96 Word3 Word4 Word5,90006,200.0,Word123 Word190,2018-09-30,Word563 Word564 Word9 Word26,NoDoc
Word106 Word107 Word7,81905-12,2875.0,Word1097 Word791,2018-03-01,Word588 Word451 Word545,Doc1
Word54 Word3 Word4,EGB52390,862.5,,2018-01-01,Word563 Word564 Word9 Word26,NoDoc
Word8 Word9 Word10 Word11 Word5,4.80U+11,167.7,Word929,2018-05-31,Word563 Word564 Word9 Word26,NoDoc
Word16 Word17 Word3 Word7,70884,1200.0,Word562,2018-06-30,Word563 Word564 Word9 Word26,NoDoc
Word101 Word102 Word103 Word7,112949,71500.0,Word861 Word1130 Word931 Word656,2018-07-31,Word588 Word568 Word451 Word545,Doc1
Word16 Word17 Word18 Word7,GT559,600.0,Word255 Word791,2018-07-31,Word563 Word564 Word9 Word26,NoDoc
Word85 Word86 Word87 Word5 Word88 Word16 Word17 Word3 Word7,64823,210.0,Word944 Word945,2017-12-01,Word563 Word580 Word581 Word232,NoDoc
Word38 Word4 Word39,41507020,22000.0,Word1171 Word1107 Word794 Word659 Word1295,2018-07-31,Word563 Word121 Word579,NoDoc
Word16 Word17 Word18 Word7,YO2044,1260.0,Word1379 Word785,2018-11-30,Word563 Word564 Word9 Word26,NoDoc
Word54 Word3 Word4,CUY66934,297.5,Word123 Word190,2018-10-31,Word563 Word132 Word610,NoDoc
Word40 Word41 Word4 Word5,2224,4150.0,Word802 Word278,2018-09-30,Word567 Word582 Word366 Word562,Doc1
Word16 Word17 Word18 Word7,RI106,180.0,Word1498 Word9,2018-05-31,Word563 Word580 Word581 Word232,NoDoc
Word1 Word2 Word3 Word4 Word5,44914282,5850.0,Word794 Word1716,2018-10-31,Word52 Word330 Word566,NoDoc
Word33 Word34 Word35 Word7,108644-1230,6079.32,Word562,2018-09-30,Word563 Word366 Word56 Word4,NoDoc
Word16 Word17 Word18 Word7,HQ116,135.0,Word255 Word791,2018-05-31,Word563 Word564 Word9 Word26,NoDoc
Word85 Word86 Word87 Word5 Word88 Word16 Word17 Word3 Word7,64624,210.0,Word1326 Word805 Word1375,2017-12-01,Word563 Word580 Word581 Word232,NoDoc
Word38 Word4 Word39,41519431,22000.0,Word1171 Word1107 Word794 Word659 Word1200,2018-10-31,Word563 Word121 Word579,NoDoc
Word16 Word17 Word18 Word7,VN593,200.0,Word783 Word784 Word785,2018-07-31,Word567 Word568 Word569 Word570,Doc1
Word210 Word211 Word5,2209,1286.9,Word1017 Word190 Word562,2018-08-31,Word563 Word615 Word211,NoDoc
Word70 Word47 Word71 Word72 Word7,282102,12485.51,Word909 Word830 Word45 Word808,2018-02-01,Word563 Word598 Word71,NoDoc
Word8 Word9 Word10 Word11 Word5,4.80F+11,60.0,Word783 Word784 Word568,2018-10-31,Word563 Word564 Word9 Word26,NoDoc
Word62 Word63 Word18 Word7,213281P,400.0,Word1100 Word330 Word99 Word1072,2018-03-01,Word563 Word132 Word610,NoDoc
Word59 Word60 Word61 Word5,847,54.0,Word780 Word783 Word784 Word826,2018-01-01,Word563 Word564 Word9 Word26,NoDoc
Word341 Word181 Word7,UJEJECKU101918,15074.07,Word1344 Word1077,2018-10-31,Word571 Word52 Word639 Word579,NoDoc
Word8 Word9 Word10 Word11 Word5,4.80P+11,108.0,Word330 Word99 Word26,2018-11-30,Word563 Word564 Word9 Word26,NoDoc
Word160 Word161 Word61 Word45 Word39,1214-7,1470.0,Word61,2018-11-30,Word563 Word564 Word9 Word26,NoDoc
Word73 Word4 Word5,1804165,194.01,Word633 Word115,2018-07-31,Word563 Word615 Word211,NoDoc
Word16 Word17 Word18 Word7,4613,1396.8,Word959 Word784 Word785,2018-04-01,Word563 Word564 Word9 Word26,NoDoc
Word96 Word3 Word4 Word5,64186,180.0,Word132 Word255,2018-02-01,Word563 Word132 Word610,NoDoc
Word179 Word180 Word181 Word182,UOKIL080118,44473.31,Word330 Word1004 Word1005 Word980 Word45 Word981 Word808,2018-08-31,Word571 Word52 Word646 Word633 Word579,NoDoc
Word33 Word34 Word35 Word7,108644-629,6652.8,Word562,2018-02-01,Word563 Word366 Word562,NoDoc
Word300 Word258 Word301 Word302 Word303,GEGJIU111318X,250.0,Word1222 Word745,2018-11-30,Word563 Word646 Word609,NoDoc
Word505 Word506 Word128,SV0132190190,10110.0,Word1925 Word1926 Word1927 Word2060,2018-12-31,Word571 Word52 Word743 Word21 Word744 Word745,NoDoc
Word33 Word34 Word35 Word7,108644-1438,2795.79,Word229 Word1324,2018-11-30,Word563 Word366 Word56 Word4,NoDoc
Word186 Word4 Word5,10069,47500.0,Word580 Word1260 Word791,2018-07-31,Word52 Word330 Word566,NoDoc
Word179 Word180 Word181 Word182,ACDCH080118,44473.31,Word330 Word1004 Word1005 Word980 Word45 Word981 Word808,2018-08-31,Word571 Word52 Word457 Word635 Word232,NoDoc
Word16 Word17 Word18 Word7,3031,982.8,Word785 Word330 Word99 Word764 Word61,2018-02-01,Word563 Word564 Word9 Word26,NoDoc
Word113 Word114 Word115 Word7,147668,2507.5,Word578 Word791,2018-07-31,Word560 Word561 Word709 Word710 Word338 Word678 Word711,Doc1
Word96 Word3 Word4 Word5,63334,750.0,Word797 Word809 Word9,2018-01-01,Word613 Word99 Word614 Word644 Word751,Doc2
Word83 Word84 Word44 Word7,21418-3-1,2017.31,Word850 Word853,2018-06-30,Word563 Word366 Word562,NoDoc
Word16 Word17 Word3 Word7,71359,540.0,Word837 Word1623 Word1599,2018-10-31,Word563 Word366 Word562,NoDoc
Word16 Word17 Word18 Word7,3980,1239.6,Word783 Word784 Word785,2018-04-01,Word563 Word564 Word9 Word26,NoDoc
Word413 Word292 Word4 Word5,31857,225.0,Word292 Word791,2018-04-01,Word565 Word566,NoDoc
Word205 Word206 Word207 Word39,19057,1096.84,Word681 Word1888,2018-02-01,Word571 Word52 Word372 Word579,NoDoc
Word162 Word7,IAW29AQH18,11200.0,Word582 Word908,2018-08-31,Word567 Word582 Word107,Doc1
Word85 Word86 Word87 Word5 Word88 Word16 Word17 Word3 Word7,64800,157.52,Word1258 Word945,2017-12-01,Word563 Word580 Word581 Word232,NoDoc
Word8 Word9 Word10 Word11 Word5,480-9293-020,312.0,Word1102 Word784 Word785,2018-03-01,Word567 Word569 Word570,Doc1
Word116 Word117 Word118 Word119 Word7,145161,1374.52,Word51 Word985 Word562,2018-03-01,Word563 Word580 Word581 Word232,NoDoc
Word33 Word34 Word35 Word7,108644-1352,6731.82,Word1619 Word602 Word694 Word160 Word694 Word1463,2018-10-31,Word563 Word366 Word56 Word4,NoDoc
Word47 Word3 Word4 Word39,2018012956,339.5,Word123 Word190,2018-06-30,Word563 Word564 Word9 Word26,NoDoc
Word50 Word51 Word4 Word5,1610,2975.0,Word202 Word757 Word201,2018-11-30,Word567 Word582 Word580 Word202 Word545,Doc1
Word44 Word45 Word46,201811-00046,8799523.59,Word807 Word808 Word46,2018-12-31,Word563 Word564 Word9 Word26,NoDoc
Word8 Word9 Word10 Word11 Word5,4.80I+11,5108.4,Word2105 Word784 Word978 Word884 Word330,2018-02-01,Word563 Word564 Word9 Word26,NoDoc
Word74 Word75 Word44 Word5,KWK00128,-269111.58,Word840 Word841 Word842 Word843,2018-03-01,Word563 Word600 Word601 Word602,NoDoc
Word44 Word45 Word46,201806-00045,2829197.98,Word845 Word835 Word46,2018-07-31,Word560 Word561 Word620 Word202 Word592,Doc1
Word140 Word3 Word34,30001,18090.0,Word13 Word794,2018-10-31,Word52 Word330 Word566,NoDoc
Word85 Word86 Word87 Word5 Word88 Word16 Word17 Word3 Word7,64759,52.52,Word562 Word1569 Word789 Word1386,2017-12-01,Word563 Word580 Word581 Word232,NoDoc
Word277 Word278 Word23 Word44,53577,1997.5,Word562,2018-04-30,Word613 Word99 Word614 Word693 Word319,Doc2
Word30 Word31,646207,117.0,Word826 Word780,2018-03-01,Word563 Word564 Word9 Word26,NoDoc
Word134 Word214 Word4 Word5,0075578-DY,1695.0,Word578,2018-01-01,Word563 Word580 Word581 Word232,NoDoc
Word273 Word61,504,214.5,Word61,2018-10-31,Word563 Word564 Word9 Word26,NoDoc
Word186 Word4 Word5,10060,7700.0,Word1954 Word1469,2018-08-31,Word52 Word330 Word566,NoDoc
Word47 Word339 Word229 Word340 Word7,17-20402,43.7,Word1340 Word745 Word1019 Word1020,2018-01-01,Word563 Word598 Word71,NoDoc
Word55 Word56 Word57 Word5,52512,30390.95,Word56 Word791,2018-06-30,Word560 Word561 Word716 Word717 Word718,Doc1
Word38 Word4 Word39,41509482,3862.5,Word792 Word1022 Word659,2018-07-31,Word563 Word121 Word579,NoDoc
Word139 Word3 Word4 Word7,15917,32995.59,Word1554 Word214 Word654,2018-06-30,Word576 Word589 Word590 Word591 Word592,Doc3
Word156 Word157 Word7,1719745CLXE,43.3,Word957 Word319,2018-10-31,Word563 Word366 Word562,NoDoc
Word44 Word45 Word46,201805-00053-YJ0,2570126.23,Word834 Word835 Word46,2018-06-30,Word563 Word660,NoDoc
Word33 Word34 Word35 Word7,108644-1385,3503.94,Word602 Word52 Word694 Word160 Word694 Word1094,2018-10-31,Word563 Word366 Word56 Word4,NoDoc
Word113 Word114 Word115 Word7,141474,14250.0,Word578 Word791,2018-01-01,Word560 Word561 Word612,Doc1
Word33 Word34 Word35 Word7,108644-1348,339.12,Word353 Word1781,2018-10-31,Word563 Word366 Word56 Word4,NoDoc
Word42 Word43 Word5,8519,380.0,Word1283 Word1284,2018-10-31,Word563 Word366 Word562,NoDoc
Word41 Word125 Word34 Word5,231,9120.0,Word278 Word772 Word602 Word889,2018-02-01,Word567 Word582 Word583 Word584 Word585 Word586,Doc1
Word85 Word86 Word87 Word5 Word88 Word16 Word17 Word3 Word7,65742,630.0,Word562,2018-03-01,Word563 Word580 Word581 Word232,NoDoc
Word16 Word17 Word18 Word7,GL470,400.0,Word330 Word99 Word764 Word780,2018-06-30,Word567 Word568 Word569 Word570,Doc1
Word219 Word220 Word34 Word5,1021,36420.8,Word846 Word991 Word695 Word45 Word981 Word808,2018-06-30,Word563 Word220,NoDoc
Word96 Word3 Word4 Word5,57575,360.0,Word305 Word132 Word190,2017-12-01,Word563 Word132 Word610,NoDoc
Word246 Word247 Word248 Word128,484703,74876.43,Word890 Word1976 Word1977,2018-08-31,Word571 Word52 Word618 Word619 Word13,NoDoc
Word32 Word3 Word4 Word7,2140001027,19375.0,Word788 Word789 Word790,2018-05-31,Word560 Word561 Word551 Word4,Doc1
Word38 Word4 Word39,41524465,3500.0,Word121 Word836,2018-09-30,Word563 Word121 Word579,NoDoc
Word6 Word7,10495Z,1125.0,Word511 Word1145,2018-06-30,Word567 Word582 Word366 Word562,Doc1
Word96 Word3 Word4 Word5,72349,720.0,Word797 Word190,2018-04-30,Word563 Word564 Word9 Word26,NoDoc
Word111 Word112 Word91 Word107 Word7,27062,11946.0,Word846 Word791,2018-05-31,Word567 Word582 Word107,Doc1
Word42 Word43 Word5,8503,380.0,Word1283 Word1284,2018-11-30,Word560 Word611 Word603 Word604 Word605 Word606,Doc1
Word108 Word109 Word45 Word5,1152,55318.5,Word826 Word780,2018-02-01,Word563 Word564 Word9 Word26,NoDoc
Word16 Word17 Word18 Word7,DO1699,3780.0,Word1414 Word785,2018-10-31,Word563 Word564 Word9 Word26,NoDoc
Word16 Word17 Word18 Word7,3176,1221.4,Word785 Word330 Word99 Word764 Word26,2018-02-01,Word563 Word564 Word9 Word26,NoDoc
Word8 Word9 Word10 Word11 Word5,4.80J+11,94.6,Word1409 Word784 Word785,2018-03-01,Word563 Word564 Word9 Word26,NoDoc
Word48 Word3 Word4 Word5,CQ20183488,52.0,Word61,2018-10-31,Word563 Word564 Word9 Word26,NoDoc
Word16 Word17 Word18 Word7,PI502,2800.0,Word785 Word330 Word99 Word764 Word26,2018-06-30,Word563 Word564 Word9 Word26,NoDoc
Word16 Word17 Word18 Word7,3132,1203.0,Word785 Word330 Word99 Word764 Word61,2018-02-01,Word563 Word564 Word9 Word26,NoDoc
Word8 Word9 Word10 Word11 Word5,4.80T+11,51.6,Word330 Word99 Word764 Word26,2018-06-30,Word567 Word568 Word569 Word570,Doc1
Word8 Word9 Word10 Word11 Word5,4809930014,114.0,Word2083 Word784 Word785,2018-03-01,Word563 Word564 Word9 Word26,NoDoc
Word16 Word17 Word18 Word7,EF1837,1260.0,Word338 Word1215 Word764 Word26,2018-10-31,Word563 Word564 Word9 Word26,NoDoc
Word113 Word114 Word115 Word7,141722,807.5,Word578 Word791,2018-02-01,Word560 Word561 Word612,Doc1
Word286 Word287 Word288 Word39,51218042719,13175.0,Word1695 Word26,2018-06-30,Word560 Word561 Word612,Doc1
Word116 Word117 Word118 Word119 Word7,152764,576.0,Word51 Word791 Word562,2018-06-30,Word563 Word580 Word581 Word232,NoDoc
Word177 Word178 Word147 Word7,237OBB,3290.0,Word820 Word802 Word1804,2018-07-31,Word576 Word705 Word706,Doc3
Word8 Word9 Word10 Word11 Word5,4.80U+11,45.0,Word2049 Word776,2018-10-31,Word563 Word564 Word9 Word26,NoDoc
Word8 Word9 Word10 Word11 Word5,4.80U+11,34.4,Word564 Word9 Word26,2017-12-01,Word563 Word564 Word9 Word26,NoDoc
Word48 Word3 Word4 Word5,FO20182357,420.0,Word132 Word878 Word642,2018-11-30,Word563 Word564 Word9 Word26,NoDoc
Word19 Word20 Word21 Word22 Word23 Word5,16419,28.32,Word812,2018-08-31,Word576 Word115 Word575,Doc3
Word16 Word17 Word18 Word7,3375,410.4,Word783 Word784 Word785,2018-05-31,Word563 Word564 Word9 Word26,NoDoc
Word16 Word17 Word18 Word7,3141,1304.4,Word924 Word784 Word785,2018-03-01,Word563 Word564 Word9 Word26,NoDoc
Word96 Word3 Word4 Word5,88357,900.0,Word123 Word190,2018-08-31,Word563 Word132 Word610,NoDoc
Word96 Word3 Word4 Word5,62007,300.0,Word305 Word132 Word190,2018-01-01,Word563 Word608 Word609,NoDoc
Word80 Word3 Word4,M150240,65671.29,Word592 Word562,2018-10-31,Word567 Word568 Word569 Word295,Doc1
Word33 Word34 Word35 Word7,108644-923,3715.14,Word59 Word2035 Word699 Word980 Word699 Word716,2018-05-31,Word563 Word366 Word56 Word4,NoDoc
Word101 Word102 Word103 Word7,111361,10327.4,Word562 Word1388,2018-04-01,Word576 Word366 Word562,Doc3
Word101 Word102 Word103 Word7,111035,3300.0,Word115,2018-02-01,Word565 Word566,NoDoc
Word33 Word34 Word35 Word7,108644-1044,4557.96,Word562,2018-07-31,Word563 Word366 Word56 Word4,NoDoc
Word16 Word17 Word18 Word7,2848,304.2,,2018-01-01,Word563 Word564 Word9 Word26,NoDoc
Word96 Word3 Word4 Word5,75515,7740.0,Word123 Word190,2018-03-01,Word563 Word564 Word9 Word26,NoDoc
Word263 Word264 Word61 Word5,HI-2479,625.05,Word599 Word191,2018-10-31,Word563 Word564 Word9 Word26,NoDoc
Word19 Word20 Word21 Word22 Word23 Word5,13320,777.27,Word868,2018-03-01,Word563 Word575,NoDoc
Word30 Word31,647020,731.5,Word123 Word190,2018-03-01,Word563 Word132 Word610,NoDoc
Word376 Word377 Word44,100057881,16120.0,Word13 Word4,2018-02-01,Word567 Word582 Word107,Doc1
Word42 Word43 Word5,7868,870.0,Word804 Word805 Word806,2018-04-01,Word563 Word580 Word581 Word232,NoDoc
Word16 Word17 Word18 Word7,OS110,360.0,Word1013,2018-05-31,Word563 Word564 Word9 Word26,NoDoc
Word16 Word17 Word18 Word7,6999,961.2,Word959 Word784 Word785,2018-05-31,Word563 Word564 Word9 Word26,NoDoc
Word19 Word20 Word21 Word22 Word23 Word5,16312,82.5,Word1655 Word1655 Word1656,2018-07-31,Word563 Word575,NoDoc
Word16 Word17 Word18 Word7,TX1661,5040.0,Word1803 Word784 Word764 Word26,2018-10-31,Word563 Word564 Word9 Word26,NoDoc
Word8 Word9 Word10 Word11 Word5,4.80W+11,125.0,Word1660 Word577 Word877,2018-05-31,Word563 Word564 Word9 Word26,NoDoc
Word6 Word7,10660,520.0,Word780 Word1206 Word806 Word1316,2018-08-31,Word560 Word561 Word580 Word202 Word545,Doc1
Word299 Word237 Word7,31670,31287.5,Word949 Word991 Word700 Word909 Word808 Word808,2018-03-01,Word571 Word52 Word657 Word646 Word13,NoDoc
Word240 Word276 Word3 Word4 Word5,4873,77000.0,Word1717 Word1869,2018-03-01,Word560 Word611 Word603 Word604 Word605 Word606,Doc1
Word186 Word4 Word5,10905,12200.0,Word1432 Word1469,2018-08-31,Word560 Word561 Word685 Word686 Word687 Word688,Doc1
Word273 Word61,504,214.5,Word61,2018-10-31,Word563 Word564 Word9 Word26,NoDoc
Word36 Word37 Word29,2308646,1172.52,Word909 Word2067 Word2068,2018-11-30,Word52 Word330 Word566,NoDoc
Word85 Word86 Word87 Word5 Word88 Word16 Word17 Word3 Word7,65805,315.0,Word899 Word605,2018-03-01,Word563 Word580 Word581 Word232,NoDoc
Word16 Word17 Word18 Word7,3534,1383.0,Word61,2018-03-01,Word563 Word564 Word9 Word26,NoDoc
Word25 Word26,072518-11,52.0,Word9 Word785,2018-09-30,Word560 Word561 Word366 Word562,Doc1
Word16 Word17 Word18 Word7,6988,320.4,Word783 Word784 Word785,2018-05-31,Word563 Word564 Word9 Word26,NoDoc
Word284,8075,1155.0,Word900 Word805 Word806,2018-06-30,Word563 Word580 Word581 Word232,NoDoc
Word16 Word17 Word18 Word7,2193,140.4,,2018-01-01,Word563 Word564 Word9 Word26,NoDoc
Word8 Word9 Word10 Word11 Word5,4.80Q+11,2210.0,Word829 Word784 Word785,2018-09-30,Word563 Word564 Word9 Word26,NoDoc
Word30 Word31,660915,48.0,Word826 Word780,2018-05-31,Word563 Word564 Word9 Word26,NoDoc
Word16 Word17 Word18 Word7,4563,1219.2,Word885 Word784 Word785,2018-04-01,Word563 Word564 Word9 Word26,NoDoc
Word16 Word17 Word18 Word7,PA1276,9446.0,Word787 Word784 Word785,2018-09-30,Word567 Word568 Word569 Word570,Doc1
Word111 Word112 Word91 Word107 Word7,27003,12138.0,Word846 Word791 Word45 Word981 Word700 Word699,2018-02-01,Word567 Word582 Word107,Doc1
Word3 Word230 Word118 Word13 Word5,13149,21080.0,Word13 Word1086 Word1094 Word1086 Word1074,2018-10-31,Word567 Word582 Word107,Doc1
Word30 Word31,662051,2082.5,Word785 Word9,2018-06-30,Word560 Word611 Word603 Word604 Word605 Word606,Doc1
Word16 Word17 Word18 Word7,3056,432.0,Word785 Word330 Word99 Word764 Word61,2018-02-01,Word563 Word564 Word9 Word26,NoDoc
Word16 Word17 Word18 Word7,5165,961.2,Word959 Word784 Word785,2018-05-31,Word563 Word564 Word9 Word26,NoDoc
Word19 Word20 Word21 Word22 Word23 Word5,18395,97.79,Word575,2018-09-30,Word563 Word575,NoDoc
Word16 Word17 Word18 Word7,BG666,1260.0,Word785 Word330 Word99 Word764 Word780,2018-07-31,Word563 Word564 Word9 Word26,NoDoc
Word286 Word287 Word288 Word39,51418081448,3469.0,Word132 Word1183 Word1184,2018-10-31,Word560 Word561 Word612,Doc1
Word6 Word7,10607,925.0,Word1762 Word1852 Word1145,2018-08-31,Word560 Word611 Word603 Word604 Word605 Word606,Doc1
Word19 Word20 Word21 Word22 Word23 Word5,13240,122.08,Word1707 Word2119,2018-03-01,Word563 Word575,NoDoc
Word16 Word17 Word18 Word7,4424,1080.9,Word1348 Word784 Word785,2018-04-30,Word563 Word564 Word9 Word26,NoDoc
Word16 Word17 Word18 Word7,2958,944.4,Word785 Word61,2018-02-01,Word563 Word564 Word9 Word26,NoDoc
Word30 Word31,646206,234.0,Word61,2018-03-01,Word563 Word564 Word9 Word26,NoDoc
Word16 Word17 Word18 Word7,BI1989,1080.0,Word1033 Word785,2018-10-31,Word563 Word564 Word9 Word26,NoDoc
Word30 Word31,660098,240.0,Word61,2018-05-31,Word563 Word564 Word9 Word26,NoDoc
Word110 Word22 Word4 Word5,JD51-24462,255.0,Word1286 Word826 Word764 Word61,2018-04-01,Word563 Word564 Word9 Word26,NoDoc
Word30 Word31,678837,240.0,Word826 Word780,2018-10-31,Word563 Word564 Word9 Word26,NoDoc
Word137 Word138 Word7,VESB5868,1680.0,Word905 Word794,2018-08-31,Word563 Word359,NoDoc
Word16 Word17 Word18 Word7,2820,280.8,,2018-01-01,Word563 Word564 Word9 Word26,NoDoc
Word113 Word114 Word115 Word7,153915,21720.0,Word874 Word875 Word99 Word602,2018-11-30,Word560 Word561 Word366 Word562,Doc1
Word16 Word17 Word18 Word7,KB1984,900.0,Word934 Word784 Word165 Word779 Word99,2018-11-30,Word52 Word330 Word566,NoDoc
Word33 Word34 Word35 Word7,108644-715,6817.2,Word154 Word1714 Word45 Word1190 Word700 Word694,2018-03-01,Word563 Word366 Word562,NoDoc
Word113 Word114 Word115 Word7,149862,5951.25,Word578 Word991,2018-08-31,Word288 Word626 Word627,NoDoc
Word534 Word397 Word5,113028,17120.0,Word2036 Word351,2018-06-30,Word567 Word582 Word583 Word584 Word585 Word586,Doc1
Word55 Word56 Word57 Word5,68173,13344.7,Word1740 Word1741 Word193,2018-11-30,Word52 Word330 Word566,NoDoc
Word208 Word209 Word155 Word7,K42936,2003.0,Word170 Word287 Word156 Word798,2018-05-31,Word567 Word568 Word569 Word570,Doc1
Word109 Word61 Word7,172,65.0,Word338 Word1159 Word9,2018-04-30,Word567 Word9 Word255,Doc1
Word38 Word4 Word39,41484365,4223.0,Word792 Word1173 Word985 Word659,2018-03-01,Word563 Word121 Word579,NoDoc
Word16 Word17 Word18 Word7,SC1600,5040.0,Word826 Word785,2018-10-31,Word563 Word564 Word9 Word26,NoDoc
Word79 Word275 Word5,1393,9450.0,Word1148 Word791,2018-08-31,Word52 Word330 Word566,NoDoc
Word85 Word86 Word87 Word5 Word88 Word16 Word17 Word3 Word7,64630,52.52,Word1258 Word945,2017-12-01,Word563 Word580 Word581 Word232,NoDoc
Word19 Word20 Word21 Word22 Word23 Word5,11257,1167.73,Word873,2018-01-01,Word563 Word575,NoDoc
Word40 Word41 Word4 Word5,2226,2605.0,Word802 Word278 Word1242 Word803,2018-09-30,Word567 Word582 Word366 Word562,Doc1
Word41 Word125 Word34 Word5,4436,30060.0,Word278 Word822 Word946,2018-05-31,Word567 Word582 Word583 Word584 Word585 Word586,Doc1
Word33 Word34 Word35 Word7,108644-991,6817.98,Word562,2018-06-30,Word563 Word366 Word56 Word4,NoDoc
Word42 Word43 Word5,8042,48000.0,Word1236 Word773 Word774,2018-06-30,Word563 Word580 Word581 Word232,NoDoc
Word212 Word213 Word214 Word125 Word119 Word39,74077,255.0,Word1018 Word190,2018-02-01,Word565 Word566,NoDoc
Word140 Word3 Word34,30001,18090.0,Word13 Word794,2018-10-31,Word52 Word330 Word566,NoDoc
Word19 Word20 Word21 Word22 Word23 Word5,19289,478.96,Word633 Word575,2018-10-31,Word563 Word575,NoDoc
Word8 Word9 Word10 Word11 Word5,4.80D+11,2320.0,Word61,2018-10-31,Word563 Word564 Word9 Word26,NoDoc
Word42 Word43 Word5,8175,1740.0,Word804 Word805 Word806,2018-07-31,Word563 Word580 Word581 Word232,NoDoc
Word160 Word161 Word61 Word45 Word39,1187-4,60.0,Word61,2018-10-31,Word563 Word564 Word9 Word26,NoDoc
Word16 Word17 Word18 Word7,2539,140.4,Word783 Word784 Word785,2018-03-01,Word563 Word564 Word9 Word26,NoDoc
Word235,FIF100518VLBFX,235966.33,Word639 Word684 Word1319 Word1320,2018-10-31,Word571 Word52 Word733 Word735 Word579,NoDoc
Word47 Word3 Word4 Word39,2018002729,8160.0,,2018-02-01,Word567 Word568 Word569 Word570,Doc1
Word16 Word17 Word18 Word7,BH502,2800.0,Word785 Word330 Word99 Word764 Word26,2018-06-30,Word563 Word564 Word9 Word26,NoDoc
Word16 Word17 Word18 Word7,5179,1327.2,Word885 Word784 Word785,2018-05-31,Word567 Word568 Word569 Word570,Doc1
Word16 Word17 Word18 Word7,2908,140.4,Word783 Word784 Word785,2018-01-01,Word563 Word564 Word9 Word26,NoDoc
Word106 Word107 Word7,82175-10,5307.0,Word1097 Word791,2018-03-01,Word588 Word451 Word545,Doc1
Word85 Word86 Word87 Word5 Word88 Word16 Word17 Word3 Word7,65796,315.0,Word562,2018-03-01,Word563 Word580 Word581 Word232,NoDoc
Word6 Word7,10335,1800.0,Word1762 Word1206 Word709 Word706,2018-03-01,Word560 Word561 Word709 Word710 Word338 Word678 Word711,Doc1
Word78 Word79 Word11 Word5,X071418-09,96.0,Word330 Word99 Word26,2018-09-30,Word563 Word564 Word9 Word26,NoDoc
Word74 Word75 Word44 Word5,IWO00128,-269111.58,Word840 Word841 Word842 Word843,2018-03-01,Word567 Word633 Word601 Word634,NoDoc
Word16 Word17 Word18 Word7,QS1256,90.0,Word61,2018-09-30,Word563 Word564 Word9 Word26,NoDoc
Word113 Word114 Word115 Word7,146151,750.0,Word578 Word791,2018-05-31,Word560 Word561 Word612,Doc1
Word8 Word9 Word10 Word11 Word5,4.80P+11,103.2,Word330 Word99 Word780,2018-06-30,Word563 Word564 Word9 Word26,NoDoc
Word8 Word9 Word10 Word11 Word5,4.80P+11,600.0,Word132 Word878 Word9,2018-07-31,Word563 Word564 Word9 Word26,NoDoc
Word58 Word3 Word4 Word5,13296,2050.0,Word562 Word1092 Word592,2018-08-31,Word567 Word582 Word366 Word562,Doc1
Word110 Word22 Word4 Word5,TE51-24992,382.5,Word338 Word9,2018-05-31,Word563 Word564 Word9 Word26,NoDoc
Word74 Word75 Word44 Word5,UFA00128,269111.58,Word840 Word841 Word842 Word843,2016-10-01,Word563 Word600 Word601 Word602,NoDoc
Word137 Word138 Word7,MBDJ6197,1680.0,Word905 Word794,2018-09-30,Word563 Word359,NoDoc
Word16 Word17 Word18 Word7,YN1833,450.0,Word941 Word785,2018-10-31,Word563 Word564 Word9 Word26,NoDoc
Word122 Word123 Word21 Word124 Word5,EAB18071,1802.5,Word338 Word935 Word764 Word780,2018-07-31,Word563 Word564 Word9 Word26,NoDoc
Word48 Word3 Word4 Word5,TY20181547,96.0,Word1028 Word9,2018-06-30,Word563 Word564 Word9 Word26,NoDoc
Word30 Word31,641557,154.0,Word826 Word780,2018-01-01,Word563 Word564 Word9 Word26,NoDoc
Word261 Word262,130276,1737.0,Word935 Word26,2018-07-31,Word563 Word564 Word9 Word26,NoDoc
Word16 Word17 Word18 Word7,VX1278,1260.0,Word959 Word784 Word785,2018-09-30,Word567 Word568 Word569 Word570,Doc1
Word167 Word168 Word169,UKHEWF030518,6346.0,Word1356 Word1059 Word1104 Word835,2018-03-01,Word563 Word580 Word581 Word232,NoDoc
Word24 Word22 Word4 Word5,22242,2866.0,Word562 Word26,2018-05-31,Word567 Word569 Word570,Doc1
Word16 Word17 Word18 Word7,3610,270.0,Word132 Word255,2018-03-01,Word563 Word132 Word610,NoDoc
Word38 Word4 Word39,41470624,4100.0,Word1171 Word1760 Word659 Word1383,2018-01-01,Word563 Word121 Word579,NoDoc
Word8 Word9 Word10 Word11 Word5,4.80E+11,600.0,Word783 Word784 Word577,2018-06-30,Word563 Word564 Word9 Word26,NoDoc
Word33 Word34 Word35 Word7,108644-469,6135.48,,2018-01-01,Word563 Word366 Word56 Word4,NoDoc
Word16 Word17 Word18 Word7,NZ1341,1260.0,Word1033 Word785,2018-09-30,Word563 Word564 Word9 Word26,NoDoc
Word38 Word4 Word39,41486909,22000.0,Word1021 Word1173 Word794,2018-03-01,Word563 Word121 Word579,NoDoc
Word80 Word3 Word4,S157003,26350.0,Word895 Word1086 Word45 Word1086 Word981,2018-10-31,Word563 Word366 Word562,NoDoc
Word16 Word17 Word18 Word7,2391,1080.0,Word785 Word330 Word99 Word764 Word26,2018-02-01,Word563 Word564 Word9 Word26,NoDoc
Word85 Word86 Word87 Word5 Word88 Word16 Word17 Word3 Word7,65587,210.0,Word1294 Word23 Word185 Word191,2018-02-01,Word563 Word580 Word581 Word232,NoDoc
Word62 Word63 Word18 Word7,212029M,240.0,Word975 Word976,2018-02-01,Word563 Word575,NoDoc
Word16 Word17 Word18 Word7,2614,450.0,,2018-02-01,Word563 Word132 Word610,NoDoc
Word16 Word17 Word18 Word7,FO959,720.0,Word338 Word904,2018-08-31,Word563 Word564 Word9 Word26,NoDoc
Word16 Word17 Word18 Word7,ED699,810.0,Word800 Word201 Word132 Word810,2018-07-31,Word563 Word366 Word562,NoDoc
Word16 Word17 Word18 Word7,6535,410.4,Word783 Word784 Word785,2018-05-31,Word563 Word564 Word9 Word26,NoDoc
Word16 Word17 Word18 Word7,1884,304.2,Word1053 Word330 Word99 Word764 Word780,2017-12-01,Word567 Word569 Word570,Doc1
Word101 Word102 Word103 Word7,112395,38528.71,Word562 Word21 Word115,2018-06-30,Word576 Word366 Word562,Doc3
Word42 Word43 Word5,8042,48000.0,Word1236 Word773 Word774,2018-06-30,Word563 Word580 Word581 Word232,NoDoc
Word38 Word4 Word39,41513837,3500.0,Word792 Word1022 Word659,2018-07-31,Word563 Word121 Word579,NoDoc
Word267 Word268,VDRUSQF051818,1344.86,Word613 Word781 Word1132,2018-05-31,Word571 Word52 Word594 Word641,NoDoc
Word240 Word276 Word3 Word4 Word5,5253,950.0,Word1178 Word773 Word774,2018-06-30,Word563 Word580 Word581 Word232,NoDoc
Word38 Word4 Word39,41486535,22000.0,Word792 Word1173 Word985 Word659,2018-03-01,Word563 Word121 Word579,NoDoc
Word85 Word86 Word87 Word5 Word88 Word16 Word17 Word3 Word7,65620,315.0,Word994 Word700 Word191,2018-02-01,Word563 Word580 Word581 Word232,NoDoc
Word16 Word17 Word18 Word7,CN964,450.0,Word1436 Word1782 Word338 Word764 Word1126,2018-08-31,Word563 Word564 Word9 Word26,NoDoc
Word554 Word142 Word555 Word5,184331,31429.0,Word1185 Word791,2018-05-31,Word560 Word561 Word107,Doc1
Word44 Word45 Word46,201805-00053-YK0,2570126.23,Word834 Word835 Word46,2018-06-30,Word560 Word561 Word580 Word202 Word545,Doc1
Word273 Word61,446,76859.5,Word61,2018-03-01,Word563 Word564 Word9 Word26,NoDoc
Word16 Word17 Word18 Word7,TE900,180.0,Word783 Word784 Word785,2018-08-31,Word563 Word564 Word9 Word26,NoDoc
Word19 Word20 Word21 Word22 Word23 Word5,11850,75.25,Word1668 Word1669,2018-03-01,Word563 Word575,NoDoc
Word16 Word17 Word3 Word7,71871,1580.0,Word798 Word816,2018-09-30,Word563 Word366 Word562,NoDoc
Word16 Word17 Word18 Word7,MY1656,180.0,Word941 Word785,2018-10-31,Word563 Word564 Word9 Word26,NoDoc
Word16 Word17 Word18 Word7,SC1496,360.0,Word783 Word784,2018-10-31,Word563 Word564 Word9 Word26,NoDoc
Word42 Word43 Word5,8325,2520.0,Word900 Word805 Word806,2018-08-31,Word563 Word366 Word562,NoDoc
Word500 Word501,PIAUQXDIUC121118,85.24,Word613 Word781 Word909 Word967 Word808,2018-12-31,Word571 Word52 Word594 Word595 Word596 Word597,NoDoc
Word19 Word20 Word21 Word22 Word23 Word5,18584,7.54,Word575,2018-09-30,Word563 Word580 Word581 Word232,NoDoc
Word16 Word17 Word18 Word7,3404,427.2,Word785 Word9 Word26,2018-02-01,Word563 Word564 Word9 Word26,NoDoc
Word33 Word34 Word35 Word7,108644-1205,6874.08,Word562,2018-09-30,Word563 Word366 Word56 Word4,NoDoc
Word30 Word31,665856,48.0,Word26 Word935,2018-07-31,Word563 Word564 Word9 Word26,NoDoc
Word62 Word63 Word18 Word7,211351N,960.0,Word785 Word61,2017-12-01,Word563 Word564 Word9 Word26,NoDoc
Word116 Word117 Word118 Word119 Word7,149230,576.0,Word51 Word794,2018-04-01,Word563 Word580 Word581 Word232,NoDoc
Word322 Word323 Word4 Word5,318109,2842.39,Word568 Word592,2018-05-31,Word576 Word674 Word675,Doc3
Word16 Word17 Word18 Word7,2596,1080.0,Word1013,2018-04-30,Word563 Word564 Word9 Word26,NoDoc
Word16 Word17 Word18 Word7,LV1380,810.0,Word941,2018-09-30,Word563 Word564 Word9 Word26,NoDoc
Word19 Word20 Word21 Word22 Word23 Word5,16944,942.86,Word1658 Word278,2018-08-31,Word563 Word575,NoDoc
Word44 Word45 Word46,201811-00046,8799523.59,Word807 Word808 Word46,2018-12-31,Word567 Word582 Word107,Doc1
Word58 Word3 Word4 Word5,12751,345.0,Word1156 Word1157,2018-02-01,Word563 Word366 Word562,NoDoc
Word273 Word61,480,2822.5,Word826 Word780,2018-07-31,Word563 Word564 Word9 Word26,NoDoc
Word8 Word9 Word10 Word11 Word5,4.80S+11,207.0,Word61,2018-11-30,Word563 Word564 Word9 Word26,NoDoc
Word54 Word3 Word4,DCF57748,780.0,Word797 Word809 Word99 Word895 Word780,2018-07-31,Word563 Word564 Word9 Word26,NoDoc
Word219 Word220 Word34 Word5,1002-1003,35539.32,Word846 Word791 Word1062 Word45 Word967 Word911,2018-02-01,Word560 Word611 Word603 Word604 Word605 Word606,Doc1
Word16 Word17 Word18 Word7,1775,234.0,Word1428 Word784 Word9,2017-12-01,Word563 Word564 Word9 Word26,NoDoc
Word160 Word161 Word61 Word45 Word39,843-2,336.0,,2018-02-01,Word563 Word564 Word9 Word26,NoDoc
Word96 Word3 Word4 Word5,86475,2070.0,Word123 Word190,2018-07-31,Word563 Word564 Word9 Word26,NoDoc
Word40 Word41 Word4 Word5,2225,3280.0,Word802 Word278 Word1242 Word803,2018-09-30,Word567 Word582 Word366 Word562,Doc1
Word16 Word17 Word18 Word7,3634,140.4,Word783 Word784 Word785,2018-03-01,Word563 Word564 Word9 Word26,NoDoc
Word318,4468001,3176.34,Word1255 Word827,2018-08-31,Word613 Word99 Word614 Word98 Word338 Word678,Doc2
Word389 Word147 Word130,500963,966.0,,2018-01-01,Word567 Word582 Word366 Word562,Doc1
Word16 Word17 Word18 Word7,EF398,4200.0,Word785 Word330 Word99 Word26,2018-06-30,Word563 Word564 Word9 Word26,NoDoc
Word284,8075,1155.0,Word900 Word805 Word806,2018-06-30,Word563 Word580 Word581 Word232,NoDoc
Word106 Word107 Word7,81895-6,1750.0,Word969 Word791 Word967 Word717 Word967 Word911,2017-12-01,Word588 Word451 Word545,Doc1
Word74 Word75 Word44 Word5,PZX00128,-269111.58,Word840 Word841 Word842 Word843,2018-03-01,Word567 Word633 Word601 Word634,NoDoc
Word299 Word237 Word7,31603,48976.27,Word949 Word991 Word700 Word909 Word808 Word808,2018-02-01,Word571 Word52 Word657 Word681 Word371 Word13,NoDoc
Word219 Word220 Word34 Word5,1022,23737.5,Word846 Word991 Word883 Word45 Word911 Word808,2018-07-31,Word560 Word611 Word603 Word604 Word605 Word606,Doc1
Word504 Word274 Word7,TQ00009127,839.03,Word1924,2017-12-01,Word563 Word366 Word562,NoDoc
Word16 Word17 Word18 Word7,DR1075,1080.0,Word125 Word966,2018-08-31,Word563 Word564 Word9 Word26,NoDoc
Word16 Word17 Word18 Word7,3260,1292.0,Word785 Word330 Word99 Word764 Word26,2018-03-01,Word563 Word564 Word9 Word26,NoDoc
Word44 Word45 Word46,201806-00045,2829197.98,Word845 Word835 Word46,2018-07-31,Word563 Word366 Word562,NoDoc
Word162 Word7,MQV21VZN18,11200.0,Word13 Word794,2018-11-30,Word567 Word582 Word107,Doc1
Word241 Word418 Word39,5311859-59,196.92,Word609,2018-08-31,Word571 Word52 Word618 Word619 Word13,NoDoc
Word8 Word9 Word10 Word11 Word5,4.80K+11,125.0,Word877,2018-09-30,Word563 Word564 Word9 Word26,NoDoc
Word30 Word31,659982,728.0,Word826 Word780,2018-05-31,Word563 Word564 Word9 Word26,NoDoc
Word16 Word17 Word18 Word7,4528,609.6,Word783 Word784 Word785,2018-04-01,Word563 Word564 Word9 Word26,NoDoc
Word153 Word482 Word451 Word4 Word7,79462,269.4,Word338 Word568 Word650,2018-02-01,Word563 Word564 Word9 Word26,NoDoc
Word116 Word117 Word118 Word119 Word7,149229,1231.78,Word51 Word794,2018-04-01,Word563 Word580 Word581 Word232,NoDoc
Word16 Word17 Word3 Word7,70580,420.0,Word854 Word1582,2018-05-31,Word563 Word366 Word562,NoDoc
Word58 Word3 Word4 Word5,12827,460.0,Word994 Word1707,2018-03-01,Word563 Word366 Word562,NoDoc
Word116 Word117 Word118 Word119 Word7,156710,576.0,Word998 Word132 Word999,2018-11-30,Word563 Word121 Word579,NoDoc
Word24 Word22 Word4 Word5,22584,3825.0,Word562 Word26,2018-06-30,Word567 Word582 Word366 Word562,Doc1
Word30 Word31,676132,816.0,Word826 Word780,2018-09-30,Word567 Word568 Word569 Word570,Doc1
Word19 Word20 Word21 Word22 Word23 Word5,14848,48.59,Word633 Word575,2018-05-31,Word563 Word575,NoDoc
Word101 Word102 Word103 Word7,111763,2395.6,Word1130 Word931 Word802 Word2020,2018-05-31,Word576 Word366 Word562,Doc3
Word8 Word9 Word10 Word11 Word5,4.80Y+11,206.4,Word26,2018-05-31,Word563 Word564 Word9 Word26,NoDoc
Word16 Word17 Word18 Word7,1599,280.8,Word885 Word784 Word785,2018-01-01,Word563 Word564 Word9 Word26,NoDoc
Word101 Word102 Word103 Word7,111066,19660.99,Word115 Word562,2018-02-01,Word576 Word366 Word562,Doc3
Word254 Word255 Word5,3030,48000.0,Word773 Word774,2018-05-31,Word563 Word580 Word581 Word232,NoDoc
Word70 Word47 Word71 Word72 Word7,282102,12485.51,Word909 Word830 Word45 Word808,2018-02-01,Word563 Word598 Word71,NoDoc
Word113 Word114 Word115 Word7,146742,736.25,Word578 Word991,2018-05-31,Word563 Word580 Word581 Word232,NoDoc
Word74 Word75 Word44 Word5,LMD00128,269111.58,Word840 Word841 Word842 Word843,2016-10-01,Word563 Word600 Word601 Word602,NoDoc
Word16 Word17 Word18 Word7,2850,540.0,Word125 Word966,2018-01-01,Word563 Word580 Word581 Word232,NoDoc
Word277 Word278 Word23 Word44,53596,822.5,Word562,2018-05-31,Word563 Word366 Word562,NoDoc
Word44 Word45 Word46,201811-00046,8799523.59,Word807 Word808 Word46,2018-12-31,Word563 Word587,NoDoc
Word16 Word17 Word3 Word7,71322,216.0,Word685 Word2048,2018-11-30,Word563 Word366 Word562,NoDoc
Word16 Word17 Word3 Word7,71144,360.0,Word1516 Word1444,2018-10-31,Word563 Word366 Word562,NoDoc
Word30 Word31,656797,1232.5,Word123 Word190,2018-04-30,Word563 Word580 Word581 Word232,NoDoc
Word6 Word7,10429,545.0,Word780 Word1206 Word806 Word1316,2018-05-31,Word560 Word561 Word580 Word202 Word545,Doc1
Word62 Word63 Word18 Word7,212030V,240.0,Word255 Word132 Word789 Word605,2018-02-01,Word563 Word132 Word610,NoDoc
Word215 Word3 Word4 Word39,92656094,59500.0,Word278 Word822 Word791,2018-04-01,Word567 Word582 Word583 Word584 Word585 Word586,Doc1
Word81 Word82 Word5,138501,1140.6,Word643 Word1272 Word700,2018-04-01,Word563 Word82 Word9 Word607,NoDoc
Word42 Word43 Word5,8524,2245.0,Word1283 Word1284 Word833 Word338,2018-12-31,Word560 Word561 Word366 Word562,Doc1
Word208 Word209 Word155 Word7,D41623,4825.0,Word132 Word1183 Word1323,2018-02-01,Word565 Word566,NoDoc
Word16 Word17 Word3 Word7,70800,259.8,Word837 Word705 Word706,2018-06-30,Word563 Word366 Word562,NoDoc
Word16 Word17 Word18 Word7,2232,1249.2,Word1430 Word784 Word785,2018-01-01,Word567 Word568 Word569 Word570,Doc1
Word151 Word152 Word22 Word13 Word7,H50214,24800.0,Word779 Word258 Word295,2018-04-30,Word567 Word582 Word366 Word562,Doc1
Word44 Word45 Word46,201805-00053-UA0,2570126.23,Word834 Word835 Word46,2018-06-30,Word563 Word580 Word581 Word232,NoDoc
Word139 Word3 Word4 Word7,15842,9144.84,Word1065 Word550 Word1066,2018-06-30,Word563 Word174,NoDoc
Word33 Word34 Word35 Word7,108644-891,7430.28,Word562,2018-05-31,Word563 Word366 Word562,NoDoc
Word16 Word17 Word18 Word7,4253,225.0,Word975 Word976,2018-03-01,Word563 Word132 Word610,NoDoc
Word42 Word43 Word5,8517,570.0,Word1283 Word1284,2018-10-31,Word563 Word366 Word562,NoDoc
Word44 Word45 Word46,201806-00045,2829197.98,Word845 Word835 Word46,2018-07-31,Word563 Word580 Word581 Word232,NoDoc
Word85 Word86 Word87 Word5 Word88 Word16 Word17 Word3 Word7,70284,210.0,Word1178 Word1426,2018-04-30,Word563 Word366 Word562,NoDoc
Word156 Word157 Word7,1573512,1085.94,Word633 Word575,2017-12-01,Word563 Word575,NoDoc
Word47 Word444 Word292 Word372,DMDLKT100818,50.0,Word1746 Word659,2018-10-31,Word647 Word648 Word649,NoDoc
Word6 Word7,10767,2920.0,Word1144 Word1206 Word1279,2018-08-31,Word563 Word580 Word581 Word232,NoDoc
Word16 Word17 Word18 Word7,WH109,900.0,Word255 Word791,2018-05-31,Word563 Word564 Word9 Word26,NoDoc
Word8 Word9 Word10 Word11 Word5,4.80Y+11,1965.1,Word779 Word258 Word780,2017-12-01,Word567 Word568 Word569 Word570,Doc1
Word30 Word31,643237,1960.0,,2018-01-01,Word567 Word569 Word570,Doc1
Word33 Word34 Word35 Word7,108644-1267,3684.45,Word562,2018-10-31,Word563 Word366 Word56 Word4,NoDoc
Word8 Word9 Word10 Word11 Word5,4.80P+11,178.45,Word564 Word9 Word26,2017-12-01,Word563 Word564 Word9 Word26,NoDoc
Word96 Word3 Word4 Word5,78643,135.0,Word123 Word190,2018-06-30,Word563 Word132 Word610,NoDoc
Word113 Word114 Word115 Word7,150942,10436.25,Word578 Word794,2018-09-30,Word560 Word561 Word612,Doc1
Word96 Word3 Word4 Word5,71281,1530.0,Word1053 Word287 Word764 Word780,2018-04-01,Word563 Word132 Word610,NoDoc
Word58 Word3 Word4 Word5,13261,607.5,Word1689 Word876 Word1146 Word1761,2018-08-31,Word567 Word582 Word366 Word562,Doc1
Word16 Word17 Word3 Word7,70569,1046.0,Word848 Word849,2018-05-31,Word563 Word366 Word562,NoDoc
Word433 Word434 Word39,QK8203-YY,11578.75,Word1128 Word1745 Word371 Word846,2018-04-01,Word571 Word52 Word657 Word681 Word371 Word13,NoDoc
Word16 Word17 Word18 Word7,2457,842.4,Word787 Word784 Word785,2018-02-01,Word563 Word564 Word9 Word26,NoDoc
Word16 Word17 Word3 Word7,70599,315.0,Word876 Word1418 Word1419,2018-05-31,Word563 Word580 Word581 Word232,NoDoc
Word8 Word9 Word10 Word11 Word5,4.80F+11,51.6,Word61,2018-06-30,Word563 Word564 Word9 Word26,NoDoc
Word16 Word17 Word18 Word7,4459,1329.6,Word783 Word784 Word785,2018-04-01,Word563 Word564 Word9 Word26,NoDoc
Word16 Word17 Word3 Word7,71292,756.0,Word562,2018-10-31,Word563 Word366 Word562,NoDoc
Word38 Word4 Word39,41487218,3750.0,Word792 Word1173 Word985 Word659,2018-03-01,Word563 Word121 Word579,NoDoc
Word16 Word17 Word18 Word7,1798,432.0,Word338 Word330 Word99 Word26,2017-12-01,Word563 Word564 Word9 Word26,NoDoc
Word129 Word130 Word5,T-0025,1600.0,Word569 Word338,2018-11-30,Word567 Word568 Word569 Word570,Doc1
Word151 Word152 Word22 Word13 Word7,C51415,3000.0,Word13 Word842 Word866 Word842 Word717,2018-10-31,Word567 Word582 Word107,Doc1
Word54 Word3 Word4,IFR69883,420.0,Word123 Word190 Word26,2018-10-31,Word563 Word564 Word9 Word26,NoDoc
Word8 Word9 Word10 Word11 Word5,4.80X+11,55.9,Word9 Word26,2018-10-31,Word563 Word564 Word9 Word26,NoDoc
Word463,9503808620,2663.69,Word1817 Word1818,2018-03-01,Word613 Word99 Word614 Word644 Word751,Doc2
Word33 Word34 Word35 Word7,108644-555,4557.7,Word562,2018-03-01,Word563 Word366 Word56 Word4,NoDoc
Word16 Word17 Word18 Word7,3809,216.0,Word885 Word784 Word785,2018-03-01,Word563 Word564 Word9 Word26,NoDoc
Word16 Word17 Word3 Word7,71564,499.5,Word204 Word798,2018-08-31,Word563 Word366 Word562,NoDoc
Word122 Word123 Word21 Word124 Word5,TIP19880,20790.0,Word935 Word26,2018-07-31,Word563 Word564 Word9 Word26,NoDoc
Word33 Word34 Word35 Word7,108644-721,1286.88,Word193 Word1361 Word45 Word1190 Word700 Word700,2018-03-01,Word563 Word366 Word562,NoDoc
Word16 Word17 Word18 Word7,OL124,8820.0,Word1006 Word784 Word785,2018-05-31,Word563 Word564 Word9 Word26,NoDoc
Word16 Word17 Word3 Word7,71353,216.0,Word1001 Word1920 Word1426,2018-10-31,Word563 Word366 Word562,NoDoc
Word175 Word176 Word5,I-1203,12833.33,Word202,2018-07-31,Word567 Word582 Word583 Word584 Word585 Word586,Doc1
Word85 Word86 Word87 Word5 Word88 Word16 Word17 Word3 Word7,65964,634.0,Word854 Word1582,2018-03-01,Word563 Word366 Word562,NoDoc
Word8 Word9 Word10 Word11 Word5,4.80C+11,447.2,Word948 Word26,2018-01-01,Word563 Word564 Word9 Word26,NoDoc
Word16 Word17 Word18 Word7,2085,152.1,,2018-02-01,Word563 Word564 Word9 Word26,NoDoc
Word8 Word9 Word10 Word11 Word5,4.80Z+11,60.0,Word61,2018-09-30,Word563 Word564 Word9 Word26,NoDoc
Word8 Word9 Word10 Word11 Word5,4.80R+11,111.8,Word330 Word99 Word780,2018-06-30,Word563 Word564 Word9 Word26,NoDoc
Word33 Word34 Word35 Word7,108644-1310,5338.8,Word2021 Word1086 Word808 Word1086 Word882,2018-10-31,Word563 Word366 Word56 Word4,NoDoc
Word33 Word34 Word35 Word7,108644-1360,4557.96,Word602 Word2080 Word694 Word160 Word694 Word1094,2018-10-31,Word563 Word366 Word56 Word4,NoDoc
Word16 Word17 Word18 Word7,6650,140.4,Word785 Word650,2018-05-31,Word563 Word564 Word9 Word26,NoDoc
Word16 Word17 Word18 Word7,2973,432.0,Word924 Word784 Word785,2018-03-01,Word563 Word564 Word9 Word26,NoDoc
Word212 Word213 Word214 Word125 Word119 Word39,74507,3357.5,Word1018 Word809,2018-02-01,Word613 Word99 Word614 Word366 Word562,Doc2
Word286 Word287 Word288 Word39,51418051024V,580.0,Word132 Word1183 Word1323,2018-08-31,Word560 Word561 Word612,Doc1
Word463,9503607517,77689.88,Word2085 Word593,2017-12-01,Word565 Word566,NoDoc
Word85 Word86 Word87 Word5 Word88 Word16 Word17 Word3 Word7,65974,262.52,Word899 Word805 Word605,2018-03-01,Word563 Word580 Word581 Word232,NoDoc
Word272 Word29 Word5,SF-2018044,2625.0,Word130,2018-03-01,Word560 Word561 Word593 Word578 Word65,Doc1
Word8 Word9 Word10 Word11 Word5,4.80U+11,2003.8,Word330 Word99 Word780,2018-06-30,Word563 Word564 Word9 Word26,NoDoc
Word376 Word377 Word44,100060679,15000.0,Word13 Word791,2018-11-30,Word567 Word582 Word107,Doc1
Word149 Word150,ISYRKREMY021318,772.56,Word613 Word781 Word1810,2018-02-01,Word571 Word52 Word594 Word641,NoDoc
Word134 Word61 Word45 Word39,HNSSFY 2018 HSKBOFNE,37930.95,Word1733 Word784 Word689 Word780,2018-10-31,Word563 Word564 Word9 Word26,NoDoc
Word40 Word41 Word4 Word5,1863,4500.0,Word802 Word1237 Word888,2018-07-31,Word567 Word582 Word366 Word562,Doc1
Word85 Word86 Word87 Word5 Word88 Word16 Word17 Word3 Word7,70143,210.0,Word1595 Word1783 Word1784,2018-04-30,Word563 Word580 Word581 Word232,NoDoc
Word8 Word9 Word10 Word11 Word5,4.80S+11,51.6,Word783 Word784 Word929,2018-04-30,Word563 Word564 Word9 Word26,NoDoc
Word16 Word17 Word18 Word7,4136,1798.8,Word942 Word784 Word785,2018-03-01,Word563 Word564 Word9 Word26,NoDoc
Word134 Word61 Word45 Word39,1080-1,130.0,Word826 Word780,2018-09-30,Word563 Word564 Word9 Word26,NoDoc
Word16 Word17 Word18 Word7,3139,842.4,Word785 Word330 Word99 Word764 Word61,2018-03-01,Word563 Word564 Word9 Word26,NoDoc
Word16 Word17 Word18 Word7,ZB1015,540.0,Word959 Word784 Word785,2018-08-31,Word563 Word564 Word9 Word26,NoDoc
Word90 Word91 Word92 Word7,111692.2,42363.2,Word582 Word791,2018-06-30,Word567 Word41 Word319,Doc1
Word177 Word178 Word147 Word7,288FXN,1480.0,Word562 Word592,2018-09-30,Word576 Word705 Word706,Doc3
Word58 Word3 Word4 Word5,13357,1650.0,Word1704 Word1080 Word202,2018-09-30,Word567 Word582 Word580 Word202 Word545,Doc1
Word16 Word17 Word3 Word7,71223,216.0,Word1265 Word1312 Word1313,2018-11-30,Word563 Word366 Word562,NoDoc
Word273 Word61,479,1535.0,Word826 Word780,2018-07-31,Word563 Word564 Word9 Word26,NoDoc
Word85 Word86 Word87 Word5 Word88 Word16 Word17 Word3 Word7,64752,52.52,Word1258 Word945,2017-12-01,Word563 Word580 Word581 Word232,NoDoc
Word16 Word17 Word18 Word7,IH1107,2520.0,Word884 Word784 Word785,2018-08-31,Word563 Word564 Word9 Word26,NoDoc
Word148 Word75 Word5,NRR25205,27000.0,Word657 Word160 Word45 Word160 Word1094 Word1978,2018-09-30,Word52 Word330 Word566,NoDoc
Word16 Word17 Word18 Word7,2472,180.0,Word132 Word610,2018-02-01,Word563 Word132 Word610,NoDoc
Word54 Word3 Word4,MNF53710,337.5,Word797 Word190 Word99 Word602,2018-01-01,Word563 Word132 Word610,NoDoc
Word85 Word86 Word87 Word5 Word88 Word16 Word17 Word3 Word7,65186,315.0,Word1335 Word1551 Word995 Word799 Word1646,2018-01-01,Word563 Word580 Word581 Word232,NoDoc
Word44 Word45 Word46,201805-00053-WS0,2570126.23,Word834 Word835 Word46,2018-06-30,Word563 Word366 Word562,NoDoc
Word16 Word17 Word3 Word7,70921,240.0,Word824 Word789 Word810,2018-06-30,Word563 Word366 Word562,NoDoc
Word16 Word17 Word18 Word7,2597,1080.0,Word1013,2018-04-30,Word563 Word564 Word9 Word26,NoDoc
Word8 Word9 Word10 Word11 Word5,4.80U+11,7650.0,Word577 Word1376 Word170,2018-06-30,Word563 Word564 Word9 Word26,NoDoc
Word113 Word114 Word115 Word7,150490,4230.0,Word875 Word99 Word895,2018-09-30,Word560 Word561 Word366 Word562,Doc1
Word48 Word3 Word4 Word5,HW20181546,48.0,Word1028 Word9,2018-06-30,Word563 Word564 Word9 Word26,NoDoc
Word166 Word5,1481,1275.0,Word123 Word190,2018-11-30,Word563 Word132 Word610,NoDoc
Word134 Word61 Word45 Word39,1143-2,25.0,Word569 Word1086 Word1190 Word842 Word1104,2018-10-31,Word563 Word564 Word9 Word26,NoDoc
Word116 Word117 Word118 Word119 Word7,153746,581.79,Word562,2018-11-30,Word563 Word366 Word562,NoDoc
Word44 Word45 Word46,201806-00045,2829197.98,Word845 Word835 Word46,2018-07-31,Word288 Word626 Word627,NoDoc
Word113 Word114 Word115 Word7,143235,1828.75,Word578,2018-03-01,Word563 Word580 Word581 Word232,NoDoc
Word16 Word17 Word3 Word7,71932,180.02,Word1754 Word797 Word190 Word798 Word799,2018-10-31,Word563 Word580 Word581 Word232,NoDoc
Word134 Word61 Word45 Word39,OAC2018GRQOXKDK,32088.15,Word689 Word26,2018-05-31,Word563 Word564 Word9 Word26,NoDoc
Word388 Word4,WUV0191,7255.79,Word292 Word791,2018-09-30,Word563 Word619,NoDoc
Word106 Word107 Word7,81905-6,3050.0,Word969 Word791 Word967 Word717 Word967 Word911,2017-12-01,Word588 Word451 Word545,Doc1
Word42 Word43 Word5,7765,435.0,Word804 Word805 Word806,2018-03-01,Word563 Word580 Word581 Word232,NoDoc
Word59 Word60 Word61 Word5,1275,264.0,Word1033 Word785,2018-11-30,Word563 Word564 Word9 Word26,NoDoc
Word8 Word9 Word10 Word11 Word5,4.80W+11,60.0,Word1028,2018-07-31,Word563 Word564 Word9 Word26,NoDoc
Word19 Word20 Word21 Word22 Word23 Word5,13973,581.39,Word575 Word868,2018-04-30,Word563 Word575,NoDoc
Word122 Word123 Word21 Word124 Word5,ZIE21976,10800.0,Word826 Word785,2018-10-31,Word567 Word568 Word569 Word570,Doc1
Word8 Word9 Word10 Word11 Word5,4.80P+11,498.8,Word61,2018-03-01,Word563 Word564 Word9 Word26,NoDoc
Word160 Word161 Word61 Word45 Word39,1028-1,130.0,Word61,2018-06-30,Word563 Word564 Word9 Word26,NoDoc
Word151 Word152 Word22 Word13 Word7,R51819,5041.0,Word13 Word791,2018-11-30,Word567 Word582 Word107,Doc1
Word16 Word17 Word3 Word7,71819,350.73,Word837 Word864 Word1326,2018-10-31,Word563 Word366 Word562,NoDoc
Word116 Word117 Word118 Word119 Word7,149584,971.0,Word562,2018-04-01,Word563 Word580 Word581 Word232,NoDoc
Word42 Word43 Word5,8457,355.0,Word867 Word849,2018-10-31,Word560 Word561 Word366 Word562,Doc1
Word8 Word9 Word10 Word11 Word5,4.80F+11,150.0,Word61,2018-06-30,Word563 Word564 Word9 Word26,NoDoc
Word8 Word9 Word10 Word11 Word5,4.80R+11,2184.4,Word61,2018-03-01,Word563 Word564 Word9 Word26,NoDoc
Word54 Word3 Word4,SHB59432,406.0,Word123 Word190,2018-07-31,Word563 Word564 Word9 Word26,NoDoc
Word16 Word17 Word18 Word7,RQ799,720.0,Word1100 Word1072,2018-08-31,Word563 Word366 Word562,NoDoc
Word16 Word17 Word18 Word7,HJ774,2520.0,Word61,2018-08-31,Word563 Word564 Word9 Word26,NoDoc
Word261 Word262,121279,204.75,Word330 Word99 Word26,2018-03-01,Word563 Word564 Word9 Word26,NoDoc
Word78 Word79 Word11 Word5,G121417-21,96.0,Word885 Word784 Word568 Word650,2018-02-01,Word563 Word564 Word9 Word26,NoDoc
Word106 Word107 Word7,82685-9,7320.0,Word118 Word791,2018-06-30,Word563 Word366 Word562,NoDoc
Word116 Word117 Word118 Word119 Word7,152766,576.0,Word51 Word791 Word562,2018-06-30,Word563 Word580 Word581 Word232,NoDoc
Word27 Word28 Word29 Word5,1064357,4086.89,Word130,2018-05-31,Word576 Word130 Word577 Word578,Doc3
Word8 Word9 Word10 Word11 Word5,4.80K+11,516.0,Word330 Word99 Word764 Word26,2018-06-30,Word563 Word564 Word9 Word26,NoDoc
Word208 Word209 Word155 Word7,E45190,432.0,Word1457 Word1170,2018-04-30,Word567 Word568 Word569 Word570,Doc1
Word30 Word31,668480,48.0,Word826 Word780,2018-07-31,Word563 Word564 Word9 Word26,NoDoc
Word16 Word17 Word18 Word7,AS1414,2520.0,Word884 Word784,2018-10-31,Word563 Word564 Word9 Word26,NoDoc
Word16 Word17 Word18 Word7,MP1295,2520.0,Word61,2018-09-30,Word563 Word564 Word9 Word26,NoDoc
Word179 Word180 Word181 Word182,FHREY080118-HQD,-44473.31,Word979 Word836 Word980 Word45 Word981 Word808,2018-08-31,Word571 Word52 Word594 Word696,NoDoc
Word120 Word121 Word31,44812,6007.88,Word1484 Word856,2018-07-31,Word563 Word121 Word579,NoDoc
Word16 Word17 Word18 Word7,XI1470,225.0,Word125 Word966,2018-09-30,Word563 Word564 Word9 Word26,NoDoc
Word48 Word3 Word4 Word5,HE20183936,492.0,Word1028 Word9 Word877,2018-11-30,Word563 Word564 Word9 Word26,NoDoc
Word16 Word17 Word18 Word7,3946,108.0,Word783 Word784 Word785,2018-03-01,Word563 Word564 Word9 Word26,NoDoc
Word30 Word31,677912,278.0,Word123 Word809 Word26,2018-10-31,Word563 Word366 Word562,NoDoc
Word41 Word49 Word7,3416,16105.0,Word777 Word969 Word794 Word909 Word717 Word981,2018-01-01,Word567 Word582 Word107,Doc1
Word8 Word9 Word10 Word11 Word5,4.80J+11,60.0,Word330 Word99 Word780,2018-08-31,Word563 Word564 Word9 Word26,NoDoc
Word85 Word86 Word87 Word5 Word88 Word16 Word17 Word3 Word7,64532,445.0,Word1613 Word636 Word1614,2017-12-01,Word563 Word580 Word581 Word232,NoDoc
Word156 Word157 Word7,1573284,8527.32,Word633 Word575,2017-12-01,Word588 Word576 Word750 Word451 Word545,Doc1
Word44 Word45 Word46,201811-00046,8799523.59,Word807 Word808 Word46,2018-12-31,Word563 Word132 Word610,NoDoc
Word6 Word7,10719,1092.5,Word711 Word773 Word774,2018-08-31,Word563 Word366 Word562,NoDoc
Word16 Word17 Word18 Word7,3372,1281.6,Word787 Word784 Word785,2018-04-01,Word563 Word564 Word9 Word26,NoDoc
Word8 Word9 Word10 Word11 Word5,4.80Q+11,300.0,Word61,2018-08-31,Word563 Word564 Word9 Word26,NoDoc
Word179 Word180 Word181 Word182,XSEVF070218,28507.05,Word979 Word1005 Word883 Word45 Word831 Word808,2018-07-31,Word571 Word52 Word594 Word641,NoDoc
Word70 Word47 Word71 Word72 Word7,284754,12368.79,Word700 Word808 Word865 Word808,2018-03-01,Word563 Word598 Word71,NoDoc
Word16 Word17 Word3 Word7,70754,240.0,Word562,2018-06-30,Word563 Word366 Word562,NoDoc
Word16 Word17 Word18 Word7,2458,1701.7,,2018-01-01,Word567 Word568 Word569 Word570,Doc1
Word16 Word17 Word18 Word7,EI1274,51248.4,Word826 Word785,2018-10-31,Word567 Word568 Word569 Word570,Doc1
Word261 Word262,113296,56.25,Word60 Word99 Word780,2018-01-01,Word563 Word564 Word9 Word26,NoDoc
Word16 Word17 Word3 Word7,71828,185.0,Word798 Word214 Word1268,2018-09-30,Word563 Word366 Word562,NoDoc
Word195 Word5,HH142987,5454.4,Word1486 Word562,2018-07-31,Word563 Word366 Word56 Word4,NoDoc
Word414 Word5,UQE242517,50584.25,Word1098 Word1577,2018-08-31,Word571 Word52 Word457 Word253 Word732,NoDoc
Word48 Word3 Word4 Word5,XU20183493,7444.0,Word132 Word878 Word642,2018-10-31,Word52 Word330 Word566,NoDoc
Word38 Word4 Word39,41478908,4100.0,Word121 Word791,2018-02-01,Word563 Word121 Word579,NoDoc
Word85 Word86 Word87 Word5 Word88 Word16 Word17 Word3 Word7,64769,52.52,Word562 Word1569 Word789 Word1386,2017-12-01,Word563 Word580 Word581 Word232,NoDoc
Word144 Word437,VPSSRFWUW032818,434.01,Word613 Word781 Word1186,2018-03-01,Word571 Word52 Word594 Word624 Word21 Word625,NoDoc
Word96 Word3 Word4 Word5,64186,180.0,Word132 Word255,2018-02-01,Word563 Word132 Word610,NoDoc
Word19 Word20 Word21 Word22 Word23 Word5,11180,424.12,Word633 Word575,2017-12-01,Word563 Word575,NoDoc
Word16 Word17 Word18 Word7,TU1304,2520.0,Word926 Word784 Word785,2018-09-30,Word563 Word564 Word9 Word26,NoDoc
Word54 Word3 Word4,KEW52242,1350.0,,2018-01-01,Word563 Word564 Word9 Word26,NoDoc
Word44 Word45 Word46,201811-00046,8799523.59,Word807 Word808 Word46,2018-12-31,Word563 Word676,NoDoc
Word33 Word34 Word35 Word7,108644-1355,6874.08,Word1619 Word602 Word940 Word694 Word160 Word694 Word1094,2018-10-31,Word563 Word366 Word56 Word4,NoDoc
Word16 Word17 Word18 Word7,3276,1123.2,Word785 Word330 Word99 Word764 Word61,2018-02-01,Word563 Word564 Word9 Word26,NoDoc
Word19 Word20 Word21 Word22 Word23 Word5,19036,253.74,Word575 Word996 Word997 Word20,2018-10-31,Word563 Word575,NoDoc
Word16 Word17 Word18 Word7,WU1414,2520.0,Word884 Word784,2018-10-31,Word563 Word564 Word9 Word26,NoDoc
Word257 Word258 Word259 Word5,180517-12517,27300.0,Word1347 Word856,2018-06-30,Word567 Word582 Word580 Word202 Word545,Doc1
Word30 Word31,676728,48.0,Word26 Word569,2018-10-31,Word567 Word568 Word569 Word570,Doc1
Word42 Word43 Word5,8235,630.0,Word1120 Word355 Word806,2018-07-31,Word563 Word580 Word581 Word232,NoDoc
Word33 Word34 Word35 Word7,108644-831,4557.96,Word562,2018-05-31,Word563 Word366 Word56 Word4,NoDoc
Word116 Word117 Word118 Word119 Word7,154523,576.0,Word51 Word794 Word562,2018-11-30,Word563 Word580 Word581 Word232,NoDoc
Word113 Word114 Word115 Word7,148521,190.0,Word578 Word791,2018-09-30,Word560 Word611 Word366 Word562,Doc1
Word16 Word17 Word18 Word7,5113,1417.2,Word885 Word784 Word785,2018-04-30,Word563 Word564 Word9 Word26,NoDoc
Word8 Word9 Word10 Word11 Word5,4.80P+11,60.0,Word783 Word784 Word785,2018-09-30,Word563 Word564 Word9 Word26,NoDoc
Word54 Word3 Word4,AIT63285,271.5,Word123 Word809 Word99 Word602,2018-10-31,Word563 Word564 Word9 Word26,NoDoc
Word38 Word4 Word39,41524470,3500.0,Word121 Word836,2018-09-30,Word563 Word121 Word579,NoDoc
Word38 Word4 Word39,41479658,3750.0,Word792 Word121 Word794 Word779,2018-02-01,Word563 Word121 Word579,NoDoc
Word38 Word4 Word39,41475859,3500.0,Word1021 Word121 Word659,2018-01-01,Word563 Word121 Word579,NoDoc
Word334 Word3 Word4 Word5,44906335,2950.0,Word1325 Word805,2017-12-01,Word560 Word561 Word366 Word562,Doc1
Word85 Word86 Word87 Word5 Word88 Word16 Word17 Word3 Word7,64981,392.52,Word393 Word798,2017-12-01,Word563 Word580 Word581 Word232,NoDoc
Word16 Word17 Word18 Word7,4866,500.4,Word783 Word784 Word785,2018-06-30,Word567 Word568 Word569 Word570,Doc1
Word160 Word161 Word61 Word45 Word39,1214-8,420.0,Word61,2018-11-30,Word563 Word564 Word9 Word26,NoDoc
Word16 Word17 Word3 Word7,71838,864.0,Word1596 Word998,2018-09-30,Word563 Word366 Word562,NoDoc
Word48 Word3 Word4 Word5,EI20174497,42.0,,2018-01-01,Word563 Word564 Word9 Word26,NoDoc
Word16 Word17 Word18 Word7,4528,609.6,Word783 Word784 Word785,2018-04-01,Word563 Word564 Word9 Word26,NoDoc
Word38 Word4 Word39,41490600,3500.0,Word1021 Word1386 Word659,2018-05-31,Word563 Word121 Word579,NoDoc
Word16 Word17 Word18 Word7,6714,640.8,Word885 Word784 Word785,2018-05-31,Word563 Word564 Word9 Word26,NoDoc
Word33 Word34 Word35 Word7,108644-1337,86411.0,Word562,2018-10-31,Word563 Word366 Word56 Word4,NoDoc
Word38 Word4 Word39,41521198,18750.0,Word121 Word836,2018-10-31,Word563 Word121 Word579,NoDoc
Word139 Word3 Word4 Word7,15707,6200.0,Word1525 Word214 Word1372,2018-04-01,Word588 Word451 Word545,Doc1
Word16 Word17 Word18 Word7,YG536,800.0,Word785 Word330 Word99 Word26,2018-06-30,Word567 Word568 Word569 Word570,Doc1
Word12 Word13 Word7,11487,11900.0,Word777 Word695 Word981 Word883 Word883 Word1036,2018-06-30,Word52 Word330 Word566,NoDoc
Word38 Word4 Word39,41507538,3500.0,Word1171 Word1107 Word794 Word659 Word1295,2018-07-31,Word563 Word121 Word579,NoDoc
Word16 Word17 Word3 Word7,71254,432.0,Word837 Word278,2018-10-31,Word563 Word366 Word562,NoDoc
Word16 Word17 Word3 Word7,71268,1478.48,Word1194 Word132 Word99 Word204 Word1195,2018-10-31,Word563 Word366 Word562,NoDoc
Word16 Word17 Word3 Word7,72056,216.0,Word994 Word1196 Word1811 Word1812,2018-11-30,Word563 Word366 Word562,NoDoc
Word162 Word7,GCSA14NKI18,6161.0,Word846 Word791 Word865 Word909 Word865 Word716,2018-03-01,Word567 Word107,Doc1
Word41 Word125 Word34 Word5,4434,20040.0,Word1404 Word822 Word1405,2018-05-31,Word567 Word582 Word583 Word584 Word585 Word586,Doc1
Word16 Word17 Word3 Word7,71941,162.02,Word900 Word805 Word785 Word794,2018-10-31,Word563 Word580 Word581 Word232,NoDoc
Word19 Word20 Word21 Word22 Word23 Word5,10695,159.79,Word575,2017-12-01,Word563 Word575,NoDoc
Word16 Word17 Word18 Word7,DZ1329,180.0,Word1366 Word785,2018-09-30,Word563 Word564 Word9 Word26,NoDoc
Word62 Word63 Word18 Word7,211353B,240.0,Word785 Word61,2017-12-01,Word563 Word564 Word9 Word26,NoDoc
Word16 Word17 Word18 Word7,TK1093,2520.0,Word884 Word784 Word785,2018-08-31,Word563 Word564 Word9 Word26,NoDoc
Word33 Word34 Word35 Word7,108644-999,3573.06,Word154 Word1714 Word699 Word1463 Word699 Word1190,2018-06-30,Word563 Word366 Word562,NoDoc
Word110 Word22 Word4 Word5,FE51-26226,255.0,Word338 Word1256 Word9,2018-09-30,Word560 Word561 Word612,Doc1
Word44 Word45 Word46,201806-00045,2829197.98,Word845 Word835 Word46,2018-07-31,Word563 Word174,NoDoc
Word33 Word34 Word35 Word7,108644-656,4194.43,Word1369 Word1370 Word909 Word911 Word45 Word695,2018-03-01,Word563 Word366 Word56 Word4,NoDoc
Word38 Word4 Word39,41495314,4100.0,Word1021 Word1022 Word659,2018-05-31,Word563 Word121 Word579,NoDoc
Word144 Word145 Word146 Word147 Word7,126956,2970.0,Word1090 Word516 Word913,2018-07-31,Word576 Word366 Word562,Doc3
Word273 Word61,473,6525.0,Word60 Word99 Word780,2018-06-30,Word563 Word564 Word9 Word26,NoDoc
Word73 Word4 Word5,1901,4270.0,Word653 Word53,2018-07-31,Word563 Word366 Word562,NoDoc
Word166 Word5,1516,340.0,Word1150 Word894 Word797 Word190,2018-11-30,Word563 Word564 Word9 Word26,NoDoc
Word386 Word3 Word387 Word4 Word5,3.42Q+12,28864.21,Word699 Word882 Word695 Word778,2018-06-30,Word563 Word598 Word71,NoDoc
Word16 Word17 Word3 Word7,70928,480.0,Word820 Word84,2018-06-30,Word563 Word366 Word562,NoDoc
Word19 Word20 Word21 Word22 Word23 Word5,17223,787.57,Word633 Word575,2018-08-31,Word563 Word575,NoDoc
Word167 Word168 Word169,VVHVWB010417,115265.5,Word1019 Word1020 Word650 Word1719,2018-01-01,Word563 Word580 Word581 Word232,NoDoc
Word113 Word114 Word115 Word7,154074,4255.0,Word578 Word286 Word257 Word491,2018-11-30,Word560 Word561 Word612,Doc1
Word108 Word109 Word45 Word5,1162,27952.5,Word26 Word745,2018-07-31,Word563 Word564 Word9 Word26,NoDoc
Word16 Word17 Word3 Word7,71258,666.0,Word204 Word798 Word214 Word1767,2018-10-31,Word563 Word366 Word562,NoDoc
Word160 Word161 Word61 Word45 Word39,576-3,144.0,Word338 Word61,2018-01-01,Word563 Word564 Word9 Word26,NoDoc
Word378 Word147 Word5,8251,9200.0,Word1700 Word1701 Word718 Word1439,2018-03-01,Word563 Word580 Word581 Word232,NoDoc
Word134 Word61 Word45 Word39,WZPRVTWLA 2018 NYFFWLYW,39288.6,Word689 Word26,2018-11-30,Word563 Word564 Word9 Word26,NoDoc
Word30 Word31,661930,96.0,Word60 Word99 Word780,2018-06-30,Word563 Word564 Word9 Word26,NoDoc
Word160 Word161 Word61 Word45 Word39,1046-1,65.0,Word60 Word99 Word26,2018-08-31,Word563 Word564 Word9 Word26,NoDoc
Word16 Word17 Word18 Word7,JQ261,6300.0,Word1694 Word784 Word568 Word650,2018-06-30,Word563 Word564 Word9 Word26,NoDoc
Word54 Word98 Word4 Word7,16576,1500.0,Word1998 Word1999,2018-06-30,Word560 Word561 Word575 Word598,Doc1
Word30 Word31,674260,517.5,Word797 Word190,2018-09-30,Word563 Word564 Word9 Word26,NoDoc
Word16 Word17 Word18 Word7,YF1464,1260.0,Word901 Word343,2018-09-30,Word563 Word564 Word9 Word26,NoDoc
Word122 Word123 Word21 Word124 Word5,TKR18100,600.0,Word877 Word1902,2018-07-31,Word563 Word564 Word9 Word26,NoDoc
Word74 Word75 Word44 Word5,ZCL00128,269111.58,Word840 Word841 Word842 Word843,2016-10-01,Word563 Word600 Word601 Word602,NoDoc
Word116 Word117 Word118 Word119 Word7,149584,971.0,Word562,2018-04-01,Word563 Word580 Word581 Word232,NoDoc
Word55 Word56 Word57 Word5,59160,53440.16,Word278 Word822 Word593 Word823,2018-08-31,Word52 Word330 Word566,NoDoc
Word96 Word3 Word4 Word5,66093,540.0,Word123 Word190,2018-03-01,Word563 Word132 Word610,NoDoc
Word16 Word17 Word18 Word7,1921,140.4,Word783 Word784 Word785,2018-01-01,Word563 Word564 Word9 Word26,NoDoc
Word54 Word3 Word4,KTR54514,2727.0,Word797 Word190 Word99 Word602,2018-01-01,Word563 Word564 Word9 Word26,NoDoc
Word76 Word77 Word5,52028039,5960.0,Word777 Word699 Word45 Word699 Word865,2018-05-31,Word560 Word561 Word107,Doc1
Word25 Word26,071218-4,1056.0,Word9 Word785,2018-08-31,Word567 Word582 Word366 Word562,Doc1
Word85 Word86 Word87 Word5 Word88 Word16 Word17 Word3 Word7,64762,85.02,Word393 Word798 Word132 Word636,2017-12-01,Word563 Word580 Word581 Word232,NoDoc
Word16 Word17 Word18 Word7,5225,320.4,Word783 Word784 Word785,2018-04-30,Word563 Word564 Word9 Word26,NoDoc
Word33 Word34 Word35 Word7,108644-1222,5111.46,Word562,2018-09-30,Word563 Word366 Word56 Word4,NoDoc
Word448 Word5,10479,3520.31,Word1752 Word1753 Word1934 Word1178 Word706,2018-11-30,Word576 Word202 Word545,Doc3
Word16 Word17 Word18 Word7,NE2184,1080.0,Word924 Word784 Word577 Word539 Word1802,2018-11-30,Word563 Word564 Word9 Word26,NoDoc
Word33 Word34 Word35 Word7,108644-1140,35974.81,Word562 Word1038,2018-08-31,Word563 Word366 Word56 Word4,NoDoc
Word30 Word31,670402,48.0,Word935 Word26,2018-08-31,Word563 Word564 Word9 Word26,NoDoc
Word349 Word3 Word4 Word7,182002,14412.5,Word667 Word319 Word259,2018-10-31,Word52 Word330 Word566,NoDoc
Word137 Word138 Word7,ELEL5026,1680.0,Word984 Word835 Word905 Word791,2018-05-31,Word563 Word359,NoDoc
Word386 Word3 Word387 Word4 Word5,4.23A+12,8.91,Word695 Word871 Word808 Word883 Word1463 Word808,2018-07-31,Word563 Word598 Word71,NoDoc
Word16 Word17 Word18 Word7,1932,1170.0,Word338 Word783 Word784 Word569,2017-12-01,Word567 Word568 Word569 Word570,Doc1
Word140 Word3 Word34,10088,26388.0,Word846 Word791,2018-09-30,Word560 Word561 Word107,Doc1
Word126 Word127 Word128,487788,575.0,Word890 Word891 Word1564,2018-11-30,Word563 Word619,NoDoc
Word16 Word17 Word18 Word7,4715,1080.0,Word909 Word784 Word785,2018-04-30,Word563 Word564 Word9 Word26,NoDoc
Word16 Word17 Word18 Word7,SO1410,5040.0,Word1497 Word784,2018-10-31,Word563 Word564 Word9 Word26,NoDoc
Word59 Word60 Word61 Word5,1270,16.5,Word1472 Word785,2018-11-30,Word563 Word564 Word9 Word26,NoDoc
Word523 Word71 Word23 Word44 Word165 Word205 Word7,0094-10141115,133.27,Word1994 Word1995 Word1996 Word1997 Word1675,2018-11-30,Word563 Word589 Word590,NoDoc
Word16 Word17 Word18 Word7,3029,871.2,,2018-02-01,Word563 Word564 Word9 Word26,NoDoc
Word148 Word75 Word5,11813,25894.0,Word777 Word1113 Word1557 Word1027,2018-04-01,Word565 Word566,NoDoc
Word272 Word29 Word5,37679,12250.0,Word2116 Word578,2018-05-31,Word565 Word566,NoDoc
Word16 Word17 Word3 Word7,70950,360.0,Word1677 Word185 Word191 Word1827,2018-06-30,Word563 Word366 Word562,NoDoc
Word160 Word161 Word61 Word45 Word39,1108-1,3900.0,Word61,2018-11-30,Word567 Word568 Word569 Word570,Doc1
Word89 Word44 Word5,66658337,5517.6,Word644,2018-05-31,Word563 Word608 Word609,NoDoc
Word85 Word86 Word87 Word5 Word88 Word16 Word17 Word3 Word7,64788,105.0,Word1258 Word945,2017-12-01,Word563 Word580 Word581 Word232,NoDoc
Word38 Word4 Word39,20418303,18000.0,Word703 Word659,2018-07-31,Word563 Word121 Word579,NoDoc
Word16 Word17 Word3 Word7,70522,315.0,Word800 Word805 Word810,2018-05-31,Word563 Word366 Word562,NoDoc
Word116 Word117 Word118 Word119 Word7,155484,480.0,Word51 Word794 Word562,2018-11-30,Word563 Word580 Word581 Word232,NoDoc
Word44 Word45 Word46,201811-00046,8799523.59,Word807 Word808 Word46,2018-12-31,Word563 Word366 Word56 Word4,NoDoc
Word16 Word17 Word18 Word7,4712,1059.6,Word783 Word784 Word785,2018-04-30,Word563 Word564 Word9 Word26,NoDoc
Word41 Word125 Word34 Word5,4347,1500.0,Word1487 Word1025 Word1177,2018-02-01,Word567 Word582 Word583 Word584 Word585 Word586,Doc1
Word73 Word4 Word5,1803104,7705.0,Word1717 Word1718 Word1372,2018-05-31,Word563 Word366 Word562,NoDoc
Word16 Word17 Word18 Word7,QN790,2520.0,Word1053 Word904 Word764 Word26,2018-08-31,Word563 Word564 Word9 Word26,NoDoc
Word73 Word4 Word5,6210,330.0,Word838 Word839 Word53,2018-10-31,Word563 Word589 Word590,NoDoc
Word8 Word9 Word10 Word11 Word5,4.80C+11,51.6,Word783 Word784 Word1107 Word918,2018-04-30,Word563 Word564 Word9 Word26,NoDoc
Word312 Word313 Word314 Word315 Word5,DXR1001941,259790.52,Word1246 Word791,2018-11-30,Word560 Word561 Word315 Word638,Doc1
Word85 Word86 Word87 Word5 Word88 Word16 Word17 Word3 Word7,64947,840.0,Word562,2017-12-01,Word563 Word580 Word581 Word232,NoDoc
Word42 Word43 Word5,7596,555.0,Word804 Word805 Word806,2018-02-01,Word576 Word366 Word562,Doc3
Word16 Word17 Word18 Word7,CP1167,450.0,Word1524 Word240 Word666 Word201,2018-08-31,Word563 Word132 Word610,NoDoc
Word512 Word132 Word44,1455323,10485.44,Word1272 Word643,2018-08-31,Word52 Word330 Word566,NoDoc
Word73 Word4 Word5,3559,3046.0,Word762 Word21 Word145 Word1051,2018-08-31,Word563 Word615 Word211,NoDoc
Word50 Word51 Word4 Word5,1430,5780.0,Word330 Word99 Word764 Word780,2018-09-30,Word567 Word568 Word569 Word570,Doc1
Word16 Word17 Word18 Word7,2906,140.4,,2018-01-01,Word563 Word564 Word9 Word26,NoDoc
Word299 Word237 Word7,32486,24368.81,Word949 Word991 Word1062 Word45 Word980 Word808,2018-10-31,Word571 Word52 Word657 Word292 Word13,NoDoc
Word40 Word41 Word4 Word5,1775,4820.0,Word802 Word278 Word1242 Word803,2018-06-30,Word567 Word582 Word366 Word562,Doc1
Word144 Word145 Word146 Word147 Word7,125455,660.0,Word1555 Word699 Word1895,2018-05-31,Word563 Word366 Word562,NoDoc
Word74 Word75 Word44 Word5,FHG00128,269111.58,Word840 Word841 Word842 Word843,2016-10-01,Word563 Word600 Word601 Word602,NoDoc
Word96 Word3 Word4 Word5,62006,1290.0,Word305 Word132 Word190,2018-01-01,Word563 Word580 Word202 Word592,NoDoc
Word16 Word17 Word18 Word7,3970,450.0,Word1013,2018-04-01,Word563 Word564 Word9 Word26,NoDoc
Word16 Word17 Word18 Word7,YW1248,450.0,Word330 Word99 Word26,2018-09-30,Word563 Word564 Word9 Word26,NoDoc
Word205 Word206 Word207 Word39,19659,2733.03,Word681 Word1011,2018-05-31,Word571 Word52 Word372 Word579,NoDoc
Word162 Word7,VXQ07GQX18,10050.0,Word13 Word794,2018-10-31,Word567 Word582 Word107,Doc1
Word8 Word9 Word10 Word11 Word5,4.80O+11,206.4,Word61,2018-06-30,Word563 Word564 Word9 Word26,NoDoc
Word96 Word3 Word4 Word5,66309,4230.0,Word779 Word258 Word764 Word26,2018-03-01,Word563 Word564 Word9 Word26,NoDoc
Word16 Word17 Word18 Word7,2243,1321.9,Word1252 Word784 Word785,2018-03-01,Word567 Word568 Word569 Word570,Doc1
Word8 Word9 Word10 Word11 Word5,4.80X+11,490.2,Word928 Word784 Word929,2018-04-30,Word563 Word564 Word9 Word26,NoDoc
Word140 Word3 Word34,10069,1000.0,Word846 Word791 Word1062 Word847,2018-01-01,Word560 Word561 Word107,Doc1
Word156 Word157 Word7,1553789,476.16,Word575,2017-12-01,Word563 Word608 Word609,NoDoc
Word41 Word125 Word34 Word5,4329,9560.0,Word569 Word889,2018-02-01,Word567 Word582 Word580 Word202 Word545,Doc1
Word16 Word17 Word3 Word7,71735,649.5,Word876 Word1829,2018-09-30,Word563 Word366 Word562,NoDoc
Word16 Word17 Word18 Word7,QB1546,1533.6,Word924 Word784 Word1159 Word9,2018-10-31,Word563 Word580 Word581 Word232,NoDoc
Word16 Word17 Word18 Word7,3431,865.8,Word959 Word784 Word785,2018-03-01,Word563 Word564 Word9 Word26,NoDoc
Word40 Word41 Word4 Word5,1507,1500.0,Word802 Word278 Word803,2018-05-31,Word567 Word582 Word580 Word202 Word545,Doc1
Word76 Word77 Word5,52030966,13097.0,Word1261 Word908,2018-09-30,Word52 Word330 Word566,NoDoc
Word33 Word34 Word35 Word7,108644-1408,3503.94,Word946,2018-11-30,Word563 Word366 Word56 Word4,NoDoc
Word16 Word17 Word18 Word7,3778,108.0,Word783 Word784 Word785,2018-03-01,Word563 Word564 Word9 Word26,NoDoc
Word19 Word20 Word21 Word22 Word23 Word5,20169,12.29,Word575,2018-11-30,Word563 Word575,NoDoc
Word62 Word63 Word18 Word7,211748L,3040.0,,2018-01-01,Word563 Word132 Word610,NoDoc
Word116 Word117 Word118 Word119 Word7,149588,576.0,Word51 Word985,2018-04-01,Word563 Word580 Word581 Word232,NoDoc
Word16 Word17 Word18 Word7,1674,702.0,Word564 Word9 Word26,2017-12-01,Word563 Word564 Word9 Word26,NoDoc
Word30 Word31,649153,378.0,Word826 Word780,2018-04-01,Word563 Word564 Word9 Word26,NoDoc
Word30 Word31,652110,48.0,Word60 Word99 Word26,2018-04-01,Word563 Word564 Word9 Word26,NoDoc
Word16 Word17 Word18 Word7,3135,1281.6,Word785 Word330 Word99 Word764 Word61,2018-02-01,Word563 Word564 Word9 Word26,NoDoc
Word47 Word3 Word4 Word39,2018001987,10799.5,Word826 Word780,2018-02-01,Word563 Word564 Word9 Word26,NoDoc
Word160 Word161 Word61 Word45 Word39,576-2,96.0,Word338 Word61,2018-01-01,Word563 Word564 Word9 Word26,NoDoc
Word38 Word4 Word39,41531702,22000.0,Word121 Word1062 Word45 Word1062 Word981,2018-11-30,Word563 Word121 Word579,NoDoc
Word16 Word17 Word18 Word7,BR352,900.0,Word330 Word99 Word26,2018-06-30,Word563 Word564 Word9 Word26,NoDoc
Word85 Word86 Word87 Word5 Word88 Word16 Word17 Word3 Word7,60205O,1050.0,Word562,2018-02-01,Word563 Word580 Word581 Word232,NoDoc
Word16 Word17 Word18 Word7,KE1447,1350.0,Word330 Word99 Word26,2018-09-30,Word563 Word564 Word9 Word26,NoDoc
Word41 Word125 Word34 Word5,4352,660.0,Word255 Word278,2018-02-01,Word567 Word580 Word202 Word545,Doc1
Word16 Word17 Word18 Word7,2446,439.2,,2018-02-01,Word563 Word564 Word9 Word26,NoDoc
Word58 Word3 Word4 Word5,12755,1092.5,Word1420 Word1072,2018-02-01,Word563 Word580 Word581 Word232,NoDoc
Word6 Word7,10303,1312.5,Word711 Word773 Word774,2018-02-01,Word563 Word580 Word581 Word232,NoDoc
Word16 Word17 Word18 Word7,WM154,10080.0,Word1198 Word784 Word785,2018-05-31,Word563 Word564 Word9 Word26,NoDoc
Word382 Word132 Word155 Word5,20180831,14400.0,Word846 Word791,2018-09-30,Word567 Word582 Word107,Doc1
Word19 Word20 Word21 Word22 Word23 Word5,18138,1128.34,Word1123,2018-09-30,Word563 Word575,NoDoc
Word8 Word9 Word10 Word11 Word5,4.80R+11,1335.0,Word783 Word784 Word201 Word1392,2018-06-30,Word563 Word564 Word9 Word26,NoDoc
Word16 Word17 Word18 Word7,6526,320.4,Word783 Word784 Word785,2018-05-31,Word563 Word564 Word9 Word26,NoDoc
Word38 Word4 Word39,41524357,18500.0,Word121 Word836,2018-09-30,Word563 Word121 Word579,NoDoc
Word8 Word9 Word10 Word11 Word5,4.80Q+11,111.8,Word61,2018-02-01,Word563 Word564 Word9 Word26,NoDoc
Word227 Word315 Word44 Word39,90002442,5591.76,Word1960 Word1961 Word1962 Word1963,2018-08-31,Word560 Word561 Word580 Word202 Word545,Doc1
Word16 Word17 Word18 Word7,ER1371,1260.0,Word1033,2018-09-30,Word563 Word564 Word9 Word26,NoDoc
Word8 Word9 Word10 Word11 Word5,4.80P+11,120.0,Word330 Word99 Word780,2018-08-31,Word563 Word564 Word9 Word26,NoDoc
Word33 Word34 Word35 Word7,108644-1406,7458.48,Word1151 Word1152,2018-11-30,Word563 Word366 Word56 Word4,NoDoc
Word16 Word17 Word3 Word7,71642,324.0,Word820 Word815 Word789 Word2020,2018-08-31,Word563 Word366 Word562,NoDoc
Word166 Word5,1593,1955.0,Word61,2018-11-30,Word563 Word564 Word9 Word26,NoDoc
Word6 Word7,10565,595.0,Word780 Word1206 Word806 Word1316,2018-06-30,Word560 Word561 Word580 Word202 Word545,Doc1
Word19 Word20 Word21 Word22 Word23 Word5,16418,49.15,Word575,2018-07-31,Word563 Word575,NoDoc
Word16 Word17 Word3 Word7,70703,525.0,Word800 Word805 Word810,2018-05-31,Word563 Word366 Word562,NoDoc
Word286 Word287 Word288 Word39,51418091641,3969.0,Word612,2018-10-31,Word560 Word561 Word612,Doc1
Word16 Word17 Word18 Word7,YX1478,3780.0,Word1220 Word784,2018-10-31,Word563 Word564 Word9 Word26,NoDoc
Word33 Word34 Word35 Word7,108644-513,4690.0,Word193 Word506 Word967 Word808 Word967 Word882,2018-01-01,Word563 Word366 Word56 Word4,NoDoc
Word85 Word86 Word87 Word5 Word88 Word16 Word17 Word3 Word7,64788,105.0,Word1258 Word945,2017-12-01,Word563 Word580 Word581 Word232,NoDoc
Word50 Word51 Word4 Word5,1607,1350.0,Word202 Word1830 Word894 Word1735,2018-10-31,Word563 Word580 Word202 Word592,NoDoc
Word166 Word5,1493,255.0,Word330 Word99 Word780,2018-11-30,Word563 Word564 Word9 Word26,NoDoc
Word16 Word17 Word18 Word7,SG1697,1260.0,Word61,2018-10-31,Word563 Word564 Word9 Word26,NoDoc
Word375 Word5,1033993722-8,36666.66,Word1431 Word45 Word539 Word1128,2018-08-31,Word52 Word330 Word566,NoDoc
Word30 Word31,681306,1300.0,Word130 Word60 Word99 Word26,2018-10-31,Word563 Word564 Word9 Word26,NoDoc
Word38 Word4 Word39,41517470,3862.5,Word1171 Word1107 Word794 Word659 Word1200,2018-09-30,Word563 Word121 Word579,NoDoc
Word16 Word17 Word18 Word7,2768,562.7,,2018-02-01,Word563 Word564 Word9 Word26,NoDoc
Word257 Word258 Word259 Word5,171205-11309,27300.0,Word259 Word856 Word1110 Word1257,2018-01-01,Word567 Word582 Word580 Word202 Word545,Doc1
Word281 Word282 Word283 Word4 Word5,32726FGZ,11363.0,Word185 Word283 Word2117 Word2118,2018-02-01,Word613 Word99 Word614 Word282 Word283 Word620,Doc2
Word38 Word4 Word39,41485433,3750.0,Word792 Word1173 Word985 Word659,2018-03-01,Word563 Word121 Word579,NoDoc
Word16 Word17 Word18 Word7,GP861,180.0,Word785 Word330 Word99,2018-08-31,Word563 Word564 Word9 Word26,NoDoc
Word59 Word60 Word61 Word5,1045,270.0,Word992 Word784 Word785,2018-06-30,Word563 Word564 Word9 Word26,NoDoc
Word8 Word9 Word10 Word11 Word5,4.80X+11,178.45,Word564 Word9 Word26,2017-12-01,Word563 Word564 Word9 Word26,NoDoc
Word27 Word28 Word29 Word5,1093299,3517.59,Word338 Word700 Word1985,2018-06-30,Word576 Word130 Word577 Word578,Doc3
Word30 Word31,674526,36.0,Word1471 Word9 Word780,2018-09-30,Word563 Word564 Word9 Word26,NoDoc
Word8 Word9 Word10 Word11 Word5,4.80V+11,5749.1,Word1907 Word784 Word568 Word650,2018-06-30,Word563 Word564 Word9 Word26,NoDoc
Word40 Word41 Word4 Word5,1692,3300.0,Word802 Word278 Word1242 Word1468,2018-06-30,Word567 Word582 Word366 Word562,Doc1
Word16 Word17 Word18 Word7,PJ1469,1440.0,Word1013,2018-09-30,Word563 Word564 Word9 Word26,NoDoc
Word16 Word17 Word18 Word7,2887,280.8,Word885 Word784 Word785,2018-02-01,Word563 Word564 Word9 Word26,NoDoc
Word16 Word17 Word18 Word7,QY1497,1260.0,Word885 Word784,2018-10-31,Word563 Word564 Word9 Word26,NoDoc
Word58 Word3 Word4 Word5,12827,460.0,Word994 Word1707,2018-03-01,Word563 Word366 Word562,NoDoc
Word16 Word17 Word3 Word7,71649,1188.0,Word562 Word1555 Word738,2018-08-31,Word567 Word582 Word366 Word562,Doc1
Word30 Word31,678912,260.0,Word330 Word99 Word26,2018-10-31,Word563 Word564 Word9 Word26,NoDoc
Word33 Word34 Word35 Word7,108644-593,7556.44,Word946 Word895,2018-02-01,Word563 Word366 Word56 Word4,NoDoc
Word228 Word10 Word5,10198,2940.0,Word1839 Word1840 Word1158,2018-03-01,Word563 Word366 Word562,NoDoc
Word8 Word9 Word10 Word11 Word5,4.80P+11,58.5,Word330 Word99 Word26,2018-11-30,Word563 Word564 Word9 Word26,NoDoc
Word19 Word20 Word21 Word22 Word23 Word5,16895,829.33,Word575 Word868,2018-08-31,Word563 Word575,NoDoc
Word218 Word22 Word4 Word5,11830,12520.0,Word800 Word757 Word1072,2018-08-31,Word567 Word582 Word366 Word562,Doc1
Word381 Word3 Word4,WWU374877,22800.0,Word1851 Word791,2018-10-31,Word52 Word330 Word566,NoDoc
Word8 Word9 Word10 Word11 Word5,4.80V+11,125.0,Word877,2018-09-30,Word563 Word564 Word9 Word26,NoDoc
Word38 Word4 Word39,41524127,22000.0,Word121 Word836,2018-09-30,Word563 Word121 Word579,NoDoc
Word73 Word4 Word5,3766,1534.0,Word762 Word21 Word145 Word1051,2018-08-31,Word563 Word615 Word211,NoDoc
Word16 Word17 Word18 Word7,4520,879.6,Word783 Word784 Word785,2018-04-01,Word563 Word564 Word9 Word26,NoDoc
Word160 Word161 Word61 Word45 Word39,1113-1,1440.0,Word61,2018-10-31,Word567 Word568 Word569 Word570,Doc1
Word16 Word17 Word18 Word7,IA1695,5040.0,Word9 Word26,2018-10-31,Word563 Word564 Word9 Word26,NoDoc
Word41 Word125 Word34 Word5,4430,30060.0,Word278 Word772 Word99 Word895,2018-04-30,Word567 Word582 Word583 Word584 Word585 Word586,Doc1
Word240 Word276 Word3 Word4 Word5,5137,3870.0,Word800 Word805 Word605,2018-05-31,Word560 Word561 Word603 Word604 Word605 Word606,Doc1
Word144 Word145 Word146 Word147 Word7,124066,997.5,Word951 Word952 Word2025,2017-12-01,Word567 Word582 Word366 Word562,Doc1
Word362 Word308 Word5,980,1624.5,Word9 Word780,2018-02-01,Word563 Word564 Word9 Word26,NoDoc
Word54 Word3 Word4,IOI53326,150.0,Word9 Word780,2018-02-01,Word563 Word564 Word9 Word26,NoDoc
Word139 Word3 Word4 Word7,15447,2977.64,Word633 Word575,2018-01-01,Word588 Word451 Word545,Doc1
Word44 Word45 Word46,201806-00045,2829197.98,Word845 Word835 Word46,2018-07-31,Word560 Word561 Word709 Word710 Word338 Word678 Word711,Doc1
Word122 Word123 Word21 Word124 Word5,RSN21297,40320.0,Word826 Word785,2018-09-30,Word563 Word564 Word9 Word26,NoDoc
Word16 Word17 Word18 Word7,4272,720.0,Word255 Word1321,2018-04-01,Word563 Word564 Word9 Word26,NoDoc
Word273 Word61,458,15913.0,Word826 Word780,2018-04-01,Word567 Word568 Word569 Word570,Doc1
Word223 Word60 Word65 Word4 Word7,3651,2904.0,Word827 Word791,2018-08-31,Word560 Word561 Word366 Word562,Doc1
Word96 Word3 Word4 Word5,80323,405.0,Word132 Word255,2018-06-30,Word563 Word132 Word610,NoDoc
Word160 Word161 Word61 Word45 Word39,1187-4,60.0,Word61,2018-10-31,Word563 Word564 Word9 Word26,NoDoc
Word414 Word5,QFR261740,51073.0,Word681 Word1577,2018-11-30,Word571 Word52 Word457 Word253 Word732,NoDoc
Word376 Word377 Word44,100060506,11200.0,Word13 Word794,2018-10-31,Word567 Word582 Word107,Doc1
Word122 Word123 Word21 Word124 Word5,PUR20621,49410.0,Word1286 Word60 Word99 Word764 Word26,2018-07-31,Word563 Word564 Word9 Word26,NoDoc
Word16 Word17 Word18 Word7,4551,1641.6,Word787 Word784 Word785,2018-03-01,Word567 Word569 Word570,Doc1
Word48 Word3 Word4 Word5,XM20182472,300.0,Word877,2018-09-30,Word52 Word330 Word566,NoDoc
Word19 Word20 Word21 Word22 Word23 Word5,20282,155.17,Word1399 Word1400 Word575,2018-11-30,Word563 Word575,NoDoc
Word199 Word200 Word201 Word202 Word7,PMU-0021552,27920.0,Word201 Word856,2018-03-01,Word567 Word582 Word580 Word202 Word545,Doc1
Word30 Word31,675824,5355.0,Word797 Word190,2018-09-30,Word567 Word582 Word366 Word562,Doc1
Word54 Word494 Word60,11354157,107500.0,Word1098 Word1908,2018-07-31,Word571 Word52 Word646 Word633 Word579,NoDoc
Word8 Word9 Word10 Word11 Word5,480128550025P,5280.0,Word1706 Word785,2018-11-30,Word563 Word564 Word9 Word26,NoDoc
Word47 Word3 Word4 Word39,2018018074,258.0,Word646 Word791,2018-08-31,Word560 Word672 Word366 Word562,Doc1
Word33 Word34 Word35 Word7,108644-729,4504.08,Word193 Word1429 Word700 Word865 Word700 Word694,2018-03-01,Word563 Word366 Word562,NoDoc
Word16 Word17 Word18 Word7,KM1408,5040.0,Word926 Word784,2018-10-31,Word563 Word564 Word9 Word26,NoDoc
Word16 Word17 Word18 Word7,LI2022,1080.0,Word785 Word1159 Word9,2018-11-30,Word560 Word561 Word603 Word604 Word605 Word606,Doc1
Word208 Word209 Word155 Word7,X40906,512.5,Word1140 Word156 Word798,2018-05-31,Word567 Word568 Word569 Word570,Doc1
Word38 Word4 Word39,41521191,5443.56,Word121 Word836,2018-10-31,Word563 Word121 Word579,NoDoc
Word83 Word84 Word44 Word7,20918-8-1,1133.35,Word850 Word65,2018-05-31,Word563 Word580 Word581 Word232,NoDoc
Word58 Word3 Word4 Word5,12728,1400.0,,2018-02-01,Word563 Word580 Word581 Word232,NoDoc
Word44 Word45 Word46,201811-00046,8799523.59,Word807 Word808 Word46,2018-12-31,Word185 Word630 Word450 Word631,NoDoc
Word96 Word3 Word4 Word5,90007,200.0,Word123 Word190,2018-09-30,Word563 Word564 Word9 Word26,NoDoc
Word179 Word180 Word181 Word182,FGGSJ09282018,48705.93,Word979 Word836 Word694 Word45 Word911 Word808,2018-10-31,Word571 Word52 Word594 Word641,NoDoc
Word318,4283194,2052.72,Word1255 Word827,2018-02-01,Word613 Word99 Word614 Word98 Word338 Word678,Doc2
Word85 Word86 Word87 Word5 Word88 Word16 Word17 Word3 Word7,70297,210.0,Word562,2018-05-31,Word563 Word366 Word562,NoDoc
Word16 Word17 Word18 Word7,XW1145,1260.0,Word61,2018-08-31,Word563 Word564 Word9 Word26,NoDoc
Word16 Word17 Word18 Word7,4415,1329.6,Word783 Word784 Word785,2018-04-30,Word563 Word564 Word9 Word26,NoDoc
Word96 Word3 Word4 Word5,65474,450.0,Word123 Word190,2018-02-01,Word563 Word564 Word9 Word26,NoDoc
Word308 Word309 Word310,2018PQAWSMFUCFUVFM,2760671.27,Word835 Word682 Word683 Word684,2018-10-31,Word563 Word682 Word683 Word684,NoDoc
Word8 Word9 Word10 Word11 Word5,4.80H+11,112.5,Word1397 Word785,2018-11-30,Word563 Word564 Word9 Word26,NoDoc
Word38 Word4 Word39,41530892,3500.0,Word1484 Word985,2018-11-30,Word563 Word121 Word579,NoDoc
Word16 Word17 Word3 Word7,71228,216.0,Word1677 Word1678 Word1679 Word1157,2018-11-30,Word563 Word366 Word562,NoDoc
Word557 Word91 Word107 Word5,44707,22850.6,Word846 Word791,2018-05-31,Word567 Word582 Word107,Doc1
Word179 Word180 Word181 Word182,WMRVF09282018,48705.93,Word979 Word836 Word694 Word45 Word911 Word808,2018-10-31,Word571 Word52 Word594 Word641,NoDoc
Word16 Word17 Word18 Word7,3326,140.4,Word783 Word784 Word785,2018-03-01,Word563 Word564 Word9 Word26,NoDoc
Word311 Word99 Word393 Word44,R1826641,4420.0,Word2065 Word791 Word1712 Word808,2018-03-01,Word563 Word121 Word579,NoDoc
Word273 Word61,472,600.0,Word60 Word99 Word780,2018-06-30,Word563 Word564 Word9 Word26,NoDoc
Word16 Word17 Word18 Word7,3432,152.1,Word785 Word330 Word99 Word764 Word26,2018-02-01,Word563 Word564 Word9 Word26,NoDoc
Word144 Word145 Word146 Word147 Word7,125252,931.0,Word1178 Word1032 Word864,2018-04-01,Word563 Word366 Word562,NoDoc
Word27 Word28 Word29 Word5,1109042,7553.28,Word1096 Word965,2018-07-31,Word567 Word582 Word366 Word562,Doc1
Word58 Word3 Word4 Word5,12749,750.0,Word1678 Word214 Word1742,2018-02-01,Word563 Word580 Word581 Word232,NoDoc
Word8 Word9 Word10 Word11 Word5,4.80I+11,1397.5,Word330 Word99 Word26,2018-01-01,Word563 Word564 Word9 Word26,NoDoc
Word16 Word17 Word18 Word7,WC2045,1080.0,Word1033 Word785,2018-11-30,Word563 Word564 Word9 Word26,NoDoc
Word16 Word17 Word18 Word7,1975,444.6,Word338 Word330 Word99 Word26,2017-12-01,Word567 Word569 Word570,Doc1
Word16 Word17 Word18 Word7,2711,140.4,,2018-02-01,Word563 Word564 Word9 Word26,NoDoc
Word16 Word17 Word18 Word7,2877,421.2,Word959 Word784 Word785,2018-02-01,Word563 Word564 Word9 Word26,NoDoc
Word19 Word20 Word21 Word22 Word23 Word5,17977,63.68,Word1982,2018-09-30,Word563 Word575,NoDoc
Word16 Word17 Word18 Word7,JQ538,2800.0,Word338 Word330 Word99 Word26,2018-06-30,Word563 Word564 Word9 Word26,NoDoc
Word179 Word180 Word181 Word182,YYPAM070218,28507.05,Word979 Word1005 Word883 Word45 Word831 Word808,2018-07-31,Word571 Word52 Word594 Word595 Word596 Word597,NoDoc
Word16 Word17 Word18 Word7,2769,607.2,,2018-02-01,Word563 Word564 Word9 Word26,NoDoc
Word74 Word75 Word44 Word5,ZCP00128,-269111.58,Word840 Word841 Word842 Word843,2018-03-01,Word563 Word600 Word601 Word602,NoDoc
Word388 Word4,FEO0196,9743.09,Word292 Word791,2018-09-30,Word563 Word619,NoDoc
Word48 Word3 Word4 Word5,XF20180225,4680.0,Word1140 Word877 Word26,2018-05-31,Word560 Word561 Word612,Doc1
Word187 Word188,FPK112018,59401.33,Word613 Word781 Word967 Word986 Word808,2018-11-30,Word571 Word52 Word572 Word573 Word574,NoDoc
Word73 Word4 Word5,1804164,552.74,Word633 Word115,2018-07-31,Word563 Word575,NoDoc
Word42 Word43 Word5,8430,870.0,Word804 Word805 Word1327 Word190 Word806,2018-10-31,Word560 Word611 Word366 Word562,Doc1
Word8 Word9 Word10 Word11 Word5,4.80F+11,3766.8,Word779 Word258 Word780,2018-01-01,Word567 Word568 Word569 Word570,Doc1
Word391 Word9 Word369,1021,15688.69,Word689 Word794,2018-01-01,Word563 Word564 Word9 Word26,NoDoc
Word96 Word3 Word4 Word5,65479,18585.0,Word123 Word190,2018-02-01,Word563 Word564 Word9 Word26,NoDoc
Word19 Word20 Word21 Word22 Word23 Word5,18586,999.86,Word873 Word1715,2018-10-31,Word563 Word580 Word581 Word232,NoDoc
Word74 Word75 Word44 Word5,JEB00128,-269111.58,Word840 Word841 Word842 Word843,2018-03-01,Word563 Word600 Word601 Word602,NoDoc
Word8 Word9 Word10 Word11 Word5,4.80W+11,60.0,Word61,2018-07-31,Word563 Word564 Word9 Word26,NoDoc
Word19 Word20 Word21 Word22 Word23 Word5,20282,155.17,Word1399 Word1400 Word575,2018-11-30,Word563 Word575,NoDoc
Word116 Word117 Word118 Word119 Word7,147807,439.17,Word51 Word794,2018-04-01,Word563 Word580 Word581 Word232,NoDoc
Word85 Word86 Word87 Word5 Word88 Word16 Word17 Word3 Word7,65938,630.0,Word562,2018-04-30,Word588 Word451 Word545,Doc1
Word223 Word60 Word65 Word4 Word7,3606,699.5,Word1330 Word1823,2018-07-31,Word560 Word561 Word593 Word578 Word65,Doc1
Word16 Word17 Word18 Word7,SL1296,2520.0,Word61,2018-09-30,Word563 Word564 Word9 Word26,NoDoc
Word438 Word439 Word440 Word34 Word5,15251,1703.75,Word1697 Word791,2018-01-01,Word563 Word366 Word562,NoDoc
Word42 Word43 Word5,7744,725.0,Word899 Word1282 Word1149,2018-03-01,Word563 Word580 Word581 Word232,NoDoc
Word439 Word456 Word457 Word458 Word5,072918JF1,1980.0,Word311 Word1790 Word980 Word778 Word1190 Word808,2018-07-31,Word571 Word52 Word657 Word457 Word13,NoDoc
Word199 Word200 Word201 Word202 Word7,RPT-0019972,6350.0,Word666 Word1987 Word201 Word2013,2018-01-01,Word567 Word582 Word580 Word202 Word545,Doc1
Word58 Word3 Word4 Word5,12811,1285.0,Word2086 Word832 Word191,2018-03-01,Word563 Word366 Word562,NoDoc
Word38 Word4 Word39,41521424,3862.5,Word121 Word836,2018-09-30,Word563 Word121 Word579,NoDoc
Word16 Word17 Word18 Word7,1921,140.4,Word783 Word784 Word785,2018-01-01,Word563 Word564 Word9 Word26,NoDoc
Word30 Word31,645759,7240.25,Word1053 Word9 Word764 Word780,2018-02-01,Word563 Word564 Word9 Word26,NoDoc
Word33 Word34 Word35 Word7,108644-1118,9055.07,Word562,2018-07-31,Word563 Word366 Word56 Word4,NoDoc
Word8 Word9 Word10 Word11 Word5,4.80H+11,65.0,Word1031 Word784 Word1107 Word918,2018-10-31,Word563 Word564 Word9 Word26,NoDoc
Word122 Word123 Word21 Word124 Word5,YRN20621,49410.0,Word1286 Word60 Word99 Word764 Word26,2018-07-31,Word563 Word564 Word9 Word26,NoDoc
Word16 Word17 Word18 Word7,UY1139,1260.0,Word61,2018-08-31,Word563 Word564 Word9 Word26,NoDoc
Word54 Word3 Word4,IHT69984,420.0,Word123 Word190,2018-10-31,Word563 Word564 Word9 Word26,NoDoc
Word8 Word9 Word10 Word11 Word5,4.80U+11,40.0,Word1496 Word784 Word568 Word650,2018-10-31,Word563 Word564 Word9 Word26,NoDoc
Word16 Word17 Word18 Word7,OL1576,605.7,Word9 Word439 Word604,2018-10-31,Word52 Word330 Word566,NoDoc
Word16 Word17 Word18 Word7,2392,140.4,Word783 Word784 Word785,2018-02-01,Word563 Word564 Word9 Word26,NoDoc
Word160 Word161 Word61 Word45 Word39,776-1,55.0,,2018-02-01,Word563 Word564 Word9 Word26,NoDoc
Word16 Word17 Word18 Word7,JY1917,3780.0,Word879 Word785,2018-11-30,Word563 Word564 Word9 Word26,NoDoc
Word16 Word17 Word18 Word7,MX1242,405.0,Word1100 Word201,2018-09-30,Word563 Word132 Word610,NoDoc
Word16 Word17 Word3 Word7,70959,480.0,Word820 Word821 Word815,2018-06-30,Word563 Word366 Word562,NoDoc
Word16 Word17 Word18 Word7,6975,410.4,Word783 Word784 Word785,2018-04-30,Word563 Word564 Word9 Word26,NoDoc
Word179 Word180 Word181 Word182,NPHPT09282018,48705.93,Word979 Word836 Word694 Word45 Word911 Word808,2018-10-31,Word571 Word52 Word669 Word573 Word21 Word670,NoDoc
Word33 Word34 Word35 Word7,108644-1137,11297.76,Word1369 Word1370 Word883 Word717 Word883 Word831,2018-08-31,Word563 Word366 Word56 Word4,NoDoc
Word16 Word17 Word18 Word7,IA199,270.0,Word1144 Word132,2018-06-30,Word563 Word132 Word610,NoDoc
Word6 Word7,10665,2075.0,Word899 Word805 Word810,2018-08-31,Word560 Word611 Word603 Word604 Word605 Word606,Doc1
Word389 Word147 Word130,511326,9124.0,Word130,2018-08-31,Word567 Word582 Word41 Word319,Doc1
Word38 Word4 Word39,41487648,12900.0,Word792 Word1173 Word985 Word659,2018-03-01,Word563 Word121 Word579,NoDoc
Word74 Word75 Word44 Word5,XIT00128,-269111.58,Word840 Word841 Word842 Word843,2018-03-01,Word563 Word600 Word601 Word602,NoDoc
Word16 Word17 Word18 Word7,IE1268,180.0,Word255,2018-09-30,Word563 Word132 Word610,NoDoc
Word113 Word114 Word115 Word7,147673,5890.0,Word1273 Word1274 Word1275,2018-06-30,Word563 Word366 Word562,NoDoc
Word286 Word287 Word288 Word39,51418091811,14287.0,Word132 Word1183 Word1323,2018-11-30,Word560 Word561 Word612,Doc1
Word8 Word9 Word10 Word11 Word5,4.80G+11,54.0,Word61,2018-11-30,Word563 Word564 Word9 Word26,NoDoc
Word139 Word3 Word4 Word7,16050,2232.15,Word906 Word907,2018-08-31,Word563 Word174,NoDoc
Word16 Word17 Word18 Word7,4936,320.4,Word783 Word784 Word785,2018-05-31,Word563 Word564 Word9 Word26,NoDoc
Word134 Word61 Word45 Word39,QTL2018YNFVFORV,1126.35,Word689 Word780,2018-07-31,Word563 Word564 Word9 Word26,NoDoc
Word44 Word45 Word46,201811-00046,8799523.59,Word807 Word808 Word46,2018-12-31,Word563 Word250,NoDoc
Word324 Word4,18-8154-OMV,-790.66,Word700 Word980 Word160 Word883 Word695 Word1522 Word1480 Word1705,2018-10-31,Word588 Word568 Word490,Doc1
Word16 Word17 Word18 Word7,RS1310,3780.0,Word1358,2018-09-30,Word563 Word564 Word9 Word26,NoDoc
Word54 Word3 Word4,VPA58016,340.0,Word797 Word809 Word1933 Word132,2018-04-01,Word563 Word132 Word610,NoDoc
Word33 Word34 Word35 Word7,108644-1323,5366.86,Word331 Word895 Word1086 Word808 Word1086 Word882,2018-10-31,Word563 Word366 Word56 Word4,NoDoc
Word42 Word43 Word5,8229,1510.0,Word562,2018-07-31,Word563 Word580 Word581 Word232,NoDoc
Word293 Word4 Word165 Word47 Word7,919312,4453.25,Word612 Word4,2018-03-01,Word613 Word99 Word614 Word282 Word283 Word620,Doc2
Word16 Word17 Word18 Word7,ZZ377,2800.0,Word785 Word330 Word99 Word26,2018-06-30,Word563 Word564 Word9 Word26,NoDoc
Word41 Word125 Word34 Word5,189,2200.0,Word255 Word278,2018-01-01,Word567 Word582 Word580 Word202 Word545,Doc1
Word16 Word17 Word18 Word7,2025,1350.0,Word901 Word343,2018-01-01,Word567 Word568 Word569 Word570,Doc1
Word116 Word117 Word118 Word119 Word7,153428,576.0,Word51 Word794 Word562,2018-06-30,Word563 Word580 Word581 Word232,NoDoc
Word448 Word5,10702,2350.0,Word1752 Word1753 Word1754 Word99 Word1755 Word762,2018-11-30,Word563 Word580 Word202 Word592,NoDoc
Word16 Word17 Word18 Word7,FV950,675.0,Word125 Word966,2018-08-31,Word563 Word580 Word581 Word232,NoDoc
Word16 Word17 Word18 Word7,RL357,2520.0,Word330 Word99 Word764 Word26,2018-06-30,Word563 Word564 Word9 Word26,NoDoc
Word58 Word3 Word4 Word5,12737,1630.0,Word1335 Word1713 Word816,2018-02-01,Word563 Word580 Word581 Word232,NoDoc
Word33 Word34 Word35 Word7,108644-442,7285.96,Word258 Word1425 Word1062 Word872 Word967 Word1062,2017-12-01,Word563 Word174,NoDoc
Word16 Word17 Word3 Word7,71914,216.0,Word1326 Word805 Word605,2018-09-30,Word563 Word366 Word562,NoDoc
Word113 Word114 Word115 Word7,149409,593.75,Word578,2018-08-31,Word563 Word580 Word581 Word232,NoDoc
Word16 Word17 Word18 Word7,3306,854.4,Word785 Word330 Word99 Word764 Word61,2018-02-01,Word563 Word564 Word9 Word26,NoDoc
Word166 Word5,1481,1275.0,Word123 Word190,2018-11-30,Word563 Word132 Word610,NoDoc
Word89 Word44 Word5,66624054,5400.0,Word644,2018-05-31,Word563 Word608 Word609,NoDoc
Word42 Word43 Word5,7958,380.0,Word1283 Word832 Word338 Word878,2018-05-31,Word560 Word611 Word603 Word604 Word605 Word606,Doc1
Word219 Word220 Word34 Word5,1025,20932.5,Word1661 Word835 Word220 Word2012,2018-10-31,Word560 Word611 Word603 Word604 Word605 Word606,Doc1
Word8 Word9 Word10 Word11 Word5,4.80W+11,1513.35,Word61,2018-11-30,Word563 Word564 Word9 Word26,NoDoc
Word8 Word9 Word10 Word11 Word5,4809758032H,96.0,Word885 Word784 Word568 Word650,2018-02-01,Word563 Word564 Word9 Word26,NoDoc
Word85 Word86 Word87 Word5 Word88 Word16 Word17 Word3 Word7,64988,262.52,Word1317 Word691,2017-12-01,Word563 Word580 Word581 Word232,NoDoc
Word16 Word17 Word3 Word7,70863,120.0,Word824 Word789 Word1032,2018-06-30,Word563 Word366 Word562,NoDoc
Word33 Word34 Word35 Word7,108644-1447,258.67,Word1442 Word562 Word694 Word871 Word694 Word872,2018-11-30,Word563 Word366 Word562,NoDoc
Word25 Word26,031218-43,500.0,Word9 Word785,2018-05-31,Word560 Word561 Word612,Doc1
Word85 Word86 Word87 Word5 Word88 Word16 Word17 Word3 Word7,65991,315.0,Word899 Word805 Word605,2018-03-01,Word563 Word580 Word581 Word232,NoDoc
Word48 Word3 Word4 Word5,NW20181077,930.0,Word810 Word800 Word805,2018-07-31,Word563 Word564 Word9 Word26,NoDoc
Word257 Word258 Word259 Word5,180109-11533,26800.0,Word1350 Word856,2018-02-01,Word567 Word672 Word580 Word202 Word545,Doc1
Word16 Word17 Word3 Word7,71529,432.0,Word393 Word798,2018-08-31,Word563 Word366 Word562,NoDoc
Word16 Word17 Word18 Word7,2535,1461.6,Word330 Word99 Word764 Word780,2018-02-01,Word563 Word564 Word9 Word26,NoDoc
Word16 Word17 Word3 Word7,71280,360.0,Word804 Word805 Word338 Word201 Word706,2018-10-31,Word563 Word366 Word562,NoDoc
Word44 Word45 Word46,201805-00053-VV0,2570126.23,Word834 Word835 Word46,2018-06-30,Word560 Word561 Word315 Word638,Doc1
Word8 Word9 Word10 Word11 Word5,4.80F+11,240.0,Word61,2018-09-30,Word563 Word564 Word9 Word26,NoDoc
Word30 Word31,656808,212.5,Word797 Word190,2018-04-30,Word563 Word580 Word581 Word232,NoDoc
Word16 Word17 Word18 Word7,2532,280.8,Word785 Word330 Word99 Word764 Word61,2018-02-01,Word563 Word564 Word9 Word26,NoDoc
Word162 Word7,KSID22JRQ18,6800.0,Word582 Word943,2018-08-31,Word567 Word582 Word107,Doc1
Word16 Word17 Word3 Word7,70527,630.0,Word987 Word490,2018-05-31,Word563 Word366 Word562,NoDoc
Word473 Word71 Word23 Word7,63-45798-05,-554.24,Word1138,2018-10-31,Word563 Word174,NoDoc
Word80 Word3 Word4,A139832,38403.58,Word592 Word856 Word562,2018-08-31,Word567 Word568 Word569 Word295,Doc1
Word90 Word91 Word92 Word7,112872,14668.5,Word202 Word592,2018-07-31,Word567 Word582 Word41 Word319,Doc1
Word153 Word154 Word109 Word155 Word31,010218WQKNFFXHRLMZSGW,17337.78,Word1571,2018-02-01,Word563 Word564 Word9 Word26,NoDoc
Word16 Word17 Word18 Word7,NS350,2520.0,Word785 Word330 Word99 Word764 Word26,2018-06-30,Word563 Word564 Word9 Word26,NoDoc
Word16 Word17 Word18 Word7,BW1726,5040.0,Word796 Word785,2018-10-31,Word563 Word564 Word9 Word26,NoDoc
Word273 Word61,503,2183.5,Word61,2018-10-31,Word563 Word564 Word9 Word26,NoDoc
Word16 Word17 Word18 Word7,4295,1378.8,Word959 Word784 Word785,2018-04-01,Word563 Word564 Word9 Word26,NoDoc
Word30 Word31,640452,721.25,Word61,2018-02-01,Word563 Word564 Word9 Word26,NoDoc
Word160 Word161 Word61 Word45 Word39,998-4,715.0,Word60 Word99 Word780,2018-06-30,Word563 Word564 Word9 Word26,NoDoc
Word6 Word7,10573,1445.0,Word338 Word9 Word650 Word1282 Word1628,2018-06-30,Word560 Word611 Word603 Word604 Word605 Word606,Doc1
Word16 Word17 Word18 Word7,EU2173,630.0,Word973 Word577 Word765 Word1332,2018-11-30,Word563 Word564 Word9 Word26,NoDoc
Word42 Word43 Word5,7624,745.0,Word1257 Word562,2018-02-01,Word563 Word580 Word581 Word232,NoDoc
Word109 Word61 Word7,134,930.0,Word1159 Word9,2018-02-01,Word560 Word561 Word366 Word562,Doc1
Word30 Word31,662068,614.0,Word123 Word190,2018-09-30,Word563 Word564 Word9 Word26,NoDoc
Word548 Word60 Word549,TBCAVZXDLIJYX061118,1770.7,Word2078 Word768 Word480 Word603,2018-06-30,Word576 Word705 Word706,Doc3
Word62 Word63 Word18 Word7,211359I,520.0,Word338 Word61,2017-12-01,Word563 Word564 Word9 Word26,NoDoc
Word360 Word204 Word103 Word5,8639,10000.0,Word1380,2018-04-01,Word567 Word580 Word202 Word545,Doc1
Word199 Word200 Word201 Word202 Word7,OOB-0025289,800.0,Word201 Word856,2018-08-31,Word563 Word580 Word202 Word592,NoDoc
Word33 Word34 Word35 Word7,108644-1318,5854.06,Word562 Word895 Word940,2018-10-31,Word563 Word366 Word56 Word4,NoDoc
Word16 Word17 Word18 Word7,4458,1170.0,Word1013 Word966,2018-04-01,Word563 Word564 Word9 Word26,NoDoc
Word16 Word17 Word18 Word7,2739,540.0,,2018-02-01,Word563 Word132 Word610,NoDoc
Word42 Word43 Word5,8558,682.5,Word804 Word805 Word809 Word1091 Word806,2018-11-30,Word52 Word330 Word566,NoDoc
Word8 Word9 Word10 Word11 Word5,4.80M+11,53.75,Word1150 Word784 Word929,2018-02-01,Word563 Word564 Word9 Word26,NoDoc
Word97 Word91 Word4 Word5,18-1752,462.0,Word887 Word132,2018-04-01,Word563 Word132 Word610,NoDoc
Word16 Word17 Word18 Word7,3453,427.2,,2018-02-01,Word563 Word564 Word9 Word26,NoDoc
Word24 Word22 Word4 Word5,23083,510.0,Word26 Word60 Word99,2018-11-30,Word563 Word564 Word9 Word26,NoDoc
Word160 Word161 Word61 Word45 Word39,1022-1,115.0,Word826 Word780,2018-06-30,Word563 Word564 Word9 Word26,NoDoc
Word160 Word161 Word61 Word45 Word39,860-2,195.0,Word826 Word780,2018-03-01,Word563 Word564 Word9 Word26,NoDoc
Word179 Word180 Word181 Word182,YDPLX080118-BHZZ,44473.31,Word979 Word836 Word980 Word45 Word981 Word808,2018-08-31,Word563 Word575,NoDoc
Word59 Word60 Word61 Word5,1270,16.5,Word1472 Word785,2018-11-30,Word563 Word564 Word9 Word26,NoDoc
Word41 Word125 Word34 Word5,4314,22500.0,Word278 Word772,2018-02-01,Word567 Word582 Word583 Word584 Word585 Word586,Doc1
Word16 Word17 Word3 Word7,71826,324.0,Word1657,2018-09-30,Word563 Word366 Word562,NoDoc
Word33 Word34 Word35 Word7,108644-1273,8919.12,Word562,2018-09-30,Word563 Word366 Word56 Word4,NoDoc
Word33 Word34 Word35 Word7,108644-1209,4557.96,Word562,2018-10-31,Word563 Word366 Word56 Word4,NoDoc
Word271,90032567,1200.0,Word681 Word1136,2018-10-31,Word571 Word52 Word307 Word665 Word579,NoDoc
Word80 Word3 Word4,D134743,19654.0,Word592 Word562,2018-08-31,Word563 Word366 Word562,NoDoc
Word42 Word43 Word5,8101,2030.0,Word804 Word805 Word806 Word899 Word1172,2018-06-30,Word563 Word580 Word581 Word232,NoDoc
Word162 Word7,PGG25JAC18,14000.0,Word582 Word943,2018-02-01,Word567 Word582 Word107,Doc1
Word16 Word17 Word18 Word7,GI1647,180.0,Word783 Word784 Word764 Word26,2018-10-31,Word563 Word564 Word9 Word26,NoDoc
Word8 Word9 Word10 Word11 Word5,4.80L+11,540.0,Word884 Word776,2018-11-30,Word563 Word564 Word9 Word26,NoDoc
Word41 Word125 Word34 Word5,4303,220.0,Word255 Word278,2018-02-01,Word567 Word582 Word580 Word202 Word545,Doc1
Word101 Word102 Word103 Word7,113886,2968.0,Word351 Word165 Word1072,2018-10-31,Word563 Word366 Word562,NoDoc
Word101 Word102 Word103 Word7,112194,11400.0,Word562,2018-06-30,Word576 Word366 Word562,Doc3
Word96 Word3 Word4 Word5,57328,270.0,Word305 Word132 Word190,2017-12-01,Word563 Word629 Word581 Word232,NoDoc
Word16 Word17 Word18 Word7,2398,982.8,,2018-02-01,Word563 Word564 Word9 Word26,NoDoc
Word223 Word60 Word65 Word4 Word7,3071,715.0,Word99 Word1330 Word1823,2018-05-31,Word560 Word561 Word593 Word578 Word65,Doc1
Word42 Word43 Word5,8493,1305.0,Word562,2018-10-31,Word563 Word580 Word581 Word232,NoDoc
Word263 Word264 Word61 Word5,VE-2462,1415.25,Word599 Word191,2018-09-30,Word563 Word564 Word9 Word26,NoDoc
Word12 Word13 Word7,11012,22950.0,Word777 Word865 Word883 Word808,2018-03-01,Word560 Word561 Word107,Doc1
Word16 Word17 Word18 Word7,KQ2003,1260.0,Word338 Word1033 Word9 Word1542 Word1543,2018-11-30,Word563 Word564 Word9 Word26,NoDoc
Word85 Word86 Word87 Word5 Word88 Word16 Word17 Word3 Word7,64754,52.52,Word1258 Word805 Word945,2017-12-01,Word563 Word580 Word581 Word232,NoDoc
Word19 Word20 Word21 Word22 Word23 Word5,11325,38.47,,2018-01-01,Word288 Word626 Word627,NoDoc
Word24 Word22 Word4 Word5,22552,7097.5,Word9 Word130,2018-07-31,Word563 Word564 Word9 Word26,NoDoc
Word38 Word4 Word39,41501334,3862.5,Word1171 Word1022 Word794 Word745,2018-06-30,Word563 Word121 Word579,NoDoc
Word16 Word17 Word18 Word7,4664,1219.2,Word885 Word784 Word785,2018-04-30,Word563 Word564 Word9 Word26,NoDoc
Word27 Word28 Word29 Word5,1147264,7491.93,Word1096 Word836,2018-10-31,Word576 Word130 Word577 Word578,Doc3
Word16 Word17 Word18 Word7,BT1307,3780.0,Word1290 Word785,2018-09-30,Word563 Word564 Word9 Word26,NoDoc
Word16 Word17 Word18 Word7,4044,1080.0,Word1013,2018-04-30,Word563 Word564 Word9 Word26,NoDoc
Word54 Word3 Word4,FJK55490,150.0,Word61,2018-02-01,Word563 Word564 Word9 Word26,NoDoc
Word90 Word14,LWPQI022818,2014.35,Word613 Word781 Word2004,2018-03-01,Word571 Word52 Word594 Word595 Word596 Word597,NoDoc
Word16 Word17 Word18 Word7,1597,140.4,Word783 Word784 Word568 Word650 Word785,2018-01-01,Word563 Word564 Word9 Word26,NoDoc
Word89 Word44 Word5,66716096,1650.0,Word978 Word1080,2018-05-31,Word563 Word608 Word609,NoDoc
Word8 Word9 Word10 Word11 Word5,4.80L+11,60.0,Word330 Word99 Word26,2018-10-31,Word563 Word564 Word9 Word26,NoDoc
Word101 Word102 Word103 Word7,113281,10628.82,Word562,2018-08-31,Word576 Word674 Word675,Doc3
Word16 Word17 Word18 Word7,4929,1096.2,Word959 Word784 Word785,2018-05-31,Word563 Word564 Word9 Word26,NoDoc
Word16 Word17 Word18 Word7,GV1703,3780.0,Word61,2018-10-31,Word563 Word564 Word9 Word26,NoDoc
Word116 Word117 Word118 Word119 Word7,152764,576.0,Word51 Word791 Word562,2018-06-30,Word563 Word580 Word581 Word232,NoDoc
Word16 Word17 Word18 Word7,2537,1404.0,Word330 Word99 Word764 Word26,2018-02-01,Word563 Word564 Word9 Word26,NoDoc
Word47 Word3 Word4 Word39,2018001092,3102.5,,2018-02-01,Word563 Word564 Word9 Word26,NoDoc
Word19 Word20 Word21 Word22 Word23 Word5,15487,60.0,Word575,2018-06-30,Word563 Word575,NoDoc
Word162 Word7,VFZ08UBO18,12170.0,Word582 Word1093 Word791,2018-05-31,Word567 Word582 Word107,Doc1
Word42 Word43 Word5,8074,1595.0,Word804 Word805 Word806,2018-06-30,Word563 Word580 Word581 Word232,NoDoc
Word224 Word3 Word4 Word5,KM51-23767,871.75,Word826 Word780,2018-03-01,Word563 Word564 Word9 Word26,NoDoc
Word233 Word234,GSDVGOC102618,60.1,Word613 Word781 Word1062 Word1074 Word808,2018-11-30,Word571 Word52 Word594 Word595 Word596 Word597,NoDoc
Word16 Word17 Word18 Word7,YY2234,10620.0,Word1198 Word784 Word165 Word948 Word764 Word2066,2018-11-30,Word563 Word564 Word9 Word26,NoDoc
Word349 Word3 Word4 Word350 Word351 Word333,86225,4960.0,Word1113 Word2050 Word258 Word59,2018-02-01,Word565 Word566,NoDoc
Word19 Word20 Word21 Word22 Word23 Word5,11598,486.98,Word575,2018-02-01,Word563 Word575,NoDoc
Word44 Word45 Word46,201805-00053-SR0,2570126.23,Word834 Word835 Word46,2018-06-30,Word563 Word250,NoDoc
Word113 Word114 Word115 Word7,144364,6502.5,Word578 Word791,2018-04-30,Word560 Word561 Word366 Word562,Doc1
Word16 Word17 Word18 Word7,2355,912.6,Word1102 Word784 Word785,2018-02-01,Word563 Word564 Word9 Word26,NoDoc
Word249 Word250 Word44 Word7,NZD071918,23.87,Word1098 Word1991,2018-07-31,Word571 Word52 Word639 Word250 Word756,NoDoc
Word208 Word209 Word155 Word7,J39061,569.5,Word568 Word760 Word170,2018-05-31,Word567 Word568 Word569 Word570,Doc1
Word89 Word44 Word5,67253413,7800.0,Word1478 Word201 Word1479,2018-11-30,Word563 Word608 Word609,NoDoc
Word16 Word17 Word18 Word7,RZ1718,1260.0,Word1215 Word785,2018-10-31,Word563 Word564 Word9 Word26,NoDoc
Word16 Word17 Word3 Word7,71510,800.02,Word800 Word132 Word810,2018-07-31,Word288 Word626 Word627,NoDoc
Word85 Word86 Word87 Word5 Word88 Word16 Word17 Word3 Word7,65917,681.98,Word562,2018-03-01,Word563 Word580 Word581 Word232,NoDoc
Word16 Word17 Word18 Word7,GN1296,2520.0,Word61,2018-09-30,Word563 Word564 Word9 Word26,NoDoc
Word249 Word250 Word44 Word7,S0045252459,202248.24,Word1098 Word1099,2018-05-31,Word571 Word52 Word639 Word250 Word651,NoDoc
Word70 Word47 Word71 Word72 Word7,283428,13383.86,Word45 Word808 Word700 Word808,2018-03-01,Word563 Word598 Word71,NoDoc
Word19 Word20 Word21 Word22 Word23 Word5,20136,184.31,Word575 Word786,2018-11-30,Word563 Word575,NoDoc
Word85 Word86 Word87 Word5 Word88 Word16 Word17 Word3 Word7,64781,52.52,Word1258 Word945,2017-12-01,Word563 Word580 Word581 Word232,NoDoc
Word44 Word45 Word46,201811-00046,8799523.59,Word807 Word808 Word46,2018-12-31,Word563 Word580 Word202 Word592,NoDoc
Word8 Word9 Word10 Word11 Word5,4.80R+11,770.0,Word61,2018-08-31,Word563 Word564 Word9 Word26,NoDoc
Word16 Word17 Word18 Word7,3510,1506.6,Word785 Word9 Word764 Word26,2018-02-01,Word563 Word564 Word9 Word26,NoDoc
Word144 Word145 Word146 Word147 Word7,125109,2062.5,Word516 Word913 Word1090,2018-04-01,Word576 Word366 Word562,Doc3
Word16 Word17 Word18 Word7,RR1751,180.0,Word941 Word785,2018-10-31,Word563 Word564 Word9 Word26,NoDoc
Word113 Word114 Word115 Word7,151541,5275.0,Word1511 Word578 Word562,2018-09-30,Word576 Word632 Word9 Word23 Word179,Doc3
Word33 Word34 Word35 Word7,108644-1443,4289.27,Word1257 Word53 Word1442 Word562,2018-11-30,Word563 Word366 Word562,NoDoc
Word30 Word31,643589,720.0,Word826 Word780,2018-02-01,Word563 Word564 Word9 Word26,NoDoc
Word78 Word79 Word11 Word5,G031418-15,40.0,Word330 Word99 Word764 Word780,2018-04-01,Word563 Word564 Word9 Word26,NoDoc
Word48 Word3 Word4 Word5,DA20183812,870.0,Word798 Word799 Word132 Word878 Word642,2018-11-30,Word563 Word564 Word9 Word26,NoDoc
Word80 Word3 Word4,U135714,5120.0,Word703 Word1556,2018-10-31,Word563 Word629 Word581 Word232,NoDoc
Word186 Word4 Word5,9417,55500.0,Word1260 Word791,2018-06-30,Word560 Word561 Word315 Word638,Doc1
Word38 Word4 Word39,41523580,12900.0,Word121 Word836,2018-09-30,Word563 Word121 Word579,NoDoc
Word70 Word47 Word71 Word72 Word7,290038,25134.03,Word883 Word717 Word980 Word830,2018-08-31,Word563 Word598 Word71,NoDoc
Word73 Word4 Word5,1804181,104.86,Word1437 Word944,2018-08-31,Word563 Word174,NoDoc
Word235,WRH090718WYSQXPW,608502.74,Word639 Word1076 Word842 Word971 Word808,2018-09-30,Word571 Word52 Word639 Word579,NoDoc
Word48 Word3 Word4 Word5,DP20182252,360.0,Word877,2018-08-31,Word563 Word564 Word9 Word26,NoDoc
Word74 Word75 Word44 Word5,NID00128,-269111.58,Word840 Word841 Word842 Word843,2018-03-01,Word563 Word600 Word601 Word602,NoDoc
Word16 Word17 Word18 Word7,2847,332.1,,2018-02-01,Word563 Word564 Word9 Word26,NoDoc
Word19 Word20 Word21 Word22 Word23 Word5,15556,590.97,Word575,2018-07-31,Word563 Word575,NoDoc
Word80 Word3 Word4,E134480,63350.0,Word569 Word570,2018-08-31,Word567 Word568 Word569 Word295,Doc1
Word524 Word525 Word39,5604489928,703.55,Word681 Word2008,2018-07-31,Word571 Word52 Word457 Word752 Word253 Word670,NoDoc
Word160 Word161 Word61 Word45 Word39,768-2,58.5,Word60 Word99 Word26,2018-01-01,Word563 Word564 Word9 Word26,NoDoc
Word33 Word34 Word35 Word7,108644-1312,5844.0,Word2021 Word1086 Word967 Word1086 Word882,2018-10-31,Word563 Word366 Word56 Word4,NoDoc
Word426 Word427 Word71 Word72 Word7,20707180131,238.23,Word909 Word986 Word1806 Word986,2018-02-01,Word563 Word598 Word71,NoDoc
Word16 Word17 Word18 Word7,YA1648,720.0,Word959 Word784,2018-10-31,Word563 Word564 Word9 Word26,NoDoc
Word30 Word31,678908,900.0,Word797 Word190,2018-10-31,Word563 Word366 Word562,NoDoc
Word96 Word3 Word4 Word5,75254,12620.0,Word1587 Word797 Word190,2018-04-01,Word560 Word561 Word366 Word562,Doc1
Word16 Word17 Word18 Word7,2391,1080.0,Word785 Word330 Word99 Word764 Word26,2018-02-01,Word563 Word564 Word9 Word26,NoDoc
Word16 Word17 Word18 Word7,2908,140.4,Word783 Word784 Word785,2018-01-01,Word563 Word564 Word9 Word26,NoDoc
Word19 Word20 Word21 Word22 Word23 Word5,10723,882.13,Word575,2017-12-01,Word563 Word575,NoDoc
Word16 Word17 Word18 Word7,QK1497,1260.0,Word885 Word784,2018-10-31,Word563 Word564 Word9 Word26,NoDoc
Word223 Word60 Word65 Word4 Word7,3124,3943.0,Word65 Word791,2018-05-31,Word560 Word561 Word366 Word562,Doc1
Word223 Word60 Word65 Word4 Word7,3068,740.0,Word827 Word791,2018-03-01,Word560 Word561 Word593 Word578 Word65,Doc1
Word16 Word17 Word18 Word7,6726,320.4,Word783 Word784 Word785,2018-05-31,Word563 Word564 Word9 Word26,NoDoc
Word85 Word86 Word87 Word5 Word88 Word16 Word17 Word3 Word7,70271,210.0,Word511 Word1293 Word201,2018-04-30,Word563 Word366 Word562,NoDoc
Word113 Word114 Word115 Word7,150595,72.0,Word1773 Word1774 Word1537,2018-09-30,Word560 Word561 Word366 Word562,Doc1
Word16 Word17 Word18 Word7,6525,646.2,Word959 Word784 Word785,2018-05-31,Word563 Word564 Word9 Word26,NoDoc
Word30 Word31,663686,364.0,Word61,2018-07-31,Word563 Word564 Word9 Word26,NoDoc
Word33 Word34 Word35 Word7,108644-426,11386.56,Word56 Word125,2017-12-01,Word563 Word366 Word56 Word4,NoDoc
Word30 Word31,639452,231.0,Word797 Word190,2018-02-01,Word563 Word564 Word9 Word26,NoDoc
Word16 Word17 Word18 Word7,1959,351.0,Word564 Word9 Word26,2017-12-01,Word563 Word564 Word9 Word26,NoDoc
Word116 Word117 Word118 Word119 Word7,153858,1584.18,Word562,2018-11-30,Word563 Word366 Word562,NoDoc
Word44 Word45 Word46,201805-00053-MT0,2570126.23,Word834 Word835 Word46,2018-06-30,Word563 Word599 Word562,NoDoc
Word16 Word17 Word18 Word7,IT794,810.0,Word800 Word799 Word816 Word960,2018-08-31,Word563 Word366 Word562,NoDoc
Word166 Word5,1439,340.0,Word1031 Word894 Word123 Word190,2018-10-31,Word567 Word568 Word569 Word570,Doc1
Word113 Word114 Word115 Word7,143222,425.0,Word578 Word991,2018-03-01,Word565 Word566,NoDoc
Word78 Word79 Word11 Word5,G121417-16,20.0,Word596 Word784 Word568 Word650,2018-02-01,Word563 Word564 Word9 Word26,NoDoc
Word113 Word114 Word115 Word7,147450,1381.25,Word578 Word991,2018-07-31,Word560 Word561 Word612,Doc1
Word16 Word17 Word18 Word7,EJ1911,1260.0,Word819 Word785,2018-10-31,Word563 Word564 Word9 Word26,NoDoc
Word6 Word7,10733,750.0,Word711 Word1589 Word1847,2018-08-31,Word563 Word366 Word562,NoDoc
Word160 Word161 Word61 Word45 Word39,785-1,48.0,,2018-02-01,Word563 Word564 Word9 Word26,NoDoc
Word16 Word17 Word18 Word7,4376,1522.8,Word959 Word784 Word785,2018-04-30,Word563 Word564 Word9 Word26,NoDoc
Word16 Word17 Word18 Word7,MW1750,270.0,Word941 Word785,2018-10-31,Word563 Word366 Word562,NoDoc
Word78 Word79 Word11 Word5,V013118-08,66.0,Word330 Word99 Word26,2018-03-01,Word563 Word564 Word9 Word26,NoDoc
Word30 Word31,678837,240.0,Word826 Word780,2018-10-31,Word563 Word564 Word9 Word26,NoDoc
Word16 Word17 Word18 Word7,GH1306,5040.0,Word1544 Word785,2018-09-30,Word563 Word564 Word9 Word26,NoDoc
Word179 Word180 Word181 Word182,YGVVP080118-JJTF,44473.31,Word979 Word836 Word980 Word45 Word981 Word808,2018-08-31,Word571 Word52 Word636 Word372 Word575 Word613,NoDoc
Word139 Word3 Word4 Word7,15842,9144.84,Word1065 Word550 Word1066,2018-06-30,Word563 Word174,NoDoc
Word96 Word3 Word4 Word5,58165,1030.0,Word305 Word132 Word190,2018-01-01,Word563 Word132 Word610,NoDoc
Word16 Word17 Word18 Word7,KC112,12600.0,Word190 Word965,2018-05-31,Word563 Word564 Word9 Word26,NoDoc
Word78 Word79 Word11 Word5,J031418-10,4452.0,Word826 Word780,2018-04-01,Word563 Word564 Word9 Word26,NoDoc
Word16 Word17 Word3 Word7,70718,360.0,Word1335 Word605,2018-06-30,Word563 Word366 Word562,NoDoc
Word47 Word536 Word537 Word538 Word539 Word540 Word541,4557,580.0,Word376 Word1149 Word147,2018-09-30,Word52 Word330 Word566,NoDoc
Word16 Word17 Word18 Word7,WZ375,500.0,Word132 Word255,2018-06-30,Word563 Word132 Word610,NoDoc
Word389 Word147 Word130,510983,966.0,Word307,2018-08-31,Word567 Word582 Word366 Word562,Doc1
Word256 Word4 Word5,940,8100.0,Word2055 Word1659 Word2056,2018-01-01,Word567 Word582 Word107,Doc1
Word113 Word114 Word115 Word7,154082,14145.0,Word578 Word125 Word286,2018-11-30,Word560 Word561 Word612,Doc1
Word144 Word145 Word146 Word147 Word7,125985,3465.0,Word516 Word913 Word1090,2018-06-30,Word576 Word366 Word562,Doc3
Word260 Word65 Word7,596090,1572.0,Word1115 Word319,2018-10-31,Word588 Word655 Word656 Word545,Doc1
Word33 Word34 Word35 Word7,108644-1097,3627.39,Word562,2018-07-31,Word563 Word366 Word56 Word4,NoDoc
Word162 Word7,FBVK14SQI18,6161.0,Word846 Word791 Word865 Word909 Word865 Word716,2018-03-01,Word567 Word582 Word107,Doc1
Word299 Word237 Word7,31603,48976.27,Word949 Word991 Word700 Word909 Word808 Word808,2018-02-01,Word571 Word52 Word657 Word646 Word13,NoDoc
Word44 Word45 Word46,201811-00046,8799523.59,Word807 Word808 Word46,2018-12-31,Word560 Word561 Word366 Word562,Doc1
Word54 Word3 Word4,DIB69093,552.5,Word826 Word785,2018-10-31,Word563 Word564 Word9 Word26,NoDoc
Word192 Word193 Word194,1811462,13346.23,Word807 Word835 Word619 Word991,2018-12-31,Word52 Word330 Word566,NoDoc
Word16 Word17 Word18 Word7,RY1305,2520.0,Word993 Word784 Word785,2018-09-30,Word563 Word564 Word9 Word26,NoDoc
Word19 Word20 Word21 Word22 Word23 Word5,13450,500.6,Word575,2018-04-01,Word563 Word575,NoDoc
Word30 Word31,672186,48.0,Word826 Word780,2018-08-31,Word563 Word564 Word9 Word26,NoDoc
Word8 Word9 Word10 Word11 Word5,4.80Z+11,75.0,Word775 Word776,2018-10-31,Word563 Word564 Word9 Word26,NoDoc
Word116 Word117 Word118 Word119 Word7,151090,445.5,Word51 Word794 Word1853 Word1854,2018-04-30,Word563 Word580 Word581 Word232,NoDoc
Word16 Word17 Word18 Word7,3744,320.4,Word783 Word784 Word785,2018-05-31,Word563 Word564 Word9 Word26,NoDoc
Word97 Word91 Word4 Word5,18-1863,520.0,Word123 Word190,2018-05-31,Word563 Word564 Word9 Word26,NoDoc
Word8 Word9 Word10 Word11 Word5,4.80H+11,1497.5,Word330 Word99 Word26,2018-10-31,Word563 Word564 Word9 Word26,NoDoc
Word16 Word17 Word18 Word7,WZ2079,270.0,Word1496 Word784 Word132 Word878 Word642,2018-11-30,Word563 Word564 Word9 Word26,NoDoc
Word19 Word20 Word21 Word22 Word23 Word5,11887,381.8,Word1898 Word1899 Word1122 Word1123,2018-02-01,Word563 Word575,NoDoc
Word263 Word264 Word61 Word5,FO-2343,1020.0,Word780 Word9,2017-12-01,Word563 Word564 Word9 Word26,NoDoc
Word272 Word29 Word5,BX-2017130,5250.0,Word130 Word791,2018-03-01,Word565 Word566,NoDoc
Word16 Word17 Word18 Word7,4736,320.4,Word783 Word784 Word785,2018-04-30,Word563 Word564 Word9 Word26,NoDoc
Word111 Word112 Word91 Word107 Word7,27051,10140.0,Word777 Word699 Word808 Word699 Word871,2018-04-30,Word567 Word582 Word107,Doc1
Word19 Word20 Word21 Word22 Word23 Word5,17668,59.22,Word633 Word575,2018-08-31,Word563 Word575,NoDoc
Word30 Word31,646196,42.0,Word826 Word780,2018-03-01,Word563 Word564 Word9 Word26,NoDoc
Word42 Word43 Word5,8230,870.0,Word330 Word914 Word806,2018-07-31,Word563 Word580 Word581 Word232,NoDoc
Word74 Word75 Word44 Word5,IIM00128,269111.58,Word840 Word841 Word842 Word843,2016-10-01,Word563 Word600 Word601 Word602,NoDoc
Word30 Word31,637855,396.5,Word826 Word780,2018-01-01,Word563 Word564 Word9 Word26,NoDoc
Word80 Word3 Word4,B139774,13420.0,Word592 Word856 Word562,2018-09-30,Word563 Word645 Word562,NoDoc
Word308 Word309 Word371 Word372,2015 LI NABMUQK,0.0,Word1417 Word682 Word683 Word371,2016-10-01,Word563 Word682 Word683 Word684,NoDoc
Word8 Word9 Word10 Word11 Word5,4.80D+11,120.0,Word826 Word785,2018-10-31,Word563 Word564 Word9 Word26,NoDoc
Word30 Word31,681302,260.0,Word61,2018-10-31,Word563 Word564 Word9 Word26,NoDoc
Word16 Word17 Word18 Word7,IJ1072,540.0,Word1100 Word1355 Word1356,2018-08-31,Word567 Word568 Word569 Word570,Doc1
Word81 Word82 Word5,618JVQHVOQRFY,1000.0,Word845 Word82 Word1080 Word202,2018-09-30,Word563 Word82 Word9 Word607,NoDoc
Word19 Word20 Word21 Word22 Word23 Word5,13238,620.0,Word915 Word916 Word575,2018-03-01,Word563 Word575,NoDoc
Word62 Word63 Word18 Word7,219616E,700.0,Word1139 Word2043,2018-12-31,Word560 Word561 Word366 Word562,Doc1
Word30 Word31,677901,48.0,Word783 Word784 Word935,2018-10-31,Word563 Word564 Word9 Word26,NoDoc
Word426 Word427 Word71 Word72 Word7,20707180228,632.27,Word45 Word986 Word700 Word986,2018-02-01,Word563 Word598 Word71,NoDoc
Word16 Word17 Word18 Word7,3262,1375.6,Word26,2018-03-01,Word567 Word569 Word570,Doc1
Word50 Word51 Word4 Word5,1581,977.5,Word797 Word190,2018-11-30,Word567 Word582 Word366 Word562,Doc1
Word96 Word3 Word4 Word5,77072,360.0,Word797 Word809 Word877,2018-05-31,Word563 Word580 Word581 Word232,NoDoc
Word85 Word86 Word87 Word5 Word88 Word16 Word17 Word3 Word7,70143,210.0,Word1595 Word1783 Word1784,2018-04-30,Word563 Word580 Word581 Word232,NoDoc
Word48 Word3 Word4 Word5,HA20181075,450.0,Word877 Word1604,2018-09-30,Word563 Word564 Word9 Word26,NoDoc
Word24 Word22 Word4 Word5,22453,2760.0,Word1159 Word9,2018-06-30,Word567 Word568 Word569 Word570,Doc1
Word16 Word17 Word18 Word7,FV957,1260.0,Word885 Word784 Word785,2018-08-31,Word563 Word564 Word9 Word26,NoDoc
Word48 Word3 Word4 Word5,UA20182475,4152.0,Word877 Word132 Word878 Word642,2018-08-31,Word560 Word561 Word612,Doc1
Word116 Word117 Word118 Word119 Word7,142677,384.0,Word51 Word794,2018-07-31,Word563 Word366 Word562,NoDoc
Word19 Word20 Word21 Word22 Word23 Word5,16420,133.2,Word1649 Word1650,2018-07-31,Word563 Word575,NoDoc
Word74 Word75 Word44 Word5,MYD00128,269111.58,Word840 Word841 Word842 Word843,2016-10-01,Word563 Word600 Word601 Word602,NoDoc
Word134 Word61 Word45 Word39,MVAGMYI 2018 RMGGGOXD,34128.9,Word689 Word26,2018-12-31,Word563 Word564 Word9 Word26,NoDoc
Word58 Word3 Word4 Word5,13151,690.0,Word876 Word1165 Word1166,2018-07-31,Word563 Word366 Word562,NoDoc
Word111 Word112 Word91 Word107 Word7,27003,12138.0,Word846 Word791 Word45 Word981 Word700 Word699,2018-02-01,Word567 Word582 Word107,Doc1
Word24 Word22 Word4 Word5,23114,1317.5,Word562,2018-11-30,Word567 Word568 Word569 Word570,Doc1
Word6 Word7,10690,3195.0,Word1889 Word1282 Word1149,2018-07-31,Word560 Word611 Word603 Word604 Word605 Word606,Doc1
Word19 Word20 Word21 Word22 Word23 Word5,15956,1272.91,Word633 Word575,2018-07-31,Word563 Word575,NoDoc
Word41 Word125 Word34 Word5,226,5542.5,Word1237 Word21 Word802,2018-02-01,Word567 Word582 Word580 Word202 Word545,Doc1
Word272 Word29 Word5,41869,3452.0,Word130 Word791,2018-07-31,Word52 Word330 Word566,NoDoc
Word261 Word262,136000,825.75,Word61,2018-11-30,Word563 Word564 Word9 Word26,NoDoc
Word81 Word82 Word5,0218ZXLRAKSFVO,500.0,Word82 Word1087 Word856 Word1088 Word835,2018-04-30,Word563 Word580 Word581 Word232,NoDoc
Word16 Word17 Word18 Word7,JE1320,180.0,Word783 Word784,2018-10-31,Word563 Word564 Word9 Word26,NoDoc
Word19 Word20 Word21 Word22 Word23 Word5,19036,253.74,Word575 Word996 Word997 Word20,2018-10-31,Word563 Word575,NoDoc
Word16 Word17 Word3 Word7,71215,324.0,Word800 Word804 Word805 Word868,2018-10-31,Word563 Word366 Word562,NoDoc
Word356 Word13,O3075,18719.0,Word846 Word991 Word695 Word45 Word866 Word808,2018-06-30,Word560 Word561 Word107,Doc1
Word16 Word17 Word18 Word7,SU380,200.0,Word961 Word132,2018-06-30,Word563 Word132 Word610,NoDoc
Word16 Word17 Word18 Word7,3767,1857.6,Word787 Word784 Word785,2018-04-01,Word563 Word564 Word9 Word26,NoDoc
Word16 Word17 Word18 Word7,PB1703,3780.0,Word61,2018-10-31,Word563 Word564 Word9 Word26,NoDoc
Word19 Word20 Word21 Word22 Word23 Word5,20136,184.31,Word575 Word786,2018-11-30,Word563 Word575,NoDoc
Word33 Word34 Word35 Word7,108644-794,9111.78,Word562 Word1305,2018-04-30,Word563 Word366 Word56 Word4,NoDoc
Word217 Word3 Word10 Word5,GAS081518-1,21856.8,Word1041 Word894 Word9 Word1042,2018-10-31,Word563 Word564 Word9 Word26,NoDoc
Word263 Word264 Word61 Word5,XE-2388,978.75,Word599 Word191 Word9,2018-03-01,Word563 Word564 Word9 Word26,NoDoc
Word8 Word9 Word10 Word11 Word5,4.80E+11,120.0,Word330 Word99 Word780,2018-08-31,Word563 Word564 Word9 Word26,NoDoc
Word166 Word5,1490,255.0,Word123 Word809 Word1150 Word784 Word330 Word99,2018-11-30,Word563 Word564 Word9 Word26,NoDoc
Word47 Word339 Word229 Word340 Word7,18-12037,98.8,Word1824 Word791,2018-09-30,Word563 Word359,NoDoc
Word30 Word31,668480,48.0,Word826 Word780,2018-07-31,Word563 Word564 Word9 Word26,NoDoc
Word16 Word17 Word18 Word7,WH1101,2520.0,Word884 Word784 Word785,2018-08-31,Word563 Word564 Word9 Word26,NoDoc
Word16 Word17 Word3 Word7,71257,1665.0,Word204 Word798,2018-10-31,Word563 Word366 Word562,NoDoc
Word30 Word31,661926,96.0,Word26 Word935,2018-06-30,Word563 Word564 Word9 Word26,NoDoc
Word16 Word17 Word18 Word7,2645,616.5,Word1125 Word784 Word785,2018-02-01,Word563 Word564 Word9 Word26,NoDoc
Word42 Word43 Word5,8037,1305.0,Word804 Word805 Word806,2018-05-31,Word563 Word580 Word581 Word232,NoDoc
Word38 Word4 Word39,41527446,4223.0,Word1484 Word1062 Word45 Word1062 Word981,2018-11-30,Word563 Word121 Word579,NoDoc
Word8 Word9 Word10 Word11 Word5,4.80J+11,1393.2,Word2100 Word784 Word1107 Word918,2018-04-30,Word563 Word564 Word9 Word26,NoDoc
Word8 Word9 Word10 Word11 Word5,4.80W+11,600.0,Word61,2018-08-31,Word563 Word564 Word9 Word26,NoDoc
Word186 Word4 Word5,9716,55500.0,Word315 Word985,2018-07-31,Word560 Word561 Word315 Word638,Doc1
Word140 Word3 Word34,10078,18027.0,Word777 Word1808 Word1027,2018-03-01,Word565 Word566,NoDoc
Word48 Word3 Word4 Word5,LJ20184065,80.0,Word798 Word9,2018-11-30,Word563 Word366 Word562,NoDoc
Word16 Word17 Word18 Word7,ML265,3780.0,Word1006 Word784 Word785,2018-06-30,Word563 Word564 Word9 Word26,NoDoc
Word16 Word17 Word18 Word7,3002,675.0,,2018-02-01,Word563 Word564 Word9 Word26,NoDoc
Word16 Word17 Word18 Word7,ZL264,3780.0,Word330 Word99 Word764 Word26,2018-06-30,Word563 Word564 Word9 Word26,NoDoc
Word16 Word17 Word18 Word7,CW1313,5040.0,Word796 Word785,2018-09-30,Word563 Word564 Word9 Word26,NoDoc
Word16 Word17 Word18 Word7,HR182,360.0,Word785 Word948 Word764 Word26,2018-06-30,Word563 Word564 Word9 Word26,NoDoc
Word193 Word311 Word214 Word4 Word7,6210102441,195.0,Word305 Word1241 Word1193,2018-03-01,Word563 Word608 Word609,NoDoc
Word19 Word20 Word21 Word22 Word23 Word5,12848,751.23,Word1122 Word1123,2018-03-01,Word563 Word575,NoDoc
Word59 Word60 Word61 Word5,1016,1741.5,Word924 Word826 Word1500 Word978,2018-06-30,Word563 Word564 Word9 Word26,NoDoc
Word186 Word4 Word5,12820,12200.0,Word1921 Word794,2018-11-30,Word52 Word330 Word566,NoDoc
Word62 Word63 Word18 Word7,213254H,284.0,Word338 Word60 Word99,2018-03-01,Word563 Word564 Word9 Word26,NoDoc
Word254 Word255 Word5,3007,26010.0,Word160 Word1626 Word1627,2018-05-31,Word567 Word650 Word9 Word255,Doc1
Word299 Word237 Word7,32416,21535.7,Word949 Word991 Word694 Word1062 Word717 Word808,2018-09-30,Word571 Word52 Word657 Word681 Word371 Word13,NoDoc
Word38 Word4 Word39,41521191,5443.56,Word121 Word836,2018-10-31,Word563 Word121 Word579,NoDoc
Word6 Word7,10733,750.0,Word711 Word1589 Word1847,2018-08-31,Word563 Word366 Word562,NoDoc
Word16 Word17 Word18 Word7,2274,540.0,Word255,2018-02-01,Word563 Word366 Word562,NoDoc
Word16 Word17 Word18 Word7,3017,1068.0,,2018-02-01,Word563 Word564 Word9 Word26,NoDoc
Word6 Word7,10804,2420.0,Word1144 Word511 Word1145,2018-10-31,Word560 Word561 Word366 Word562,Doc1
Word235,6031484-00,130.55,Word1691 Word119 Word910 Word1692,2018-06-30,Word571 Word52 Word733 Word742 Word579,NoDoc
Word356 Word13,N3077,17815.0,Word846 Word791,2018-07-31,Word52 Word330 Word566,NoDoc
Word47 Word3 Word4 Word39,2018009571,587.5,Word330 Word99 Word26,2018-05-31,Word563 Word564 Word9 Word26,NoDoc
Word78 Word79 Word11 Word5,L013118-09,1848.0,Word330 Word99 Word26,2018-03-01,Word563 Word564 Word9 Word26,NoDoc
Word16 Word17 Word18 Word7,2864,140.4,,2018-02-01,Word563 Word564 Word9 Word26,NoDoc
Word38 Word4 Word39,41506443,6772.25,Word1171 Word1107 Word794 Word659 Word1295,2018-07-31,Word563 Word121 Word579,NoDoc
Word30 Word31,655072,2465.0,Word797 Word809 Word650 Word1282 Word1149,2018-05-31,Word560 Word611 Word603 Word604 Word605 Word606,Doc1
Word30 Word31,653118,2150.5,Word60 Word99 Word26,2018-04-01,Word563 Word564 Word9 Word26,NoDoc
Word16 Word17 Word3 Word7,71603,756.0,Word562,2018-08-31,Word563 Word366 Word562,NoDoc
Word42 Word43 Word5,8325,2520.0,Word900 Word805 Word806,2018-08-31,Word563 Word366 Word562,NoDoc
Word16 Word17 Word18 Word7,1598,152.1,Word1031 Word784 Word785,2018-01-01,Word563 Word564 Word9 Word26,NoDoc
Word96 Word3 Word4 Word5,63577,3827.5,Word1053 Word1256 Word9,2018-02-01,Word563 Word564 Word9 Word26,NoDoc
Word74 Word75 Word44 Word5,ZRE00128,-269111.58,Word840 Word841 Word842 Word843,2018-03-01,Word563 Word600 Word601 Word602,NoDoc
Word74 Word75 Word44 Word5,PRW00128,-269111.58,Word840 Word841 Word842 Word843,2018-03-01,Word563 Word600 Word601 Word602,NoDoc
Word217 Word3 Word10 Word5,OQLYO041518-1,42170.4,Word1281 Word9,2018-06-30,Word563 Word564 Word9 Word26,NoDoc
Word96 Word3 Word4 Word5,72349,720.0,Word797 Word190,2018-04-30,Word563 Word564 Word9 Word26,NoDoc
Word58 Word3 Word4 Word5,12911,340.0,Word1534 Word1535,2018-04-30,Word563 Word366 Word562,NoDoc
Word33 Word34 Word35 Word7,108644-1363,6079.32,Word562,2018-10-31,Word563 Word366 Word56 Word4,NoDoc
Word19 Word20 Word21 Word22 Word23 Word5,14523,146.68,Word868,2018-05-31,Word563 Word575,NoDoc
Word16 Word17 Word18 Word7,3110,755.8,Word785 Word330 Word99 Word764 Word26,2018-02-01,Word563 Word564 Word9 Word26,NoDoc
Word30 Word31,671127,96.0,Word978 Word780,2018-08-31,Word563 Word564 Word9 Word26,NoDoc
Word16 Word17 Word18 Word7,4296,1558.8,Word959 Word784 Word785,2018-04-01,Word563 Word564 Word9 Word26,NoDoc
Word33 Word34 Word35 Word7,108644-640,7268.8,Word1026 Word883 Word1027 Word562,2018-02-01,Word565 Word566,NoDoc
Word54 Word3 Word4,GUF69908,807.5,Word797 Word190,2018-10-31,Word563 Word132 Word610,NoDoc
Word416 Word417,IJSOBD120418,85.45,Word613 Word781 Word1590,2018-12-31,Word571 Word52 Word594 Word641,NoDoc
Word54 Word3 Word4,RVG55372,150.0,Word61,2018-02-01,Word563 Word564 Word9 Word26,NoDoc
Word16 Word17 Word18 Word7,KU1707,180.0,Word941 Word785,2018-10-31,Word563 Word564 Word9 Word26,NoDoc
Word30 Word31,672182,240.0,Word826 Word780,2018-08-31,Word563 Word564 Word9 Word26,NoDoc
Word16 Word17 Word18 Word7,ME1729,5040.0,Word1744 Word764 Word26,2018-10-31,Word563 Word564 Word9 Word26,NoDoc
Word50 Word51 Word4 Word5,1187,250.0,Word2092 Word2093,2018-07-31,Word567 Word582 Word366 Word562,Doc1
Word16 Word17 Word18 Word7,YJ105,86940.0,Word190 Word965,2018-06-30,Word563 Word564 Word9 Word26,NoDoc
Word33 Word34 Word35 Word7,108644-1029,30191.72,Word1003 Word1855 Word1856 Word1857,2018-07-31,Word563 Word366 Word56 Word4,NoDoc
Word16 Word17 Word18 Word7,NM451,2800.0,Word330 Word99 Word764 Word780,2018-06-30,Word563 Word564 Word9 Word26,NoDoc
Word19 Word20 Word21 Word22 Word23 Word5,19483,44.91,Word1815 Word1705 Word1816 Word700 Word700,2018-10-31,Word563 Word575,NoDoc
Word235,VXY100518JDMYC,235966.33,Word639 Word684 Word1319 Word1320,2018-10-31,Word571 Word52 Word371 Word697 Word698 Word371 Word613,NoDoc
Word101 Word102 Word103 Word7,110376,143.0,Word1454 Word1455 Word701,2018-01-01,Word588 Word568 Word451 Word545,Doc1
Word85 Word86 Word87 Word5 Word88 Word16 Word17 Word3 Word7,64774,52.52,Word944 Word945,2017-12-01,Word563 Word580 Word581 Word232,NoDoc
Word263 Word470 Word471 Word61 Word5,O2-1449FC,1100.55,Word599 Word191 Word9,2018-03-01,Word563 Word564 Word9 Word26,NoDoc
Word24 Word22 Word4 Word5,22596,685.0,Word562,2018-06-30,Word567 Word568 Word569 Word570,Doc1
Word140 Word3 Word34,30001,18090.0,Word13 Word794,2018-10-31,Word52 Word330 Word566,NoDoc
Word30 Word31,671337,1092.0,Word330 Word99 Word26,2018-08-31,Word563 Word564 Word9 Word26,NoDoc
Word38 Word4 Word39,41475855,3750.0,Word1021 Word121 Word659,2018-01-01,Word563 Word121 Word579,NoDoc
Word24 Word22 Word4 Word5,22857,3697.5,Word562 Word26,2018-07-31,Word563 Word564 Word9 Word26,NoDoc
Word16 Word17 Word3 Word7,70526,525.0,Word987 Word490,2018-05-31,Word563 Word366 Word562,NoDoc
Word116 Word117 Word118 Word119 Word7,155105,683.17,Word562 Word998,2018-10-31,Word563 Word580 Word581 Word232,NoDoc
Word16 Word17 Word18 Word7,JV1837,1260.0,Word338 Word1215 Word764 Word26,2018-10-31,Word563 Word564 Word9 Word26,NoDoc
Word38 Word4 Word39,41500274,22000.0,Word1171 Word1022 Word794 Word745,2018-06-30,Word563 Word121 Word579,NoDoc
Word19 Word20 Word21 Word22 Word23 Word5,17222,46.27,Word633 Word575,2018-08-31,Word563 Word575,NoDoc
Word38 Word4 Word39,41519431,22000.0,Word1171 Word1107 Word794 Word659 Word1200,2018-10-31,Word563 Word121 Word579,NoDoc
Word59 Word60 Word61 Word5,871,54.0,Word826 Word26,2018-03-01,Word563 Word564 Word9 Word26,NoDoc
Word16 Word17 Word3 Word7,70591,420.0,Word1640 Word772 Word1418 Word1641,2018-06-30,Word563 Word580 Word581 Word232,NoDoc
Word398 Word399,CCEMCUUXWYNIZFJ071318,787402.05,Word834 Word835 Word185 Word779 Word779,2018-07-31,Word725 Word726 Word450 Word727,NoDoc
Word16 Word17 Word18 Word7,3176,1221.4,Word785 Word330 Word99 Word764 Word26,2018-02-01,Word563 Word564 Word9 Word26,NoDoc
Word224 Word3 Word4 Word5,MW51-23987,653.0,Word338 Word569,2018-03-01,Word563 Word564 Word9 Word26,NoDoc
Word48 Word3 Word4 Word5,IH20174085,390.0,Word60 Word99 Word780,2018-01-01,Word563 Word564 Word9 Word26,NoDoc
Word59 Word60 Word61 Word5,1233,264.0,Word826 Word785,2018-10-31,Word563 Word564 Word9 Word26,NoDoc
Word85 Word86 Word87 Word5 Word88 Word16 Word17 Word3 Word7,70114,909.3,Word994 Word868,2018-04-01,Word563 Word580 Word581 Word232,NoDoc
Word16 Word17 Word18 Word7,4085,117.0,Word1031 Word784 Word785,2018-03-01,Word563 Word564 Word9 Word26,NoDoc
Word78 Word79 Word11 Word5,D082117-06,48.0,,2018-01-01,Word563 Word564 Word9 Word26,NoDoc
Word16 Word17 Word18 Word7,4613,1396.8,Word959 Word784 Word785,2018-04-01,Word563 Word564 Word9 Word26,NoDoc
Word195 Word5,ZA150599,5734.4,Word562 Word1086 Word911 Word842 Word1473 Word808,2018-10-31,Word563 Word366 Word56 Word4,NoDoc
Word19 Word20 Word21 Word22 Word23 Word5,19776,703.37,Word1162 Word354 Word821 Word1163 Word1164,2018-10-31,Word563 Word575,NoDoc
Word38 Word4 Word39,41490917,3750.0,Word1021 Word1386 Word659,2018-05-31,Word563 Word121 Word579,NoDoc
Word16 Word17 Word18 Word7,VB895,1260.0,Word1053 Word1144 Word764 Word26,2018-08-31,Word563 Word564 Word9 Word26,NoDoc
Word299 Word237 Word7,31766,27289.45,Word949 Word991 Word699 Word717 Word871 Word808,2018-04-30,Word571 Word52 Word657 Word646 Word13,NoDoc
Word235,6031483-00,46833.11,Word1691 Word119 Word910 Word1692,2018-06-30,Word371 Word697 Word698 Word371 Word613,NoDoc
Word16 Word17 Word18 Word7,4736,320.4,Word783 Word784 Word785,2018-04-30,Word563 Word564 Word9 Word26,NoDoc
Word19 Word20 Word21 Word22 Word23 Word5,15557,1317.37,Word633 Word575,2018-09-30,Word563 Word575,NoDoc
Word16 Word17 Word18 Word7,SE1285,450.0,Word1684,2018-09-30,Word563 Word564 Word9 Word26,NoDoc
Word16 Word17 Word18 Word7,JO1321,360.0,Word973 Word765 Word1169 Word1072 Word865,2018-10-31,Word563 Word564 Word9 Word26,NoDoc
Word162 Word7,IQTK20LVY18,7806.0,Word1035 Word980 Word830 Word980 Word986 Word1036,2018-08-31,Word567 Word582 Word107,Doc1
Word42 Word43 Word5,8583,555.0,Word804 Word805 Word806,2018-11-30,Word567 Word582 Word366 Word562,Doc1
Word85 Word86 Word87 Word5 Word88 Word16 Word17 Word3 Word7,64503,210.0,Word1881 Word706,2017-12-01,Word563 Word580 Word581 Word232,NoDoc
Word50 Word51 Word4 Word5,1282,4650.0,Word797 Word190,2018-07-31,Word567 Word582 Word366 Word562,Doc1
Word30 Word31,672199,24.0,Word978 Word780,2018-08-31,Word563 Word564 Word9 Word26,NoDoc
Word96 Word3 Word4 Word5,90912,950.0,Word826 Word785,2018-10-31,Word563 Word564 Word9 Word26,NoDoc
Word25 Word26,090618-2,44.0,Word61,2018-10-31,Word563 Word564 Word9 Word26,NoDoc
Word59 Word60 Word61 Word5,1228,198.0,Word826 Word785,2018-10-31,Word563 Word564 Word9 Word26,NoDoc
Word153 Word154 Word109 Word155 Word31,020218FBAMTIZFQOVDKRA,14582.0,Word1167,2018-03-01,Word563 Word564 Word9 Word26,NoDoc
Word16 Word17 Word18 Word7,4512,249.6,Word783 Word784 Word785,2018-04-01,Word563 Word564 Word9 Word26,NoDoc
Word47 Word3 Word4 Word5,2018020896,5874.0,Word123 Word190,2018-09-30,Word567 Word568 Word569 Word570,Doc1
Word54 Word98 Word4 Word7,16333,575.0,Word804 Word805 Word1015 Word1016,2018-02-01,Word560 Word561 Word366 Word562,Doc1
Word116 Word117 Word118 Word119 Word7,141536,576.0,Word51 Word794,2018-07-31,Word563 Word366 Word562,NoDoc
Word111 Word112 Word91 Word107 Word7,27002,7500.0,Word846 Word791 Word45 Word831 Word700 Word700,2018-02-01,Word567 Word582 Word107,Doc1
Word16 Word17 Word18 Word7,4458,1170.0,Word1013 Word966,2018-04-01,Word563 Word564 Word9 Word26,NoDoc
Word116 Word117 Word118 Word119 Word7,151789,1320.14,Word51 Word985 Word562,2018-05-31,Word563 Word580 Word581 Word232,NoDoc
Word16 Word17 Word18 Word7,4461,1489.2,Word885 Word784 Word785,2018-04-30,Word563 Word564 Word9 Word26,NoDoc
Word324 Word4,18-11140,262147.29,Word695 Word2001 Word830 Word1532 Word1277 Word1330,2018-10-31,Word52 Word330 Word566,NoDoc
Word16 Word17 Word18 Word7,PK854,180.0,Word61,2018-08-31,Word563 Word564 Word9 Word26,NoDoc
Word8 Word9 Word10 Word11 Word5,4.80M+11,180.0,Word959 Word784 Word785,2018-08-31,Word567 Word568 Word569 Word570,Doc1
Word16 Word17 Word18 Word7,4419,1329.6,Word783 Word784 Word785,2018-04-30,Word563 Word564 Word9 Word26,NoDoc
Word16 Word17 Word18 Word7,YA1328,5040.0,Word1006 Word784,2018-10-31,Word563 Word564 Word9 Word26,NoDoc
Word44 Word45 Word46,201806-00045,2829197.98,Word845 Word835 Word46,2018-07-31,Word563 Word250,NoDoc
Word44 Word45 Word46,201811-00046,8799523.59,Word807 Word808 Word46,2018-12-31,Word560 Word561 Word580 Word202 Word545,Doc1
Word126 Word127 Word128,481228,22653.82,Word890 Word891 Word1896,2018-06-30,Word571 Word52 Word618 Word619 Word13,NoDoc
Word177 Word178 Word147 Word7,191WYY,12944.0,Word802 Word706 Word191,2018-04-01,Word563 Word366 Word562,NoDoc
Word16 Word17 Word18 Word7,BH1017,900.0,Word255,2018-08-31,Word563 Word564 Word9 Word26,NoDoc
Word8 Word9 Word10 Word11 Word5,4.80M+11,120.0,Word885 Word784 Word785,2018-08-31,Word563 Word564 Word9 Word26,NoDoc
Word42 Word43 Word5,8169,1560.0,Word1283 Word1284,2018-07-31,Word563 Word580 Word581 Word232,NoDoc
Word16 Word17 Word18 Word7,3598,1215.0,Word716 Word695 Word784 Word785,2018-03-01,Word563 Word580 Word581 Word232,NoDoc
Word286 Word485 Word4 Word5,9634,1700.0,Word876 Word214 Word1402,2018-09-30,Word560 Word561 Word366 Word562,Doc1
Word38 Word4 Word39,41503963,22000.0,Word1171 Word1107 Word794 Word659 Word1295,2018-07-31,Word563 Word121 Word579,NoDoc
Word96 Word3 Word4 Word5,84749,270.0,Word797 Word190,2018-07-31,Word563 Word132 Word610,NoDoc
Word113 Word114 Word115 Word7,151968,3240.0,Word875 Word1279 Word99 Word1280,2018-12-31,Word560 Word561 Word366 Word562,Doc1
Word246 Word247 Word248 Word128,481297,6292.5,Word1097 Word791,2018-04-30,Word560 Word561 Word107,Doc1
Word186 Word4 Word5,9049,1000.0,Word718 Word539 Word1146 Word1238,2018-05-31,Word560 Word561 Word685 Word686 Word687 Word688,Doc1
Word299 Word237 Word7,31455,44892.89,Word949 Word991 Word909 Word967 Word830 Word830,2017-12-01,Word571 Word52 Word657 Word681 Word371 Word13,NoDoc
Word16 Word17 Word3 Word7,70484,1155.0,Word1434 Word1231,2018-05-31,Word563 Word580 Word581 Word232,NoDoc
Word116 Word117 Word118 Word119 Word7,150828,5063.74,Word820 Word844,2018-04-30,Word563 Word580 Word581 Word232,NoDoc
Word308 Word309 Word310,2018YBNMWPVBOCKKVI,2760671.27,Word835 Word682 Word683 Word684,2018-10-31,Word563 Word682 Word683 Word684,NoDoc
Word160 Word161 Word61 Word45 Word39,850-6,585.0,Word826 Word780,2018-03-01,Word563 Word564 Word9 Word26,NoDoc
Word16 Word17 Word18 Word7,ZD1307,3780.0,Word1290 Word785,2018-09-30,Word563 Word564 Word9 Word26,NoDoc
Word16 Word17 Word18 Word7,3820,140.4,Word783 Word784 Word785,2018-04-01,Word563 Word564 Word9 Word26,NoDoc
Word106 Word107 Word7,83235-1,1232.0,Word118 Word991,2018-05-31,Word563 Word366 Word562,NoDoc
Word73 Word4 Word5,1804181,104.86,Word1437 Word944,2018-08-31,Word563 Word174,NoDoc
Word30 Word31,676948,240.0,Word978 Word780,2018-10-31,Word563 Word564 Word9 Word26,NoDoc
Word16 Word17 Word3 Word7,71907,216.0,Word1326 Word805 Word605,2018-09-30,Word563 Word366 Word562,NoDoc
Word85 Word86 Word87 Word5 Word88 Word16 Word17 Word3 Word7,70431,1260.0,Word995 Word706 Word848 Word706,2018-05-31,Word563 Word366 Word562,NoDoc
Word30 Word31,674514,68.0,Word61,2018-09-30,Word567 Word568 Word569 Word570,Doc1
Word257 Word258 Word259 Word5,180411-12261,31200.0,Word1221 Word856,2018-05-31,Word567 Word582 Word580 Word202 Word545,Doc1
Word116 Word117 Word118 Word119 Word7,154409,447.9,Word51 Word791,2018-10-31,Word563 Word580 Word581 Word232,NoDoc
Word16 Word17 Word18 Word7,5126,1837.2,Word1014 Word784 Word785,2018-04-30,Word567 Word568 Word569 Word570,Doc1
Word19 Word20 Word21 Word22 Word23 Word5,19288,27.89,Word633 Word575,2018-10-31,Word563 Word575,NoDoc
Word30 Word31,677900,240.0,Word61,2018-10-31,Word563 Word564 Word9 Word26,NoDoc
Word80 Word3 Word4,Y156703,79384.3,Word802 Word1032 Word1310,2018-10-31,Word567 Word568 Word569 Word295,Doc1
Word58 Word3 Word4 Word5,13431,255.0,Word1943 Word868,2018-11-30,Word701 Word99 Word614 Word366 Word562,Doc2
Word30 Word31,656807,573.75,Word797 Word190,2018-04-30,Word563 Word564 Word9 Word26,NoDoc
Word42 Word43 Word5,8325,2520.0,Word900 Word805 Word806,2018-08-31,Word563 Word366 Word562,NoDoc
Word38 Word4 Word39,41522663,4223.0,Word121 Word836,2018-09-30,Word563 Word121 Word579,NoDoc
Word19 Word20 Word21 Word22 Word23 Word5,10845,291.42,Word575,2017-12-01,Word563 Word575,NoDoc
Word38 Word4 Word39,41522664,3605.0,Word121 Word836,2018-09-30,Word563 Word121 Word579,NoDoc
Word33 Word34 Word35 Word7,108644-1365,3503.94,Word562,2018-10-31,Word563 Word366 Word56 Word4,NoDoc
Word19 Word20 Word21 Word22 Word23 Word5,17791,21.52,Word1725 Word1726,2018-11-30,Word563 Word575,NoDoc
Word19 Word20 Word21 Word22 Word23 Word5,11326,110.44,Word575,2018-01-01,Word563 Word575,NoDoc
Word240 Word276 Word3 Word4 Word5,5305,11500.0,Word1149 Word711,2018-06-30,Word563 Word580 Word581 Word232,NoDoc
Word106 Word107 Word7,85435-1,1937.37,Word13 Word794,2018-11-30,Word563 Word366 Word562,NoDoc
Word6 Word7,10510,925.0,Word1144 Word1206 Word1145,2018-06-30,Word52 Word330 Word566,NoDoc
Word24 Word22 Word4 Word5,22678,2895.0,Word562,2018-08-31,Word567 Word582 Word366 Word562,Doc1
Word27 Word28 Word29 Word5,1059881,1948.92,Word1096 Word1537,2018-04-30,Word563 Word307,NoDoc
Word24 Word22 Word4 Word5,22441,4482.5,Word562,2018-05-31,Word567 Word568 Word569 Word570,Doc1
Word16 Word17 Word18 Word7,4545,460.8,Word885 Word784 Word785,2018-04-30,Word563 Word564 Word9 Word26,NoDoc
Word179 Word180 Word181 Word182,LYMGZ080118-HYKR,44473.31,Word979 Word836 Word980 Word45 Word981 Word808,2018-08-31,Word563 Word575,NoDoc
Word48 Word3 Word4 Word5,AZ20180859,688.0,Word1028 Word9,2018-07-31,Word563 Word564 Word9 Word26,NoDoc
Word8 Word9 Word10 Word11 Word5,4.80W+11,11352.0,Word569 Word26,2018-01-01,Word567 Word568 Word569 Word570,Doc1
Word367 Word368 Word369,PYSG171278954,80.0,Word1398 Word791,2018-05-31,Word563 Word174,NoDoc
Word32 Word3 Word4 Word7,2140000992,142850.0,Word1410 Word602 Word1411,2018-03-01,Word560 Word561 Word315 Word638,Doc1
Word62 Word63 Word18 Word7,215263F,560.0,Word1296 Word791,2018-06-30,Word560 Word561 Word366 Word562,Doc1
Word8 Word9 Word10 Word11 Word5,4.80T+11,51.6,Word564 Word9 Word26,2018-05-31,Word567 Word568 Word569 Word570,Doc1
Word8 Word9 Word10 Word11 Word5,4.80E+11,25.0,Word61,2018-09-30,Word563 Word564 Word9 Word26,NoDoc
Word116 Word117 Word118 Word119 Word7,156475,576.0,Word562,2018-11-30,Word563 Word366 Word562,NoDoc
Word80 Word3 Word4,X109616,12555.0,Word650 Word255,2018-07-31,Word567 Word568 Word569 Word295,Doc1
Word367 Word368 Word369,ETUO180105085,480.0,Word1398 Word791,2018-05-31,Word563 Word174,NoDoc
Word16 Word17 Word18 Word7,2898,421.2,Word959 Word784 Word785,2018-02-01,Word563 Word564 Word9 Word26,NoDoc
Word48 Word3 Word4 Word5,XF20172678,198.0,Word877,2018-07-31,Word563 Word564 Word9 Word26,NoDoc
Word24 Word22 Word4 Word5,23141,1275.0,Word562 Word61,2018-11-30,Word563 Word564 Word9 Word26,NoDoc
Word41 Word125 Word34 Word5,4312,9560.0,Word569 Word888 Word889,2018-02-01,Word567 Word582 Word580 Word202 Word545,Doc1
Word16 Word17 Word18 Word7,UL1666,5040.0,Word879 Word785,2018-10-31,Word563 Word564 Word9 Word26,NoDoc
Word8 Word9 Word10 Word11 Word5,4.80I+11,5749.1,Word1907 Word784 Word568 Word650,2018-06-30,Word563 Word564 Word9 Word26,NoDoc
Word8 Word9 Word10 Word11 Word5,4.80Q+11,2640.0,Word826 Word785,2018-10-31,Word567 Word568 Word569 Word570,Doc1
Word388 Word4,NCL0171,1548.91,Word292 Word791,2018-08-31,Word563 Word619,NoDoc
Word22 Word451 Word452 Word7,46407,4879.68,Word1768 Word562,2018-10-31,Word563 Word366 Word562,NoDoc
Word38 Word4 Word39,41480539,3750.0,Word121 Word791,2018-02-01,Word563 Word121 Word579,NoDoc
Word16 Word17 Word3 Word7,71854,555.0,Word800 Word278,2018-09-30,Word563 Word366 Word562,NoDoc
Word349 Word3 Word4 Word350 Word351 Word333,87612,2546.0,Word1354 Word585 Word351,2018-06-30,Word560 Word561 Word551 Word4,Doc1
Word140 Word3 Word34,10078,18027.0,Word777 Word1808 Word1027,2018-03-01,Word560 Word561 Word107,Doc1
Word16 Word17 Word18 Word7,3278,753.6,Word785 Word330 Word99 Word764 Word61,2018-02-01,Word563 Word564 Word9 Word26,NoDoc
Word16 Word17 Word18 Word7,3528,1281.6,Word330 Word99 Word764 Word61,2018-02-01,Word563 Word564 Word9 Word26,NoDoc
Word113 Word114 Word115 Word7,146129,2231.25,Word578 Word791,2018-05-31,Word560 Word561 Word612,Doc1
Word6 Word7,10764,2810.0,Word1144 Word1245 Word1145,2018-08-31,Word563 Word580 Word581 Word232,NoDoc
Word33 Word34 Word35 Word7,108644-1267,3684.45,Word562,2018-10-31,Word563 Word366 Word56 Word4,NoDoc
Word8 Word9 Word10 Word11 Word5,4.80O+11,40.5,Word1366 Word785,2018-11-30,Word563 Word564 Word9 Word26,NoDoc
Word38 Word4 Word39,41498378,3500.0,Word1484 Word985,2018-06-30,Word563 Word121 Word579,NoDoc
Word16 Word17 Word18 Word7,OW449,2800.0,Word330 Word99 Word764 Word26,2018-06-30,Word563 Word564 Word9 Word26,NoDoc
Word16 Word17 Word3 Word7,70914,610.0,Word800 Word1040,2018-06-30,Word563 Word366 Word562,NoDoc
Word16 Word17 Word18 Word7,LK1918,2520.0,Word330 Word99 Word26,2018-11-30,Word563 Word564 Word9 Word26,NoDoc
Word16 Word17 Word3 Word7,70639,480.0,Word820 Word945,2018-06-30,Word563 Word580 Word581 Word232,NoDoc
Word42 Word43 Word5,7901,580.0,Word562 Word1091 Word806,2018-04-01,Word563 Word580 Word581 Word232,NoDoc
Word30 Word31,677902,240.0,Word61,2018-10-31,Word563 Word564 Word9 Word26,NoDoc
Word104 Word105 Word4 Word5,LKG/22809,234.0,Word864 Word105,2018-07-31,Word563 Word174,NoDoc
Word85 Word86 Word87 Word5 Word88 Word16 Word17 Word3 Word7,65426,262.52,Word1435 Word1514 Word1436 Word191,2018-02-01,Word563 Word580 Word581 Word232,NoDoc
Word16 Word17 Word18 Word7,QP687,4200.0,Word1648 Word784 Word785,2018-07-31,Word563 Word564 Word9 Word26,NoDoc
Word96 Word3 Word4 Word5,60226,682.5,Word1018 Word190,2018-01-01,Word563 Word564 Word9 Word26,NoDoc
Word304 Word305 Word306 Word125 Word307 Word5,90818,476.13,Word1178 Word165 Word1223,2018-09-30,Word560 Word561 Word366 Word562,Doc1
Word42 Word43 Word5,8230,870.0,Word330 Word914 Word806,2018-07-31,Word563 Word580 Word581 Word232,NoDoc
Word140 Word3 Word34,10076,17703.0,Word846 Word791 Word909 Word1074 Word45 Word694,2018-01-01,Word565 Word566,NoDoc
Word76 Word77 Word5,52025038,20816.0,Word777 Word909 Word910 Word909 Word911,2018-01-01,Word560 Word561 Word107,Doc1
Word80 Word3 Word4,A156690,81439.3,Word562 Word592 Word1079 Word802,2018-10-31,Word567 Word568 Word569 Word295,Doc1
Word110 Word22 Word4 Word5,QW51-24530,680.0,Word1286 Word826 Word764 Word61,2018-04-30,Word563 Word564 Word9 Word26,NoDoc
Word58 Word3 Word4 Word5,12824,345.0,Word824 Word789 Word1032,2018-03-01,Word563 Word366 Word562,NoDoc
Word272 Word29 Word5,37984,4800.0,Word130,2018-05-31,Word560 Word561 Word593 Word578 Word65,Doc1
Word40 Word41 Word4 Word5,1564,816.0,Word802 Word278 Word803,2018-05-31,Word567 Word582 Word583 Word584 Word585 Word586,Doc1
Word16 Word17 Word18 Word7,5210,450.0,Word1013,2018-04-01,Word563 Word564 Word9 Word26,NoDoc
Word96 Word3 Word4 Word5,88051,405.0,Word123 Word190,2018-08-31,Word567 Word582 Word366 Word562,Doc1
Word16 Word17 Word18 Word7,6999,961.2,Word959 Word784 Word785,2018-05-31,Word563 Word564 Word9 Word26,NoDoc
Word78 Word79 Word11 Word5,U123117-23,96.0,Word885 Word784 Word568 Word650,2018-02-01,Word563 Word564 Word9 Word26,NoDoc
Word217 Word3 Word10 Word5,XGMXQ043018-1,37286.4,Word1281 Word9,2018-06-30,Word563 Word564 Word9 Word26,NoDoc
Word16 Word17 Word3 Word7,70945,1867.75,Word562,2018-06-30,Word563 Word366 Word562,NoDoc
Word33 Word34 Word35 Word7,108644-795,3908.11,Word562 Word1202 Word1203,2018-04-30,Word563 Word366 Word562,NoDoc
Word223 Word60 Word65 Word4 Word7,2967,2652.5,Word827 Word791,2018-02-01,Word565 Word566,NoDoc
Word16 Word17 Word18 Word7,2931,304.2,,2018-01-01,Word563 Word564 Word9 Word26,NoDoc
Word58 Word3 Word4 Word5,12912,2620.0,Word562,2018-04-30,Word288 Word626 Word627,NoDoc
Word30 Word31,661929,96.0,Word26 Word569,2018-06-30,Word563 Word564 Word9 Word26,NoDoc
Word42 Word43 Word5,8060,290.0,Word562 Word1327 Word190,2018-06-30,Word560 Word611 Word603 Word604 Word605 Word606,Doc1
Word74 Word75 Word44 Word5,PDN00128,-269111.58,Word840 Word841 Word842 Word843,2018-03-01,Word563 Word600 Word601 Word602,NoDoc
Word113 Word114 Word115 Word7,146299,902.5,Word578 Word791,2018-05-31,Word563 Word580 Word581 Word232,NoDoc
Word80 Word3 Word4,E156998,89681.0,Word562 Word1017 Word602 Word1079,2018-10-31,Word567 Word568 Word569 Word295,Doc1
Word16 Word17 Word3 Word7,71564,499.5,Word204 Word798,2018-08-31,Word563 Word366 Word562,NoDoc
Word8 Word9 Word10 Word11 Word5,4.80E+11,43.0,Word1367 Word784 Word2009 Word650,2018-04-30,Word563 Word564 Word9 Word26,NoDoc
Word116 Word117 Word118 Word119 Word7,151789,1320.14,Word51 Word985 Word562,2018-05-31,Word563 Word580 Word581 Word232,NoDoc
Word38 Word4 Word39,41530398,4100.0,Word1484 Word1062 Word45 Word1062 Word981,2018-11-30,Word563 Word121 Word579,NoDoc
Word16 Word17 Word18 Word7,2515,651.6,,2018-01-01,Word563 Word564 Word9 Word26,NoDoc
Word156 Word157 Word7,1574523,505.42,Word633 Word575,2017-12-01,Word563 Word580 Word581 Word232,NoDoc
Word16 Word17 Word18 Word7,UL967,180.0,Word338 Word948,2018-08-31,Word563 Word564 Word9 Word26,NoDoc
Word16 Word17 Word18 Word7,3186,910.8,Word785 Word330 Word99 Word764 Word26,2018-02-01,Word563 Word564 Word9 Word26,NoDoc
Word16 Word17 Word18 Word7,3439,484.2,Word779 Word258 Word764 Word26,2018-03-01,Word567 Word568 Word569 Word570,Doc1
Word48 Word3 Word4 Word5,RX20183938,3468.0,Word1542 Word99 Word132 Word878 Word642 Word948,2018-11-30,Word563 Word564 Word9 Word26,NoDoc
Word19 Word20 Word21 Word22 Word23 Word5,13428,1149.14,Word633 Word575,2018-04-01,Word563 Word575,NoDoc
Word30 Word31,662043,1105.0,Word797 Word190,2018-06-30,Word560 Word611 Word603 Word604 Word605 Word606,Doc1
Word38 Word4 Word39,41470625,4100.0,Word1171 Word1760 Word659 Word1383,2018-01-01,Word563 Word121 Word579,NoDoc
Word16 Word17 Word3 Word7,71227,270.02,Word994 Word825 Word789 Word214,2018-11-30,Word563 Word366 Word562,NoDoc
Word25 Word26,041318-12,108.0,Word785 Word9,2018-05-31,Word563 Word564 Word9 Word26,NoDoc
Word33 Word34 Word35 Word7,108644-1370,2866.86,Word56 Word562,2018-10-31,Word563 Word366 Word56 Word4,NoDoc
Word16 Word17 Word18 Word7,QP1059,1080.0,Word125 Word966,2018-08-31,Word563 Word564 Word9 Word26,NoDoc
Word44 Word45 Word46,201805-00053-TZ0,2570126.23,Word834 Word835 Word46,2018-06-30,Word563 Word580 Word581 Word232,NoDoc
Word44 Word45 Word46,201805-00053-YC0,2570126.23,Word834 Word835 Word46,2018-06-30,Word560 Word561 Word599 Word562,Doc1
Word261 Word262,128469,432.0,Word61,2018-06-30,Word563 Word564 Word9 Word26,NoDoc
Word16 Word17 Word18 Word7,3934,1123.2,Word942 Word784 Word785,2018-03-01,Word563 Word564 Word9 Word26,NoDoc
Word257 Word258 Word259 Word5,180703-12794,7800.0,Word1347 Word856,2018-07-31,Word567 Word582 Word580 Word202 Word545,Doc1
Word30 Word31,658786,604.0,Word61,2018-05-31,Word563 Word564 Word9 Word26,NoDoc
Word19 Word20 Word21 Word22 Word23 Word5,20141,200.0,Word1467 Word84,2018-11-30,Word563 Word575,NoDoc
Word19 Word20 Word21 Word22 Word23 Word5,20282,155.17,Word1399 Word1400 Word575,2018-11-30,Word563 Word575,NoDoc
Word25 Word26,051518-16,160.0,Word9 Word785,2018-06-30,Word560 Word611 Word612,Doc1
Word16 Word17 Word18 Word7,4373,1352.0,Word2095 Word784 Word785,2018-04-30,Word563 Word564 Word9 Word26,NoDoc
Word16 Word17 Word18 Word7,5159,972.0,Word992 Word784 Word785,2018-04-30,Word563 Word564 Word9 Word26,NoDoc
Word30 Word31,670399,48.0,Word826 Word780,2018-08-31,Word563 Word564 Word9 Word26,NoDoc
Word16 Word17 Word18 Word7,2153,140.4,Word783 Word784 Word785,2018-02-01,Word563 Word564 Word9 Word26,NoDoc
Word16 Word17 Word18 Word7,3070,152.1,Word785 Word330 Word99 Word764 Word61,2018-02-01,Word563 Word564 Word9 Word26,NoDoc
Word113 Word114 Word115 Word7,149192,427.5,Word578 Word791,2018-09-30,Word560 Word561 Word612,Doc1
Word80 Word3 Word4,K139774,13420.0,Word592 Word856 Word562,2018-09-30,Word563 Word645 Word562,NoDoc
Word8 Word9 Word10 Word11 Word5,4.80U+11,1449.1,Word785 Word330 Word99 Word780,2018-05-31,Word563 Word564 Word9 Word26,NoDoc
Word16 Word17 Word3 Word7,71523,960.0,Word887 Word2010,2018-07-31,Word563 Word366 Word562,NoDoc
Word19 Word20 Word21 Word22 Word23 Word5,20042,394.08,Word575 Word1634 Word1635 Word1636,2018-11-30,Word563 Word575,NoDoc
Word38 Word4 Word39,41476299,4100.0,Word1021 Word1107 Word659,2018-01-01,Word563 Word121 Word579,NoDoc
Word8 Word9 Word10 Word11 Word5,4.80R+11,51.6,Word61,2018-02-01,Word563 Word564 Word9 Word26,NoDoc
Word208 Word209 Word155 Word7,T46992,432.0,Word568 Word760 Word170,2018-06-30,Word567 Word568 Word569 Word570,Doc1
Word16 Word17 Word18 Word7,6934,180.0,Word1013,2018-05-31,Word563 Word564 Word9 Word26,NoDoc
Word19 Word20 Word21 Word22 Word23 Word5,11470,849.82,Word575,2018-02-01,Word563 Word575,NoDoc
Word16 Word17 Word18 Word7,3638,1404.0,Word884 Word784 Word785,2018-03-01,Word563 Word564 Word9 Word26,NoDoc
Word16 Word17 Word18 Word7,MV1430,540.0,Word255 Word132,2018-10-31,Word563 Word132 Word610,NoDoc
Word38 Word4 Word39,41505039,3862.5,Word1171 Word1107 Word794 Word659 Word1295,2018-07-31,Word563 Word121 Word579,NoDoc
Word8 Word9 Word10 Word11 Word5,4.80B+11,780.0,Word61,2018-06-30,Word563 Word564 Word9 Word26,NoDoc
Word44 Word45 Word46,201811-00046,8799523.59,Word807 Word808 Word46,2018-12-31,Word563 Word598 Word71,NoDoc
Word113 Word114 Word115 Word7,151271,760.0,Word578 Word794,2018-09-30,Word560 Word561 Word366 Word562,Doc1
Word33 Word34 Word35 Word7,108644-1014,3503.94,Word940 Word895,2018-06-30,Word563 Word366 Word56 Word4,NoDoc
Word33 Word34 Word35 Word7,108644-1041,3925.13,Word562,2018-07-31,Word563 Word366 Word56 Word4,NoDoc
Word16 Word17 Word18 Word7,MX450,2800.0,Word785 Word330 Word99 Word26,2018-06-30,Word563 Word564 Word9 Word26,NoDoc
Word16 Word17 Word18 Word7,2240,754.2,Word1428 Word784 Word785,2018-02-01,Word563 Word564 Word9 Word26,NoDoc
Word134 Word61 Word45 Word39,927-1,10.0,Word1286 Word636 Word826,2018-04-30,Word563 Word564 Word9 Word26,NoDoc
Word74 Word75 Word44 Word5,VSC00128,269111.58,Word840 Word841 Word842 Word843,2016-10-01,Word563 Word600 Word601 Word602,NoDoc
Word58 Word3 Word4 Word5,13020,1200.0,Word562,2018-06-30,Word567 Word582 Word366 Word562,Doc1
Word273 Word61,472,600.0,Word60 Word99 Word780,2018-06-30,Word563 Word564 Word9 Word26,NoDoc
Word148 Word75 Word5,8039,24697.0,Word1260 Word908 Word909 Word1074 Word45 Word694,2018-02-01,Word565 Word566,NoDoc
Word30 Word31,644077,42.0,Word569 Word780,2018-02-01,Word563 Word564 Word9 Word26,NoDoc
Word85 Word86 Word87 Word5 Word88 Word16 Word17 Word3 Word7,64918,105.0,Word920 Word921 Word789 Word855 Word922,2017-12-01,Word563 Word580 Word581 Word232,NoDoc
Word510 Word511 Word4 Word7,21090,247.5,Word42 Word797 Word26,2018-01-01,Word613 Word99 Word614 Word580 Word202 Word592,Doc2
Word113 Word114 Word115 Word7,147230,3657.5,Word578 Word991,2018-09-30,Word560 Word611 Word612,Doc1
Word16 Word17 Word3 Word7,71359,540.0,Word837 Word1623 Word1599,2018-10-31,Word563 Word366 Word562,NoDoc
Word254 Word255 Word5,2983,29070.0,Word1628 Word1785 Word1786,2018-03-01,Word567 Word650 Word9 Word255,Doc1
Word81 Word82 Word5,149101,1921.8,Word1207,2018-08-31,Word567 Word582 Word82,Doc1
Word19 Word20 Word21 Word22 Word23 Word5,16580,149.5,Word1801 Word1503 Word771 Word1838,2018-07-31,Word563 Word575,NoDoc
Word320 Word321 Word4 Word5,KI2981,56834.0,Word1576 Word65,2018-05-31,Word567 Word582 Word41 Word319,Doc1
Word73 Word4 Word5,4152,2608.0,Word562 Word838,2018-08-31,Word563 Word615 Word211,NoDoc
Word16 Word17 Word18 Word7,4522,1149.6,Word783 Word784 Word785,2018-04-01,Word563 Word564 Word9 Word26,NoDoc
Word16 Word17 Word18 Word7,3601,216.0,Word885 Word784 Word785,2018-03-01,Word563 Word564 Word9 Word26,NoDoc
Word193 Word59 Word236 Word237 Word5,170054,195.25,Word1082 Word791,2018-08-31,Word560 Word611 Word603 Word604 Word605 Word606,Doc1
Word210 Word211 Word5,2209,1286.9,Word1017 Word190 Word562,2018-08-31,Word563 Word615 Word211,NoDoc
Word38 Word4 Word39,41512646,22000.0,Word1021 Word1022 Word659,2018-07-31,Word563 Word121 Word579,NoDoc
Word148 Word75 Word5,XSW25982,14350.0,Word846 Word791,2018-09-30,Word560 Word561 Word107,Doc1
Word33 Word34 Word35 Word7,108644-1046,6818.24,Word562,2018-07-31,Word563 Word366 Word56 Word4,NoDoc
Word101 Word102 Word103 Word7,113886,2968.0,Word351 Word165 Word1072,2018-10-31,Word563 Word366 Word562,NoDoc
Word38 Word4 Word39,41470597,3500.0,Word1021 Word121 Word659,2018-01-01,Word563 Word121 Word579,NoDoc
Word413 Word292 Word4 Word5,61872,450.0,Word292 Word791,2018-07-31,Word52 Word330 Word566,NoDoc
Word166 Word5,1498,170.0,Word123 Word809 Word1150 Word784 Word154 Word99,2018-11-30,Word563 Word564 Word9 Word26,NoDoc
Word261 Word262,121278,1624.5,Word330 Word99 Word26,2018-03-01,Word563 Word564 Word9 Word26,NoDoc
Word33 Word34 Word35 Word7,108644-1334,78179.17,Word562,2018-10-31,Word563 Word366 Word56 Word4,NoDoc
Word19 Word20 Word21 Word22 Word23 Word5,16317,33.36,Word1047 Word1048 Word240 Word1049,2018-07-31,Word563 Word575,NoDoc
Word16 Word17 Word18 Word7,QW580,400.0,Word885 Word784 Word785,2018-07-31,Word567 Word568 Word569 Word570,Doc1
Word116 Word117 Word118 Word119 Word7,152765,384.0,Word51 Word791 Word562,2018-06-30,Word563 Word580 Word581 Word232,NoDoc
Word16 Word17 Word18 Word7,BV1471,1440.0,Word1379 Word785,2018-09-30,Word563 Word564 Word9 Word26,NoDoc
Word73 Word4 Word5,1804181,104.86,Word1437 Word944,2018-08-31,Word563 Word174,NoDoc
Word33 Word34 Word35 Word7,108644-1011,6215.08,Word895,2018-06-30,Word563 Word366 Word56 Word4,NoDoc
Word16 Word17 Word18 Word7,FC1778,630.0,Word61,2018-10-31,Word563 Word564 Word9 Word26,NoDoc
Word16 Word17 Word18 Word7,3964,1468.8,Word959 Word784 Word785,2018-04-01,Word563 Word564 Word9 Word26,NoDoc
Word85 Word86 Word87 Word5 Word88 Word16 Word17 Word3 Word7,64769,52.52,Word562 Word1569 Word789 Word1386,2017-12-01,Word563 Word580 Word581 Word232,NoDoc
Word113 Word114 Word115 Word7,141257,7500.0,Word612,2017-12-01,Word560 Word561 Word612,Doc1
Word325 Word13 Word5,23255,11900.0,Word13 Word51 Word1849,2018-10-31,Word52 Word330 Word566,NoDoc
Word42 Word43 Word5,7901,580.0,Word562 Word1091 Word806,2018-04-01,Word563 Word580 Word581 Word232,NoDoc
Word429 Word188 Word302,RSDXFDL090518,2887.77,Word613 Word781 Word1647,2018-09-30,Word571 Word52 Word594 Word641,NoDoc
Word8 Word9 Word10 Word11 Word5,4.80J+11,65.0,Word826 Word785,2018-10-31,Word563 Word564 Word9 Word26,NoDoc
Word140 Word3 Word34,10080,18007.0,Word777 Word699 Word830 Word695 Word45,2018-05-31,Word565 Word566,NoDoc
Word24 Word22 Word4 Word5,23022,850.0,Word562,2018-11-30,Word563 Word132 Word610,NoDoc
Word299 Word237 Word7,32462,28444.85,Word949 Word991 Word694 Word882 Word911 Word808,2018-10-31,Word571 Word52 Word657 Word681 Word371 Word13,NoDoc
Word79 Word275 Word5,1433,5400.0,Word1922 Word1148,2018-09-30,Word560 Word561 Word666 Word584 Word667 Word668,Doc1
Word177 Word178 Word147 Word7,253EDE,11104.0,Word1587 Word802 Word1750,2018-08-31,Word563 Word366 Word562,NoDoc
Word19 Word20 Word21 Word22 Word23 Word5,13428,1149.14,Word633 Word575,2018-04-01,Word563 Word575,NoDoc
Word378 Word147 Word5,7712,13800.0,Word1438 Word1439,2018-01-01,Word563 Word580 Word581 Word232,NoDoc
Word16 Word17 Word18 Word7,3980,1239.6,Word783 Word784 Word785,2018-04-01,Word563 Word564 Word9 Word26,NoDoc
Word16 Word17 Word3 Word7,72044,216.0,Word848 Word849 Word964 Word800 Word805,2018-11-30,Word563 Word366 Word562,NoDoc
Word16 Word17 Word18 Word7,3507,1124.4,Word785 Word9 Word764 Word61,2018-03-01,Word563 Word564 Word9 Word26,NoDoc
Word16 Word17 Word3 Word7,70569,1046.0,Word848 Word849,2018-05-31,Word563 Word366 Word562,NoDoc
Word16 Word17 Word18 Word7,5113,1417.2,Word885 Word784 Word785,2018-04-30,Word563 Word564 Word9 Word26,NoDoc
Word179 Word180 Word181 Word182,NVTTM080118-DGE,-44473.31,Word979 Word836 Word980 Word45 Word981 Word808,2018-08-31,Word571 Word52 Word457 Word635 Word232,NoDoc
Word33 Word34 Word35 Word7,108644-885,6443.71,Word60 Word1688 Word865 Word882 Word865 Word911,2018-05-31,Word563 Word366 Word56 Word4,NoDoc
Word70 Word47 Word71 Word72 Word7,282102,12485.51,Word909 Word830 Word45 Word808,2018-02-01,Word563 Word598 Word71,NoDoc
Word8 Word9 Word10 Word11 Word5,4.80Z+11,51.6,Word61,2018-06-30,Word563 Word564 Word9 Word26,NoDoc
Word8 Word9 Word10 Word11 Word5,4.80W+11,120.0,Word330 Word99 Word780,2018-08-31,Word563 Word564 Word9 Word26,NoDoc
Word347 Word10 Word5,9833,2512.5,Word681 Word1349,2018-10-31,Word571 Word52 Word657 Word457 Word13,NoDoc
Word16 Word17 Word18 Word7,2203,1334.7,Word1931 Word784 Word568 Word650 Word785,2017-12-01,Word567 Word569 Word570,Doc1
Word16 Word17 Word18 Word7,4459,1329.6,Word783 Word784 Word785,2018-04-01,Word563 Word564 Word9 Word26,NoDoc
Word104 Word105 Word4 Word5,KOI/22461,936.0,Word864 Word105,2018-05-31,Word563 Word174,NoDoc
Word16 Word17 Word18 Word7,4712,1059.6,Word783 Word784 Word785,2018-04-30,Word563 Word564 Word9 Word26,NoDoc
Word96 Word3 Word4 Word5,84231,17252.5,Word1587 Word797 Word190,2018-07-31,Word567 Word582 Word366 Word562,Doc1
Word19 Word20 Word21 Word22 Word23 Word5,11134,914.28,Word1123,2017-12-01,Word563 Word575,NoDoc
Word8 Word9 Word10 Word11 Word5,4.80I+11,154.8,Word1028,2018-06-30,Word563 Word564 Word9 Word26,NoDoc
Word389 Word147 Word130,501079,1050.0,Word307 Word836,2018-02-01,Word567 Word582 Word580 Word202 Word545,Doc1
Word50 Word51 Word4 Word5,1622,297.5,Word797 Word809 Word779 Word810 Word811,2018-11-30,Word567 Word582 Word366 Word562,Doc1
Word33 Word34 Word35 Word7,108644-1396,2866.86,Word562,2018-11-30,Word563 Word366 Word56 Word4,NoDoc
Word376 Word377 Word44,100060289,3518.0,Word13 Word1834,2018-10-31,Word567 Word582 Word107,Doc1
Word38 Word4 Word39,41518403,3862.5,Word121 Word836,2018-09-30,Word563 Word121 Word579,NoDoc
Word16 Word17 Word3 Word7,71209,240.0,Word1937 Word1938 Word1939,2018-10-31,Word563 Word366 Word562,NoDoc
Word76 Word77 Word5,52027656,24819.0,Word777 Word865 Word910 Word865 Word981 Word1113 Word60,2018-04-01,Word560 Word561 Word107,Doc1
Word85 Word86 Word87 Word5 Word88 Word16 Word17 Word3 Word7,65818,1050.0,Word876 Word1436 Word191,2018-03-01,Word563 Word366 Word562,NoDoc
Word273 Word61,473,6525.0,Word60 Word99 Word780,2018-06-30,Word563 Word564 Word9 Word26,NoDoc
Word16 Word17 Word18 Word7,VV1910,1260.0,Word992 Word784 Word948 Word764 Word26,2018-10-31,Word563 Word564 Word9 Word26,NoDoc
Word85 Word86 Word87 Word5 Word88 Word16 Word17 Word3 Word7,65665,315.0,Word1703 Word805 Word185 Word191,2018-02-01,Word563 Word580 Word581 Word232,NoDoc
Word16 Word17 Word18 Word7,3980,1239.6,Word783 Word784 Word785,2018-04-01,Word563 Word564 Word9 Word26,NoDoc
Word16 Word17 Word3 Word7,72019,540.0,Word1105 Word305 Word185 Word191,2018-11-30,Word563 Word366 Word562,NoDoc
Word30 Word31,681318,1800.5,Word797 Word190,2018-11-30,Word563 Word366 Word562,NoDoc
Word148 Word75 Word5,JGA25719,24744.0,Word846 Word791,2018-08-31,Word567 Word582 Word107,Doc1
Word85 Word86 Word87 Word5 Word88 Word16 Word17 Word3 Word7,70418,1050.0,Word824 Word789 Word1173 Word1772,2018-05-31,Word563 Word580 Word581 Word232,NoDoc
Word16 Word17 Word18 Word7,TK1024,360.0,Word785 Word330 Word99 Word780,2018-08-31,Word563 Word564 Word9 Word26,NoDoc
Word16 Word17 Word3 Word7,71758,960.0,Word1081 Word945 Word191,2018-07-31,Word563 Word366 Word562,NoDoc
Word33 Word34 Word35 Word7,108644-982,6079.32,Word895,2018-06-30,Word563 Word366 Word56 Word4,NoDoc
Word8 Word9 Word10 Word11 Word5,4.80E+11,60.0,Word61,2018-09-30,Word563 Word564 Word9 Word26,NoDoc
Word8 Word9 Word10 Word11 Word5,4.80Z+11,1296.0,Word61,2018-11-30,Word563 Word564 Word9 Word26,NoDoc
Word16 Word17 Word18 Word7,2727,608.4,Word955 Word784 Word785,2018-02-01,Word563 Word564 Word9 Word26,NoDoc
Word257 Word491 Word492 Word71,53534,579.09,Word1055 Word799 Word1901 Word393,2018-08-31,Word563 Word615 Word211,NoDoc
Word113 Word114 Word115 Word7,152629,712.5,Word578,2018-12-31,Word560 Word561 Word366 Word562,Doc1
Word413 Word292 Word4 Word5,111826,1133.5,Word292 Word791,2018-11-30,Word52 Word330 Word566,NoDoc
Word85 Word86 Word87 Word5 Word88 Word16 Word17 Word3 Word7,66064,315.0,Word338 Word1868 Word764 Word766 Word1893,2018-03-01,Word563 Word580 Word581 Word232,NoDoc
Word166 Word5,1525,170.0,Word1031 Word894 Word123 Word190,2018-11-30,Word563 Word564 Word9 Word26,NoDoc
Word90 Word91 Word92 Word7,108467,66027.5,Word202 Word4,2018-02-01,Word567 Word582 Word580 Word202 Word545,Doc1
Word30 Word31,639453,134.75,Word826 Word780,2018-01-01,Word563 Word564 Word9 Word26,NoDoc
Word48 Word3 Word4 Word5,PV20182650,48.0,Word1028 Word9,2018-08-31,Word563 Word564 Word9 Word26,NoDoc
Word16 Word17 Word18 Word7,NV1291,2520.0,Word61,2018-09-30,Word563 Word564 Word9 Word26,NoDoc
Word183 Word184 Word132 Word185 Word5,ONSUFABCGLEK090418-092818,166.25,Word982 Word983 Word1661 Word835,2018-10-31,Word571 Word52 Word636 Word637 Word579,NoDoc
Word450 Word165 Word47,YSVGQ100518,10904.36,Word1763 Word835 Word1764 Word132,2018-10-31,Word725 Word726 Word450 Word727,NoDoc
Word54 Word3 Word4,YRA68753,990.0,Word826 Word578,2018-09-30,Word567 Word568 Word569 Word570,Doc1
Word42 Word43 Word5,8325,2520.0,Word900 Word805 Word806,2018-08-31,Word563 Word366 Word562,NoDoc
Word189 Word190 Word191 Word7,2354358,1424.0,Word130,2018-08-31,Word567 Word568 Word98 Word578 Word65,Doc1
Word346 Word5,120-10639,1704.0,Word1305 Word592,2018-08-31,Word563 Word366 Word562,NoDoc
Word101 Word102 Word103 Word7,114228,675.44,Word1158 Word814 Word805 Word185 Word864,2018-11-30,Word576 Word366 Word562,Doc3
Word16 Word17 Word18 Word7,4521,1149.6,Word783 Word784 Word785,2018-04-01,Word563 Word564 Word9 Word26,NoDoc
Word324 Word4,18-9480,257545.14,Word695 Word45 Word700 Word830 Word1532 Word1277 Word1330,2018-09-30,Word671 Word561 Word699 Word695 Word45 Word700 Word593,Doc1
Word19 Word20 Word21 Word22 Word23 Word5,13552,158.48,Word868,2018-04-01,Word563 Word575,NoDoc
Word85 Word86 Word87 Word5 Word88 Word16 Word17 Word3 Word7,64605,39.64,Word851 Word852 Word278,2017-12-01,Word563 Word580 Word581 Word232,NoDoc
Word30 Word31,668480,48.0,Word826 Word780,2018-07-31,Word563 Word564 Word9 Word26,NoDoc
Word44 Word45 Word46,201811-00046,8799523.59,Word807 Word808 Word46,2018-12-31,Word563 Word676,NoDoc
Word116 Word117 Word118 Word119 Word7,155121,576.0,Word51 Word791,2018-10-31,Word563 Word580 Word581 Word232,NoDoc
Word50 Word51 Word4 Word5,1464,8585.0,Word797 Word190,2018-09-30,Word567 Word568 Word569 Word570,Doc1
Word382 Word132 Word155 Word5,20181120,24160.0,Word13 Word791,2018-11-30,Word567 Word582 Word107,Doc1
Word16 Word17 Word3 Word7,70517,735.0,Word876 Word954 Word2115,2018-05-31,Word563 Word366 Word562,NoDoc
Word16 Word17 Word18 Word7,ZK1567,450.0,Word1462 Word785,2018-10-31,Word563 Word564 Word9 Word26,NoDoc
Word16 Word17 Word18 Word7,CS628,270.0,Word338 Word568 Word650,2018-07-31,Word563 Word564 Word9 Word26,NoDoc
Word80 Word3 Word4,T139837,13396.0,Word592 Word856 Word562,2018-08-31,Word567 Word568 Word569 Word295,Doc1
Word47 Word3 Word4 Word39,2018004186,23921.5,Word330 Word99 Word26,2018-03-01,Word567 Word569 Word570,Doc1
Word96 Word3 Word4 Word5,88060,360.0,Word123 Word190,2018-08-31,Word563 Word580 Word581 Word232,NoDoc
Word40 Word41 Word4 Word5,1666,4900.0,Word802 Word278 Word1242 Word1468,2018-06-30,Word567 Word582 Word366 Word562,Doc1
Word16 Word17 Word18 Word7,2944,726.3,Word330 Word99 Word764 Word26,2018-02-01,Word563 Word564 Word9 Word26,NoDoc
Word83 Word84 Word44 Word7,20818-8-1,1913.13,Word850 Word65,2018-05-31,Word563 Word580 Word581 Word232,NoDoc
Word16 Word17 Word18 Word7,3976,1788.0,Word992 Word784 Word785,2018-04-30,Word563 Word564 Word9 Word26,NoDoc
Word286 Word445 Word5,11370,44744.0,Word876 Word1749 Word1016,2018-06-30,Word576 Word589 Word615 Word115 Word592,Doc3
Word85 Word86 Word87 Word5 Word88 Word16 Word17 Word3 Word7,64774,52.52,Word944 Word945,2017-12-01,Word563 Word580 Word581 Word232,NoDoc
Word19 Word20 Word21 Word22 Word23 Word5,16410,619.55,Word1109 Word1212 Word930,2018-07-31,Word563 Word575,NoDoc
Word113 Word114 Word115 Word7,148767,1072.5,Word578 Word791,2018-09-30,Word560 Word561 Word315 Word577 Word642 Word644,Doc1
Word44 Word45 Word46,201806-00045,2829197.98,Word845 Word835 Word46,2018-07-31,Word563 Word608 Word609,NoDoc
Word33 Word34 Word35 Word7,108644-759,6817.2,Word562 Word895,2018-04-01,Word560 Word366 Word562,Doc1
Word16 Word17 Word18 Word7,QZ821,2520.0,Word884 Word784 Word785,2018-07-31,Word563 Word564 Word9 Word26,NoDoc
Word44 Word45 Word46,201811-00046,8799523.59,Word807 Word808 Word46,2018-12-31,Word567 Word582 Word250,Doc1
Word16 Word17 Word18 Word7,1834,540.0,Word132 Word610,2018-02-01,Word563 Word132 Word610,NoDoc
Word48 Word3 Word4 Word5,IK20170536,52.0,Word61,2018-09-30,Word563 Word564 Word9 Word26,NoDoc
Word85 Word86 Word87 Word5 Word88 Word16 Word17 Word3 Word7,65131,840.0,Word1287 Word805 Word1166 Word1206,2018-01-01,Word563 Word580 Word581 Word232,NoDoc
Word16 Word17 Word18 Word7,QH103,6300.0,Word330 Word99 Word764 Word26,2018-05-31,Word563 Word564 Word9 Word26,NoDoc
Word8 Word9 Word10 Word11 Word5,4.80L+11,25.8,Word61,2018-02-01,Word563 Word564 Word9 Word26,NoDoc
Word144 Word145 Word146 Word147 Word7,125082,3192.0,Word951 Word1029 Word1030,2018-04-01,Word576 Word366 Word562,Doc3
Word16 Word17 Word3 Word7,71268,1478.48,Word1194 Word132 Word99 Word204 Word1195,2018-10-31,Word563 Word366 Word562,NoDoc
Word179 Word180 Word181 Word182,RXGAU09282018,48705.93,Word979 Word836 Word694 Word45 Word911 Word808,2018-10-31,Word571 Word52 Word572 Word573 Word574,NoDoc
Word16 Word17 Word3 Word7,71844,925.0,Word1326 Word201,2018-09-30,Word563 Word366 Word562,NoDoc
Word96 Word3 Word4 Word5,85728,735.0,Word797 Word190,2018-07-31,Word52 Word330 Word566,NoDoc
Word62 Word63 Word18 Word7,212026F,440.0,Word1053 Word60 Word99 Word764 Word61,2018-02-01,Word563 Word564 Word9 Word26,NoDoc
Word16 Word17 Word3 Word7,70703,525.0,Word800 Word805 Word810,2018-05-31,Word563 Word366 Word562,NoDoc
Word113 Word114 Word115 Word7,146524,2146.25,Word578 Word791,2018-06-30,Word560 Word561 Word612,Doc1
Word38 Word4 Word39,41506513,3500.0,Word1171 Word1107 Word794 Word659 Word1295,2018-07-31,Word563 Word121 Word579,NoDoc
Word16 Word17 Word18 Word7,YH1108,2520.0,Word1220 Word784 Word785,2018-08-31,Word563 Word564 Word9 Word26,NoDoc
Word96 Word3 Word4 Word5,88672,180.0,Word797 Word190,2018-08-31,Word563 Word564 Word9 Word26,NoDoc
Word16 Word17 Word18 Word7,PY2053,270.0,Word2075 Word785,2018-11-30,Word563 Word564 Word9 Word26,NoDoc
Word76 Word77 Word5,52025414,5600.0,Word1113 Word1676 Word1027,2018-01-01,Word565 Word566,NoDoc
Word90 Word91 Word92 Word7,114750,2197.9,Word711 Word1618 Word1054 Word960,2018-10-31,Word567 Word582 Word580 Word202 Word545,Doc1
Word40 Word41 Word4 Word5,2462,5690.0,Word802 Word319 Word803,2018-10-31,Word567 Word582 Word366 Word562,Doc1
Word116 Word117 Word118 Word119 Word7,155120,576.0,Word562,2018-10-31,Word563 Word580 Word581 Word232,NoDoc
Word398 Word399,BSGVWMGBWVZNJVK100518,1369167.11,Word160 Word808 Word132 Word980 Word808 Word132 Word725,2018-10-31,Word725 Word726 Word450 Word727,NoDoc
Word16 Word17 Word3 Word7,71575,1188.0,Word562,2018-08-31,Word563 Word366 Word562,NoDoc
Word106 Word107 Word7,82575-2,8501.0,Word969 Word791 Word865 Word717 Word865 Word981,2018-04-30,Word563 Word366 Word562,NoDoc
Word19 Word20 Word21 Word22 Word23 Word5,13063,78.72,Word633 Word575,2018-03-01,Word563 Word575,NoDoc
Word144 Word145 Word146 Word147 Word7,125278,3458.0,Word1617 Word562,2018-04-01,Word567 Word568 Word569 Word570,Doc1
Word38 Word4 Word39,41521284,4223.0,Word121 Word836,2018-09-30,Word563 Word121 Word579,NoDoc
Word42 Word43 Word5,8037,1305.0,Word804 Word805 Word806,2018-05-31,Word563 Word580 Word581 Word232,NoDoc
Word48 Word3 Word4 Word5,IW20180515,170.0,Word877,2018-07-31,Word563 Word564 Word9 Word26,NoDoc
Word221 Word222 Word128,11608,1856.0,Word744 Word1052,2018-09-30,Word647 Word648 Word649,NoDoc
Word319 Word315 Word44,40702053-001,26786.72,Word1246 Word791,2018-06-30,Word560 Word561 Word315 Word638,Doc1
Word58 Word3 Word4 Word5,13053,460.0,Word824 Word789 Word929 Word201,2018-06-30,Word563 Word580 Word581 Word232,NoDoc
Word179 Word180 Word181 Word182,OLSQE070218,28507.05,Word979 Word1005 Word883 Word45 Word831 Word808,2018-07-31,Word571 Word52 Word594 Word595 Word596 Word597,NoDoc
Word8 Word9 Word10 Word11 Word5,4.80W+11,722.4,Word330 Word99 Word26,2018-01-01,Word567 Word568 Word569 Word570,Doc1
Word195 Word5,ES143100,5454.4,Word1486 Word562,2018-07-31,Word563 Word366 Word56 Word4,NoDoc
Word254 Word255 Word5,3013,5900.0,Word773 Word774,2018-04-01,Word563 Word580 Word581 Word232,NoDoc
Word8 Word9 Word10 Word11 Word5,4.80P+11,2575.7,Word61,2018-03-01,Word563 Word564 Word9 Word26,NoDoc
Word193 Word311 Word214 Word4 Word7,6210119409,455.0,Word305 Word1241 Word1193,2018-05-31,Word563 Word608 Word609,NoDoc
Word74 Word75 Word44 Word5,JQO00128,269111.58,Word840 Word841 Word842 Word843,2016-10-01,Word563 Word600 Word601 Word602,NoDoc
Word73 Word4 Word5,3769,1590.0,Word838,2018-08-31,Word563 Word615 Word211,NoDoc
Word16 Word17 Word18 Word7,2139,636.3,,2018-02-01,Word563 Word564 Word9 Word26,NoDoc
Word19 Word20 Word21 Word22 Word23 Word5,18564,1054.61,Word868,2018-10-31,Word563 Word575,NoDoc
Word50 Word51 Word4 Word5,1203,1000.0,Word592 Word856,2018-07-31,Word567 Word582 Word580 Word202 Word545,Doc1
Word352 Word13 Word5,800,13457.0,Word846 Word791,2018-07-31,Word560 Word561 Word107,Doc1
Word85 Word86 Word87 Word5 Word88 Word16 Word17 Word3 Word7,64779,52.52,Word562 Word1484,2017-12-01,Word563 Word580 Word581 Word232,NoDoc
Word38 Word4 Word39,41466253,3500.0,Word1021 Word1131 Word659,2017-12-01,Word563 Word121 Word579,NoDoc
Word8 Word9 Word10 Word11 Word5,4.80I+11,50.0,Word1367 Word784 Word568,2018-11-30,Word567 Word568 Word569 Word570,Doc1
Word16 Word17 Word18 Word7,4253,225.0,Word975 Word976,2018-03-01,Word563 Word132 Word610,NoDoc
Word16 Word17 Word18 Word7,3727,500.4,Word26,2018-03-01,Word567 Word582 Word580 Word202 Word545,Doc1
Word16 Word17 Word18 Word7,5228,1924.8,Word942 Word784 Word785,2018-04-30,Word567 Word568 Word569 Word570,Doc1
Word162 Word7,DFZ28OYS18,15666.0,Word582 Word1093 Word791,2018-09-30,Word567 Word582 Word107,Doc1
Word16 Word17 Word18 Word7,OQ726,360.0,Word783 Word784 Word785,2018-08-31,Word701 Word99 Word614 Word366 Word562,NoDoc
Word44 Word45 Word46,201803-00042,67.5,Word1583 Word835 Word46,2018-05-31,Word563 Word220,NoDoc
Word58 Word3 Word4 Word5,13130,690.0,Word865 Word1205 Word1017,2018-07-31,Word563 Word366 Word562,NoDoc
Word33 Word34 Word35 Word7,108644-1085,11988.68,Word562,2018-07-31,Word563 Word366 Word562,NoDoc
Word6 Word7,10779,775.0,Word806 Word1080 Word856,2018-09-30,Word563 Word580 Word581 Word232,NoDoc
Word8 Word9 Word10 Word11 Word5,4.80P+11,258.0,Word330 Word99 Word26,2018-06-30,Word563 Word564 Word9 Word26,NoDoc
Word38 Word4 Word39,41517468,3862.5,Word1484 Word836,2018-09-30,Word563 Word121 Word579,NoDoc
Word370 Word4 Word313 Word7,29605,300.0,Word1098 Word1416,2018-02-01,Word571 Word571 Word646 Word571 Word571 Word715,NoDoc
Word144 Word145 Word146 Word147 Word7,124496,1402.5,Word191 Word694 Word1765 Word1766,2018-02-01,Word567 Word582 Word366 Word562,Doc1
Word70 Word47 Word71 Word72 Word7,286076,12749.52,Word865 Word808 Word699 Word808,2018-05-31,Word563 Word598 Word71,NoDoc
Word162 Word7,XHZ28GAK18,11200.0,Word13 Word794,2018-11-30,Word567 Word582 Word107,Doc1
Word48 Word3 Word4 Word5,YR20183298,48.0,Word568 Word650,2018-10-31,Word563 Word564 Word9 Word26,NoDoc
Word42 Word43 Word5,7440,3040.0,Word844 Word278,2018-01-01,Word560 Word603 Word604 Word605 Word606,Doc1
Word30 Word31,657544,104.0,Word935 Word26,2018-05-31,Word563 Word564 Word9 Word26,NoDoc
Word38 Word4 Word39,41487579,4100.0,Word792 Word1173 Word985 Word659,2018-03-01,Word563 Word121 Word579,NoDoc
Word85 Word86 Word87 Word5 Word88 Word16 Word17 Word3 Word7,64775,52.52,Word944 Word945,2017-12-01,Word563 Word580 Word581 Word232,NoDoc
Word249 Word250 Word44 Word7,D0045631108,192042.95,Word1098 Word1667,2018-10-31,Word571 Word52 Word639 Word250 Word651,NoDoc
Word16 Word17 Word18 Word7,VR1928,900.0,Word1490 Word1282 Word1149,2018-11-30,Word560 Word561 Word603 Word604 Word605 Word606,Doc1
Word58 Word3 Word4 Word5,13294,480.0,Word1144 Word2059 Word706,2018-08-31,Word567 Word582 Word366 Word562,Doc1
Word33 Word34 Word35 Word7,108644-851,10221.01,Word330 Word1253 Word865 Word1062 Word865 Word911,2018-05-31,Word563 Word366 Word562,NoDoc
Word16 Word17 Word18 Word7,2954,270.0,Word901 Word343,2018-02-01,Word563 Word564 Word9 Word26,NoDoc
Word30 Word31,676929,48.0,Word978 Word780,2018-10-31,Word563 Word564 Word9 Word26,NoDoc
Word156 Word157 Word7,1719764KUXM,34.64,Word957 Word319,2018-10-31,Word563 Word366 Word562,NoDoc
Word464 Word22 Word4 Word7,1186592,13595.0,Word702 Word1331 Word4,2018-05-31,Word560 Word561 Word702 Word703 Word704,Doc1
Word19 Word20 Word21 Word22 Word23 Word5,11077,79.64,Word633 Word575,2017-12-01,Word563 Word575,NoDoc
Word16 Word17 Word18 Word7,6634,320.4,Word783 Word784 Word785,2018-05-31,Word563 Word564 Word9 Word26,NoDoc
Word109 Word61 Word7,502,2335.0,Word564 Word9 Word26,2018-09-30,Word567 Word568 Word569 Word570,Doc1
Word144 Word145 Word146 Word147 Word7,125250,1064.0,Word1178 Word1032 Word864,2018-04-01,Word563 Word366 Word562,NoDoc
Word16 Word17 Word18 Word7,5205,736.2,Word959 Word784 Word785,2018-04-30,Word563 Word564 Word9 Word26,NoDoc
Word177 Word178 Word147 Word7,255NNC,12922.0,Word705 Word706 Word1051,2018-08-31,Word576 Word366 Word562,Doc3
Word30 Word31,674216,810.0,Word123 Word190,2018-09-30,Word563 Word366 Word562,NoDoc
Word16 Word17 Word18 Word7,BN187,10080.0,Word865 Word1073 Word61,2018-06-30,Word563 Word564 Word9 Word26,NoDoc
Word16 Word17 Word18 Word7,4041,1293.6,Word783 Word784 Word785,2018-03-01,Word567 Word568 Word569 Word570,Doc1
Word6 Word7,10437,1305.0,Word338 Word2112 Word1579,2018-05-31,Word565 Word566,NoDoc
Word96 Word3 Word4 Word5,77072,360.0,Word797 Word809 Word877,2018-05-31,Word563 Word580 Word581 Word232,NoDoc
Word33 Word34 Word35 Word7,108644-1210,5733.72,Word562,2018-09-30,Word563 Word366 Word56 Word4,NoDoc
Word273 Word61,467,110.0,Word60 Word99 Word1516,2018-05-31,Word563 Word564 Word9 Word26,NoDoc
Word177 Word178 Word147 Word7,233CLF,3101.0,Word562,2018-06-30,Word563 Word366 Word562,NoDoc
Word54 Word3 Word4,WJZ68974,990.0,Word26,2018-09-30,Word567 Word568 Word569 Word570,Doc1
Word8 Word9 Word10 Word11 Word5,4.80W+11,51.6,Word330 Word99 Word764 Word26,2018-06-30,Word563 Word564 Word9 Word26,NoDoc
Word96 Word3 Word4 Word5,71614,3240.0,Word973 Word1072,2018-04-01,Word563 Word580 Word581 Word232,NoDoc
Word16 Word17 Word18 Word7,3783,1080.0,Word1013,2018-07-31,Word563 Word564 Word9 Word26,NoDoc
Word74 Word75 Word44 Word5,RGB00128,-269111.58,Word840 Word841 Word842 Word843,2018-03-01,Word563 Word600 Word601 Word602,NoDoc
Word33 Word34 Word35 Word7,108644-793,5839.9,Word946,2018-04-30,Word563 Word366 Word562,NoDoc
Word318,4295329,2091.18,Word1732 Word65,2018-03-01,Word613 Word99 Word614 Word98 Word338 Word678,Doc2
Word203 Word204 Word4 Word31,RBH002415,1600.0,Word45 Word865 Word757 Word1528 Word857,2018-11-30,Word567 Word582 Word580 Word202 Word545,Doc1
Word110 Word22 Word4 Word5,XX51-25260,637.5,Word338 Word330 Word99 Word764 Word61,2018-06-30,Word563 Word564 Word9 Word26,NoDoc
Word16 Word17 Word18 Word7,DB1461,1260.0,Word779 Word99 Word26,2018-09-30,Word563 Word564 Word9 Word26,NoDoc
Word42 Word43 Word5,8336,570.0,Word1283 Word832,2018-09-30,Word52 Word330 Word566,NoDoc
Word270 Word52 Word345,348,1050.0,Word60 Word345 Word909 Word1062 Word909 Word1094,2018-12-31,Word571 Word52 Word657 Word457 Word13,NoDoc
Word299 Word237 Word7,32416,21535.7,Word949 Word991 Word694 Word1062 Word717 Word808,2018-09-30,Word571 Word52 Word657 Word646 Word13,NoDoc
Word42 Word43 Word5,7620,435.0,Word804 Word805 Word806,2018-02-01,Word560 Word611 Word612,Doc1
Word16 Word17 Word18 Word7,QM1979,180.0,Word61,2018-11-30,Word576 Word632 Word130 Word577 Word578,Doc3
Word552 Word553,ASKARWP083018,1343.39,Word613 Word781 Word2027,2018-08-31,Word571 Word52 Word594 Word641,NoDoc
Word16 Word17 Word18 Word7,2451,152.1,,2018-01-01,Word563 Word564 Word9 Word26,NoDoc
Word48 Word3 Word4 Word5,IR20180515,170.0,Word877,2018-07-31,Word563 Word564 Word9 Word26,NoDoc
Word326 Word327,MAXDEKRAL102518,2329.72,Word613 Word781 Word2101,2018-10-31,Word571 Word52 Word594 Word641,NoDoc
Word179 Word180 Word181 Word182,FXGBE080118,44473.31,Word330 Word1004 Word1005 Word980 Word45 Word981 Word808,2018-08-31,Word571 Word52 Word594 Word595 Word596 Word597,NoDoc
Word139 Word3 Word4 Word7,16219,3573.47,Word1371 Word1353 Word1372 Word1204,2018-11-30,Word563 Word589 Word590,NoDoc
Word48 Word3 Word4 Word5,KQ20182132,150.0,Word877,2018-09-30,Word563 Word564 Word9 Word26,NoDoc
Word96 Word3 Word4 Word5,90469,1600.0,Word797 Word190,2018-09-30,Word563 Word132 Word610,NoDoc
Word58 Word3 Word4 Word5,12712,977.5,Word1420 Word1421,2018-03-01,Word563 Word580 Word581 Word232,NoDoc
Word16 Word17 Word18 Word7,2887,280.8,Word885 Word784 Word785,2018-02-01,Word563 Word564 Word9 Word26,NoDoc
Word30 Word31,667368,48.0,Word826 Word780,2018-07-31,Word563 Word564 Word9 Word26,NoDoc
Word179 Word180 Word181 Word182,DTGCI080118-ZDUD,44473.31,Word979 Word836 Word980 Word45 Word981 Word808,2018-08-31,Word571 Word52 Word594 Word641,NoDoc
Word156 Word157 Word7,1573251,426.66,Word1322 Word319 Word1257,2017-12-01,Word563 Word121 Word579,NoDoc
Word16 Word17 Word18 Word7,5059,1419.6,Word783 Word784 Word785,2018-04-01,Word563 Word564 Word9 Word26,NoDoc
Word16 Word17 Word18 Word7,TU1460,1260.0,Word901 Word343,2018-09-30,Word563 Word564 Word9 Word26,NoDoc
Word96 Word3 Word4 Word5,77473,1620.0,Word797 Word190,2018-05-31,Word563 Word580 Word581 Word232,NoDoc
Word16 Word17 Word18 Word7,2165,270.0,Word901 Word343 Word1298,2018-01-01,Word563 Word564 Word9 Word26,NoDoc
Word24 Word22 Word4 Word5,22728,4165.0,Word562 Word780,2018-07-31,Word567 Word568 Word569 Word570,Doc1
Word398 Word399,EWGLCVFFIWBEVSY041318,717893.75,Word1088 Word835 Word1968 Word185 Word1969,2018-04-30,Word725 Word726 Word450 Word727,NoDoc
Word42 Word43 Word5,7926,4800.0,Word650 Word1282 Word1149 Word1112 Word1332,2018-04-30,Word567 Word568 Word366 Word562,Doc1
Word16 Word17 Word18 Word7,2883,972.0,,2018-02-01,Word563 Word564 Word9 Word26,NoDoc
Word16 Word17 Word18 Word7,VP1019,990.0,Word992 Word784 Word785,2018-08-31,Word563 Word564 Word9 Word26,NoDoc
Word16 Word17 Word18 Word7,1960,117.0,Word564 Word9 Word26,2017-12-01,Word563 Word564 Word9 Word26,NoDoc
Word38 Word4 Word39,41498355,3500.0,Word1171 Word1022 Word794 Word745,2018-06-30,Word563 Word121 Word579,NoDoc
Word19 Word20 Word21 Word22 Word23 Word5,17684,30.69,Word633 Word575,2018-08-31,Word563 Word575,NoDoc
Word261 Word262,132535,1257.75,Word9 Word26,2018-10-31,Word563 Word564 Word9 Word26,NoDoc
Word120 Word121 Word31,45110,5656.06,Word1021 Word880 Word856,2018-08-31,Word563 Word121 Word579,NoDoc
Word16 Word17 Word3 Word7,70691,890.0,Word1456 Word1457 Word1231,2018-06-30,Word288 Word626 Word627,NoDoc
Word376 Word53 Word142 Word455 Word5,193212,10780.0,Word777 Word695 Word160 Word695 Word1094,2018-06-30,Word567 Word582 Word107,Doc1
Word30 Word31,679830,40.0,Word61,2018-11-30,Word563 Word564 Word9 Word26,NoDoc
Word48 Word3 Word4 Word5,IW20180326,270.0,Word877,2018-07-31,Word563 Word564 Word9 Word26,NoDoc
Word33 Word34 Word35 Word7,108644-1374,4675.98,Word56 Word562,2018-10-31,Word563 Word366 Word56 Word4,NoDoc
Word16 Word17 Word18 Word7,LQ2055,1080.0,Word1033 Word785,2018-11-30,Word563 Word564 Word9 Word26,NoDoc
Word113 Word114 Word115 Word7,142179,11162.5,Word578 Word791,2018-01-01,Word563 Word121 Word579,NoDoc
Word30 Word31,653638,48.0,Word60 Word99 Word26,2018-04-30,Word563 Word564 Word9 Word26,NoDoc
Word85 Word86 Word87 Word5 Word88 Word16 Word17 Word3 Word7,65955,237.75,Word1861 Word1489,2018-04-30,Word563 Word366 Word562,NoDoc
Word134 Word61 Word45 Word39,OOO2018DFIMLLLQ,32088.15,Word689 Word26,2018-05-31,Word563 Word564 Word9 Word26,NoDoc
Word44 Word45 Word46,201805-00053-OZ0,2570126.23,Word834 Word835 Word46,2018-06-30,Word563 Word615 Word211,NoDoc
Word16 Word17 Word18 Word7,PE114,13860.0,Word785 Word650,2018-05-31,Word563 Word564 Word9 Word26,NoDoc
Word74 Word75 Word44 Word5,OPZ00128,-269111.58,Word840 Word841 Word842 Word843,2018-03-01,Word588 Word633 Word601 Word634,NoDoc
Word16 Word17 Word18 Word7,TO1140,2520.0,Word61,2018-08-31,Word563 Word564 Word9 Word26,NoDoc
Word235,ANG061418RXR,201519.29,Word639 Word371 Word1443 Word866 Word808 Word1320,2018-06-30,Word571 Word52 Word733 Word742 Word579,NoDoc
Word96 Word3 Word4 Word5,57559,1275.0,Word305 Word132 Word190,2017-12-01,Word563 Word132 Word610,NoDoc
Word30 Word31,676942,90.0,Word61,2018-09-30,Word563 Word564 Word9 Word26,NoDoc
Word151 Word152 Word22 Word13 Word7,E50420,3558.0,Word1261 Word676,2018-05-31,Word567 Word582 Word107,Doc1
Word16 Word17 Word18 Word7,WQ1140,2520.0,Word61,2018-08-31,Word563 Word564 Word9 Word26,NoDoc
Word30 Word31,658838,998.75,Word1286 Word779 Word99 Word764 Word650 Word1149,2018-05-31,Word563 Word580 Word581 Word232,NoDoc
Word30 Word31,643450,671.5,,2018-02-01,Word563 Word564 Word9 Word26,NoDoc
Word44 Word45 Word46,201805-00053-RB0,2570126.23,Word834 Word835 Word46,2018-06-30,Word288 Word626 Word627,NoDoc
Word38 Word4 Word39,41470597,3500.0,Word1021 Word121 Word659,2018-01-01,Word563 Word121 Word579,NoDoc
Word177 Word178 Word147 Word7,126JZR,11854.0,,2018-02-01,Word563 Word366 Word562,NoDoc
Word16 Word17 Word18 Word7,HF2173,630.0,Word973 Word577 Word765 Word1332,2018-11-30,Word563 Word564 Word9 Word26,NoDoc
Word96 Word3 Word4 Word5,85719,630.0,Word123 Word190,2018-07-31,Word563 Word564 Word9 Word26,NoDoc
Word16 Word17 Word18 Word7,2922,140.4,,2018-02-01,Word563 Word564 Word9 Word26,NoDoc
Word16 Word17 Word18 Word7,2936,209.25,,2018-01-01,Word563 Word564 Word9 Word26,NoDoc
Word116 Word117 Word118 Word119 Word7,152764,576.0,Word51 Word791 Word562,2018-06-30,Word563 Word580 Word581 Word232,NoDoc
Word74 Word75 Word44 Word5,YVM00128,269111.58,Word840 Word841 Word842 Word843,2016-10-01,Word563 Word600 Word601 Word602,NoDoc
Word33 Word34 Word35 Word7,108644-781,24170.3,Word562,2018-04-30,Word563 Word366 Word56 Word4,NoDoc
Word42 Word43 Word5,8233,210.0,Word1119 Word1120 Word806,2018-08-31,Word52 Word330 Word411 Word692,NoDoc
Word160 Word161 Word61 Word45 Word39,1159-3,50.0,Word61,2018-10-31,Word563 Word564 Word9 Word26,NoDoc
Word16 Word17 Word18 Word7,1942,702.0,Word992 Word784 Word785,2018-01-01,Word563 Word564 Word9 Word26,NoDoc
Word73 Word4 Word5,6195,284.0,Word838 Word53,2018-10-31,Word563 Word589 Word590,NoDoc
Word113 Word114 Word115 Word7,141473,1402.5,Word578 Word791,2018-02-01,Word560 Word561 Word315 Word577 Word642 Word644,Doc1
Word254 Word255 Word5,3003,1800.0,Word1890 Word922 Word1113 Word1891,2018-05-31,Word565 Word566,NoDoc
Word177 Word178 Word147 Word7,307YDN,2035.0,Word1090 Word190 Word1547 Word706,2018-10-31,Word701 Word99 Word614 Word366 Word562,Doc2
Word8 Word9 Word10 Word11 Word5,4.80Q+11,53.75,Word564 Word9 Word26,2017-12-01,Word563 Word564 Word9 Word26,NoDoc
Word16 Word17 Word18 Word7,4913,500.4,Word783 Word784 Word785,2018-04-30,Word563 Word564 Word9 Word26,NoDoc
Word16 Word17 Word18 Word7,4549,921.6,Word924 Word784 Word785,2018-04-30,Word563 Word564 Word9 Word26,NoDoc
Word33 Word34 Word35 Word7,108644-640,7268.8,Word1026 Word883 Word1027 Word562,2018-02-01,Word563 Word366 Word56 Word4,NoDoc
Word16 Word17 Word18 Word7,4924,691.2,Word959 Word784 Word785,2018-05-31,Word563 Word564 Word9 Word26,NoDoc
Word19 Word20 Word21 Word22 Word23 Word5,11788,115.34,,2018-02-01,Word563 Word575,NoDoc
Word38 Word4 Word39,41519830,4223.0,Word1171 Word1107 Word794 Word659 Word1200,2018-09-30,Word563 Word121 Word579,NoDoc
Word16 Word17 Word18 Word7,3431,865.8,Word959 Word784 Word785,2018-03-01,Word563 Word564 Word9 Word26,NoDoc
Word59 Word60 Word61 Word5,1079,54.0,Word826 Word780,2018-06-30,Word563 Word564 Word9 Word26,NoDoc
Word101 Word102 Word103 Word7,114229,65298.79,Word861 Word1130 Word931 Word1399 Word60,2018-11-30,Word576 Word366 Word562,Doc3
Word19 Word20 Word21 Word22 Word23 Word5,16317,33.36,Word1047 Word1048 Word240 Word1049,2018-07-31,Word563 Word575,NoDoc
Word41 Word125 Word34 Word5,4311,880.0,Word255 Word278,2018-02-01,Word567 Word582 Word580 Word202 Word545,Doc1
Word16 Word17 Word3 Word7,70591,420.0,Word1640 Word772 Word1418 Word1641,2018-06-30,Word563 Word580 Word581 Word232,NoDoc
Word16 Word17 Word18 Word7,2302,842.4,Word787 Word784 Word785,2018-01-01,Word563 Word564 Word9 Word26,NoDoc
Word8 Word9 Word10 Word11 Word5,4.80G+11,120.0,Word885 Word784 Word785,2018-08-31,Word563 Word564 Word9 Word26,NoDoc
Word16 Word17 Word18 Word7,NQ1316,5040.0,Word1497 Word784,2018-10-31,Word563 Word564 Word9 Word26,NoDoc
Word41 Word125 Word34 Word5,4345,3350.0,Word278 Word772 Word702 Word805,2018-02-01,Word567 Word582 Word583 Word584 Word585 Word586,Doc1
Word153 Word154 Word109 Word155 Word31,060218MMCSLNZQFYYQIMV,9574.15,Word1730,2018-07-31,Word563 Word564 Word9 Word26,NoDoc
Word408 Word4 Word5,VV10101,62299.0,Word489 Word1546 Word888,2018-06-30,Word567 Word730,Doc1
Word111 Word112 Word91 Word107 Word7,26977,25182.0,Word777 Word909 Word1094 Word909 Word981,2018-01-01,Word567 Word582 Word107,Doc1
Word156 Word157 Word7,1573512,1085.94,Word633 Word575,2017-12-01,Word563 Word575,NoDoc
Word16 Word17 Word18 Word7,4085,117.0,Word1031 Word784 Word785,2018-03-01,Word563 Word564 Word9 Word26,NoDoc
Word16 Word17 Word18 Word7,2740,561.6,Word924 Word784 Word785,2018-02-01,Word563 Word564 Word9 Word26,NoDoc
Word16 Word17 Word18 Word7,QP494,4200.0,Word785 Word948 Word764 Word26,2018-06-30,Word563 Word564 Word9 Word26,NoDoc
Word139 Word3 Word4 Word7,15687,1132.71,Word1301 Word331 Word1302,2018-03-01,Word576 Word589 Word174 Word592,Doc3
Word179 Word180 Word181 Word182,DPLHJ080118-PEKK,44473.31,Word979 Word836 Word980 Word45 Word981 Word808,2018-08-31,Word571 Word52 Word594 Word641,NoDoc
Word85 Word86 Word87 Word5 Word88 Word16 Word17 Word3 Word7,65252,105.0,,2018-02-01,Word563 Word580 Word581 Word232,NoDoc
Word78 Word79 Word11 Word5,G051418-16,304.0,Word330 Word99 Word26,2018-06-30,Word563 Word564 Word9 Word26,NoDoc
Word33 Word34 Word35 Word7,108644-972,6052.26,Word895,2018-06-30,Word563 Word366 Word56 Word4,NoDoc
Word263 Word264 Word61 Word5,PE-2410,3495.6,Word60 Word99 Word780,2018-06-30,Word563 Word564 Word9 Word26,NoDoc
Word16 Word17 Word18 Word7,BL1627,360.0,Word819 Word785,2018-10-31,Word563 Word564 Word9 Word26,NoDoc
Word294 Word295 Word57 Word5,001-36514,23900.0,Word1310 Word354 Word888,2018-07-31,Word567 Word582 Word580 Word202 Word545,Doc1
Word85 Word86 Word87 Word5 Word88 Word16 Word17 Word3 Word7,65585,420.0,Word1596 Word865 Word191,2018-02-01,Word563 Word580 Word581 Word232,NoDoc
Word189 Word190 Word191 Word7,2347522,1373.0,Word130 Word791,2018-05-31,Word567 Word582 Word366 Word562,Doc1
Word16 Word17 Word18 Word7,KX1297,3780.0,Word993 Word784 Word785,2018-09-30,Word563 Word564 Word9 Word26,NoDoc
Word70 Word47 Word71 Word72 Word7,280774,11979.8,Word967 Word717 Word909 Word808,2018-01-01,Word563 Word598 Word71,NoDoc
Word8 Word9 Word10 Word11 Word5,4.80A+11,1449.1,Word785 Word330 Word99 Word780,2018-05-31,Word563 Word564 Word9 Word26,NoDoc
Word16 Word17 Word18 Word7,4300,1237.2,Word885 Word784 Word785,2018-04-01,Word563 Word564 Word9 Word26,NoDoc
Word42 Word43 Word5,8391,1750.0,Word804 Word805 Word806,2018-09-30,Word563 Word580 Word581 Word232,NoDoc
Word50 Word51 Word4 Word5,1293,4305.0,Word592 Word856,2018-08-31,Word567 Word582 Word580 Word202 Word545,Doc1
Word44 Word45 Word46,201806-00045,2829197.98,Word845 Word835 Word46,2018-07-31,Word185 Word630 Word450 Word631,NoDoc
Word16 Word17 Word18 Word7,6863,270.0,Word800 Word810,2018-05-31,Word563 Word580 Word581 Word232,NoDoc
Word284,8075ZXQ,-1155.0,Word1407 Word764 Word1038 Word1408,2018-06-30,Word563 Word580 Word202 Word592,NoDoc
Word16 Word17 Word18 Word7,5127,1596.6,Word924 Word784 Word785,2018-04-30,Word563 Word564 Word9 Word26,NoDoc
Word73 Word4 Word5,3560,1223.5,Word762 Word21 Word145 Word1051,2018-08-31,Word563 Word615 Word211,NoDoc
Word30 Word31,670404,48.0,Word569 Word26,2018-08-31,Word567 Word568 Word569 Word570,Doc1
Word41 Word125 Word34 Word5,78,1430.0,Word1389 Word165 Word592,2017-12-01,Word567 Word582 Word580 Word202 Word545,Doc1
Word42 Word43 Word5,7937,6000.0,Word773 Word774 Word1298 Word1299,2018-04-30,Word563 Word580 Word581 Word232,NoDoc
Word429 Word331 Word449,HKDYXXMDIDMKCJO042018,2676.96,Word1351 Word1138 Word1756,2018-04-30,Word52 Word154 Word748 Word46 Word720 Word749,NoDoc
Word59 Word60 Word61 Word5,869,216.0,Word60 Word99 Word26,2018-03-01,Word563 Word564 Word9 Word26,NoDoc
Word42 Word43 Word5,7379,2390.0,Word562,2018-01-01,Word560 Word611 Word603 Word604 Word605 Word606,Doc1
Word42 Word43 Word5,8238,270.0,Word1119 Word1120 Word806,2018-08-31,Word560 Word561 Word366 Word562,Doc1
Word16 Word17 Word18 Word7,4135,225.0,Word132 Word255,2018-03-01,Word563 Word132 Word610,NoDoc
Word38 Word4 Word39,20412470,9240.0,Word703 Word659,2018-02-01,Word563 Word121 Word579,NoDoc
Word16 Word17 Word18 Word7,XP652,2520.0,Word787 Word784 Word785,2018-07-31,Word563 Word564 Word9 Word26,NoDoc
Word38 Word4 Word39,41476415,-4100.0,Word1021 Word1107 Word659,2018-01-01,Word563 Word121 Word579,NoDoc
Word16 Word17 Word18 Word7,6992,640.8,Word885 Word784 Word785,2018-05-31,Word563 Word564 Word9 Word26,NoDoc
Word33 Word34 Word35 Word7,108644-954,6158.44,Word562,2018-06-30,Word563 Word366 Word56 Word4,NoDoc
Word111 Word112 Word91 Word107 Word7,26980,13325.0,Word846 Word791 Word909 Word981 Word45 Word980,2018-01-01,Word567 Word582 Word107,Doc1
Word16 Word17 Word18 Word7,3421,1404.0,Word884 Word784 Word785,2018-03-01,Word563 Word564 Word9 Word26,NoDoc
Word30 Word31,639453,134.75,Word826 Word780,2018-01-01,Word563 Word564 Word9 Word26,NoDoc
Word113 Word114 Word115 Word7,143616,1785.0,Word578 Word791,2018-03-01,Word560 Word561 Word612,Doc1
Word50 Word51 Word4 Word5,1417,540.0,Word1734 Word1735 Word202,2018-09-30,Word563 Word580 Word202 Word592,NoDoc
Word38 Word4 Word39,41525622,24500.0,Word121 Word836,2018-10-31,Word563 Word121 Word579,NoDoc
Word389 Word147 Word130,511499,1065.0,Word307 Word836,2018-09-30,Word567 Word582 Word98 Word578 Word65,Doc1
Word8 Word9 Word10 Word11 Word5,4.80H+11,300.0,Word992 Word784 Word785,2018-09-30,Word563 Word564 Word9 Word26,NoDoc
Word227 Word59 Word147,2018-649,13657.5,Word593 Word711,2018-04-30,Word563 Word580 Word581 Word232,NoDoc
Word120 Word121 Word31,42846,5710.19,Word792 Word880 Word856,2018-01-01,Word563 Word121 Word579,NoDoc
Word42 Word43 Word5,8128,630.0,Word804 Word805 Word806,2018-06-30,Word563 Word580 Word581 Word232,NoDoc
Word16 Word17 Word18 Word7,4564,2561.4,Word1189 Word784 Word785,2018-04-01,Word563 Word564 Word9 Word26,NoDoc
Word33 Word34 Word35 Word7,108644-468,3345.6,Word946 Word895,2017-12-01,Word563 Word366 Word562,NoDoc
Word44 Word45 Word46,201805-00053-QV0,2570126.23,Word834 Word835 Word46,2018-06-30,Word563 Word589 Word590,NoDoc
Word70 Word47 Word71 Word72 Word7,283428,13383.86,Word45 Word808 Word700 Word808,2018-03-01,Word563 Word598 Word71,NoDoc
Word244 Word245,ZTVIPNXLPF090618,1020.68,Word613 Word781 Word1841,2018-09-30,Word571 Word52 Word572 Word573 Word574,NoDoc
Word8 Word9 Word10 Word11 Word5,4.80K+11,154.8,Word1107 Word918,2018-05-31,Word563 Word564 Word9 Word26,NoDoc
Word16 Word17 Word18 Word7,DM1944,360.0,Word330 Word99 Word26,2018-11-30,Word563 Word564 Word9 Word26,NoDoc
Word324 Word4,18-10751,275188.08,Word695 Word45 Word700 Word830 Word1532 Word1533 Word1330,2018-10-31,Word52 Word330 Word566,NoDoc
Word38 Word4 Word39,41528640,3862.5,Word1484 Word985,2018-11-30,Word563 Word121 Word579,NoDoc
Word486 Word487,214751T,200.0,Word338 Word60 Word99 Word764 Word26,2018-05-31,Word563 Word564 Word9 Word26,NoDoc
Word187 Word188,YHW112018,59401.33,Word613 Word781 Word967 Word986 Word808,2018-11-30,Word571 Word52 Word372 Word579,NoDoc
Word16 Word17 Word18 Word7,3193,140.4,Word783 Word784 Word785,2018-04-01,Word563 Word564 Word9 Word26,NoDoc
Word235,SBM081018UOPXTJI,556593.29,Word639 Word1076 Word1086 Word1062 Word808,2018-08-31,Word571 Word52 Word639 Word579,NoDoc
Word16 Word17 Word18 Word7,QX108,810.0,Word255 Word791,2018-05-31,Word563 Word564 Word9 Word26,NoDoc
Word54 Word98 Word4 Word7,18291,600.0,Word1015 Word860 Word1078,2018-08-31,Word560 Word561 Word593 Word578 Word65,Doc1
Word30 Word31,653637,132.0,Word61,2018-04-30,Word563 Word564 Word9 Word26,NoDoc
Word16 Word17 Word18 Word7,MS1297,3780.0,Word993 Word784 Word785,2018-09-30,Word563 Word564 Word9 Word26,NoDoc
Word8 Word9 Word10 Word11 Word5,4.80O+11,301.0,Word1300 Word784 Word785,2018-03-01,Word563 Word564 Word9 Word26,NoDoc
Word122 Word123 Word21 Word124 Word5,KQS21297,40320.0,Word826 Word785,2018-09-30,Word563 Word564 Word9 Word26,NoDoc
Word160 Word161 Word61 Word45 Word39,1259-1,195.0,Word956 Word894 Word935,2018-12-31,Word563 Word564 Word9 Word26,NoDoc
Word135 Word136 Word7,3676383,2039.67,Word643 Word82,2018-04-01,Word563 Word580 Word581 Word232,NoDoc
Word16 Word17 Word18 Word7,HR1967,1080.0,Word785 Word885 Word784 Word165 Word1513,2018-11-30,Word576 Word632 Word130 Word577 Word578,Doc3
Word30 Word31,677923,1638.0,Word26 Word60 Word99 Word130,2018-10-31,Word563 Word564 Word9 Word26,NoDoc
Word113 Word114 Word115 Word7,142169,2422.5,Word338 Word797,2018-02-01,Word560 Word561 Word612,Doc1
Word24 Word22 Word4 Word5,23296,892.5,Word562 Word842 Word967 Word842 Word1094,2018-11-30,Word563 Word132 Word610,NoDoc
Word25 Word26,081318-11,52.0,Word9 Word785,2018-10-31,Word563 Word564 Word9 Word26,NoDoc
Word113 Word114 Word115 Word7,149409,593.75,Word578,2018-08-31,Word563 Word580 Word581 Word232,NoDoc
Word16 Word17 Word18 Word7,KA1193,1260.0,Word924 Word784 Word785,2018-09-30,Word563 Word564 Word9 Word26,NoDoc
Word388 Word4,JOI0151,35556.85,Word292 Word791,2018-01-01,Word565 Word566,NoDoc
Word16 Word17 Word18 Word7,ND1844,630.0,Word819 Word785,2018-10-31,Word563 Word564 Word9 Word26,NoDoc
Word113 Word114 Word115 Word7,144361,807.5,Word338 Word797,2018-05-31,Word560 Word561 Word315 Word577 Word642 Word644,Doc1
Word78 Word79 Word11 Word5,N101418-10,624.0,Word26,2018-11-30,Word563 Word564 Word9 Word26,NoDoc
Word16 Word17 Word18 Word7,SN957,1260.0,Word885 Word784 Word785,2018-08-31,Word563 Word564 Word9 Word26,NoDoc
Word412,9093283132,28980.0,Word856 Word1257 Word125,2018-01-01,Word560 Word561 Word551 Word4,Doc1
Word16 Word17 Word3 Word7,70671,680.0,Word1456 Word1594 Word1170,2018-06-30,Word288 Word626 Word627,NoDoc
Word62 Word63 Word18 Word7,211355H,480.0,Word785 Word61,2017-12-01,Word563 Word564 Word9 Word26,NoDoc
Word16 Word17 Word18 Word7,2597,1080.0,Word1013,2018-04-30,Word563 Word564 Word9 Word26,NoDoc
Word16 Word17 Word3 Word7,71981,360.0,Word994 Word1595 Word84,2018-10-31,Word563 Word366 Word562,NoDoc
Word19 Word20 Word21 Word22 Word23 Word5,20169,12.29,Word575,2018-11-30,Word563 Word575,NoDoc
Word277 Word278 Word23 Word44,52885,10350.0,Word562 Word1017,2018-02-01,Word613 Word99 Word614 Word693 Word319,Doc2
Word8 Word9 Word10 Word11 Word5,4.80G+11,600.0,Word61,2018-06-30,Word563 Word564 Word9 Word26,NoDoc
Word12 Word13 Word7,11833,9895.0,Word846 Word791,2018-08-31,Word52 Word330 Word566,NoDoc
Word16 Word17 Word18 Word7,3456,1068.0,Word785 Word330 Word99 Word764 Word61,2018-02-01,Word563 Word564 Word9 Word26,NoDoc
Word316 Word317 Word65 Word5,85937,666.5,Word65 Word791,2018-03-01,Word563 Word366 Word562,NoDoc
Word41 Word125 Word34 Word5,4337,7950.0,Word1748 Word857 Word889,2018-02-01,Word567 Word582 Word580 Word202 Word545,Doc1
Word33 Word34 Word35 Word7,108644-1061,7037.73,Word562,2018-07-31,Word563 Word366 Word56 Word4,NoDoc
Word38 Word4 Word39,41519899,4223.0,Word1484 Word836,2018-09-30,Word563 Word121 Word579,NoDoc
Word116 Word117 Word118 Word119 Word7,150829,384.0,Word51 Word985 Word562,2018-04-30,Word563 Word580 Word581 Word232,NoDoc
Word16 Word17 Word18 Word7,2229,320.4,Word783 Word784 Word785,2018-01-01,Word563 Word564 Word9 Word26,NoDoc
Word96 Word3 Word4 Word5,60302,320.0,Word1053 Word330 Word99 Word764 Word26,2018-01-01,Word563 Word564 Word9 Word26,NoDoc
Word30 Word31,676909,1560.0,Word826 Word785,2018-09-30,Word563 Word564 Word9 Word26,NoDoc
Word64 Word65 Word7 Word66 Word67,17211,4137.0,Word593 Word827,2018-09-30,Word560 Word561 Word593 Word578 Word65,Doc1
Word8 Word9 Word10 Word11 Word5,4.80Y+11,1397.5,Word330 Word99 Word26,2018-01-01,Word563 Word564 Word9 Word26,NoDoc
Word16 Word17 Word18 Word7,2476,702.0,Word785 Word1144 Word764 Word26,2018-02-01,Word563 Word564 Word9 Word26,NoDoc
Word254 Word255 Word5,2960,80715.6,Word887 Word9,2018-01-01,Word567 Word650 Word9 Word255,Doc1
Word19 Word20 Word21 Word22 Word23 Word5,13320,777.27,Word868,2018-03-01,Word563 Word575,NoDoc
Word76 Word77 Word5,52027764,4005.0,Word777 Word699 Word45 Word699 Word865,2018-05-31,Word560 Word561 Word107,Doc1
Word263 Word264 Word61 Word5,WH-2479,625.05,Word599 Word191,2018-10-31,Word563 Word564 Word9 Word26,NoDoc
Word160 Word161 Word61 Word45 Word39,1138-3,115.0,Word61,2018-10-31,Word563 Word564 Word9 Word26,NoDoc
Word96 Word3 Word4 Word5,58187,3440.0,Word1053 Word330 Word99 Word764 Word26,2018-01-01,Word563 Word564 Word9 Word26,NoDoc
Word96 Word3 Word4 Word5,58187,3440.0,Word1053 Word330 Word99 Word764 Word26,2018-01-01,Word563 Word564 Word9 Word26,NoDoc
Word175 Word176 Word5,M-1310,70200.0,Word1054 Word586 Word702 Word1055 Word1056,2018-10-31,Word567 Word582 Word583 Word584 Word585 Word586,Doc1
Word16 Word17 Word18 Word7,3581,608.4,Word955 Word784 Word785,2018-03-01,Word563 Word564 Word9 Word26,NoDoc
Word16 Word17 Word18 Word7,NX1459,1200.0,Word785 Word941 Word780,2018-09-30,Word563 Word564 Word9 Word26,NoDoc
Word38 Word4 Word39,41522664,3605.0,Word121 Word836,2018-09-30,Word563 Word121 Word579,NoDoc
Word113 Word114 Word115 Word7,144353,1976.25,Word338 Word797,2018-05-31,Word560 Word561 Word612,Doc1
Word175 Word176 Word5,B-1425,107600.0,Word582 Word791,2018-10-31,Word567 Word582 Word583 Word584 Word585 Word586,Doc1
Word85 Word86 Word87 Word5 Word88 Word16 Word17 Word3 Word7,65139,315.0,Word711 Word1307 Word1308,2018-01-01,Word563 Word580 Word581 Word232,NoDoc
Word300 Word258 Word301 Word302 Word303,OOOUPQ111318T,250.0,Word1222 Word745,2018-11-30,Word563 Word646 Word609,NoDoc
Word16 Word17 Word18 Word7,2392,140.4,Word783 Word784 Word785,2018-02-01,Word563 Word564 Word9 Word26,NoDoc
Word6 Word7,10606,1000.0,Word1181 Word1060 Word1182,2018-08-31,Word560 Word611 Word603 Word604 Word605 Word606,Doc1
Word41 Word125 Word34 Word5,4382,3350.0,Word1404 Word822 Word702 Word805 Word702 Word822,2018-03-01,Word567 Word582 Word366 Word562,Doc1
Word153 Word154 Word109 Word155 Word31,030218VKKJPQEHUMVHKWL,13208.42,Word1251,2018-04-01,Word563 Word564 Word9 Word26,NoDoc
Word70 Word47 Word71 Word72 Word7,287399,12935.72,Word699 Word830 Word695 Word831 Word808,2018-06-30,Word563 Word598 Word71,NoDoc
Word24 Word22 Word4 Word5,22606,2210.0,Word562,2018-07-31,Word567 Word582 Word583 Word584 Word585 Word586,Doc1
Word41 Word49 Word7,3521,8280.55,Word562 Word609,2018-10-31,Word567 Word582 Word366 Word562,Doc1
Word254 Word255 Word5,3036,2100.0,Word705 Word278,2018-06-30,Word576 Word202 Word545,Doc3
Word16 Word17 Word18 Word7,2765,140.4,Word330 Word99 Word764 Word61,2018-02-01,Word563 Word564 Word9 Word26,NoDoc
Word85 Word86 Word87 Word5 Word88 Word16 Word17 Word3 Word7,65940,420.0,Word562,2018-03-01,Word563 Word580 Word581 Word232,NoDoc
Word16 Word17 Word3 Word7,71761,1295.0,Word798 Word799 Word802 Word1602,2018-07-31,Word563 Word366 Word562,NoDoc
Word70 Word47 Word71 Word72 Word7,288715,13686.1,Word695 Word830 Word808 Word1443 Word717 Word808,2018-07-31,Word563 Word598 Word71,NoDoc
Word74 Word75 Word44 Word5,TFM00128,-269111.58,Word840 Word841 Word842 Word843,2018-03-01,Word563 Word600 Word601 Word602,NoDoc
Word99 Word100 Word22 Word4 Word7,18088,6970.0,Word562,2018-01-01,Word613 Word99 Word614 Word366 Word562,Doc2
Word324 Word4,18-10073,81197.98,Word694 Word695 Word160 Word817 Word1276 Word1277 Word1278,2018-09-30,Word671 Word561 Word160 Word694 Word695 Word160 Word593,Doc1
Word30 Word31,653415,132.0,Word61,2018-04-30,Word563 Word564 Word9 Word26,NoDoc
Word74 Word75 Word44 Word5,CKZ00128,-269111.58,Word840 Word841 Word842 Word843,2018-03-01,Word563 Word600 Word601 Word602,NoDoc
Word81 Word82 Word5,159815,1519.3,Word1272 Word643,2018-12-31,Word563 Word82 Word9 Word607,NoDoc
Word33 Word34 Word35 Word7,108644-793,5839.9,Word946,2018-04-30,Word563 Word366 Word562,NoDoc
Word30 Word31,646196,42.0,Word826 Word780,2018-03-01,Word563 Word564 Word9 Word26,NoDoc
Word78 Word79 Word11 Word5,F051418-13,96.0,Word780 Word745,2018-06-30,Word563 Word564 Word9 Word26,NoDoc
Word16 Word17 Word18 Word7,BW838,2520.0,Word1189 Word784 Word785,2018-07-31,Word563 Word564 Word9 Word26,NoDoc
Word131 Word132 Word133 Word5,O21801002,56355.65,Word1383 Word835 Word61 Word1046,2018-03-01,Word563 Word564 Word9 Word26,NoDoc
Word42 Word43 Word5,8230,870.0,Word330 Word914 Word806,2018-07-31,Word52 Word330 Word411 Word692,NoDoc
Word16 Word17 Word3 Word7,71122,960.0,Word711 Word191,2018-10-31,Word563 Word366 Word562,NoDoc
Word96 Word3 Word4 Word5,86101,450.0,Word123 Word190,2018-07-31,Word563 Word580 Word581 Word232,NoDoc
Word162 Word7,DOO29KSD18,11200.0,Word582 Word1093,2018-08-31,Word567 Word582 Word107,Doc1
Word33 Word34 Word35 Word7,108644-804,3426.06,Word562 Word895,2018-04-30,Word563 Word366 Word56 Word4,NoDoc
Word19 Word20 Word21 Word22 Word23 Word5,18586,999.86,Word873 Word1715,2018-10-31,Word563 Word580 Word581 Word232,NoDoc
Word240 Word276 Word3 Word4 Word5,5213,950.0,Word833 Word99 Word602,2018-05-31,Word563 Word580 Word581 Word232,NoDoc
Word116 Word117 Word118 Word119 Word7,154252,480.0,Word51 Word791,2018-10-31,Word563 Word580 Word581 Word232,NoDoc
Word358 Word359,203011406,2106.0,Word592 Word856,2018-02-01,Word560 Word561 Word580 Word202 Word545,Doc1
Word48 Word3 Word4 Word5,GX20171986,42.0,Word783 Word784 Word785,2018-08-31,Word563 Word564 Word9 Word26,NoDoc
Word19 Word20 Word21 Word22 Word23 Word5,16418,49.15,Word575,2018-07-31,Word563 Word575,NoDoc
Word42 Word43 Word5,8076,1320.0,Word562,2018-06-30,Word576 Word366 Word562,Doc3
Word290 Word291 Word292 Word5,IFJJLL110718,473937.33,Word9 Word1059 Word1060 Word1863 Word835,2018-11-30,Word576 Word632 Word9 Word23 Word179,Doc3
Word453 Word454 Word5,13399,2070.0,Word1286 Word1778 Word878 Word1779,2018-03-01,Word565 Word566,NoDoc
Word16 Word17 Word3 Word7,70591,420.0,Word1640 Word772 Word1418 Word1641,2018-06-30,Word563 Word580 Word581 Word232,NoDoc
Word85 Word86 Word87 Word5 Word88 Word16 Word17 Word3 Word7,64780,52.52,Word944 Word945,2017-12-01,Word563 Word580 Word581 Word232,NoDoc
Word16 Word17 Word18 Word7,2376,561.6,Word330 Word99 Word764 Word780,2018-01-01,Word563 Word564 Word9 Word26,NoDoc
Word16 Word17 Word18 Word7,FF1151,2520.0,Word884 Word784 Word785,2018-09-30,Word563 Word564 Word9 Word26,NoDoc
Word16 Word17 Word18 Word7,EB915,1080.0,Word61,2018-08-31,Word563 Word564 Word9 Word26,NoDoc
Word8 Word9 Word10 Word11 Word5,4.80O+11,150.0,Word60 Word99 Word780,2018-05-31,Word563 Word564 Word9 Word26,NoDoc
Word116 Word117 Word118 Word119 Word7,148350,384.0,Word562,2018-06-30,Word563 Word580 Word581 Word232,NoDoc
Word166 Word5,1517,425.0,Word975 Word9,2018-11-30,Word563 Word564 Word9 Word26,NoDoc
Word62 Word63 Word18 Word7,211360F,160.0,Word338 Word61,2017-12-01,Word563 Word564 Word9 Word26,NoDoc
Word294 Word295 Word57 Word5,001-26877,4169.29,Word1207 Word1208,2018-02-01,Word567 Word582 Word580 Word202 Word545,Doc1
Word139 Word3 Word4 Word7,15647,1040.0,Word1447 Word1448,2018-03-01,Word576 Word366 Word562,Doc3
Word16 Word17 Word18 Word7,3050,432.0,Word924 Word784 Word785,2018-03-01,Word563 Word564 Word9 Word26,NoDoc
Word8 Word9 Word10 Word11 Word5,4.80A+11,159.1,Word1252 Word784 Word568 Word650,2018-02-01,Word563 Word564 Word9 Word26,NoDoc
Word33 Word34 Word35 Word7,108644-1144,33872.29,Word562 Word1038,2018-08-31,Word563 Word366 Word56 Word4,NoDoc
Word208 Word209 Word155 Word7,E48744,407.5,Word156 Word798,2018-06-30,Word567 Word568 Word569 Word570,Doc1
Word24 Word22 Word4 Word5,22651,3400.0,Word562,2018-07-31,Word567 Word582 Word366 Word562,Doc1
Word16 Word17 Word18 Word7,ZM794,810.0,Word800 Word799 Word816 Word960,2018-08-31,Word563 Word366 Word562,NoDoc
Word8 Word9 Word10 Word11 Word5,4.80I+11,180.0,Word959 Word784 Word568 Word650,2018-10-31,Word563 Word564 Word9 Word26,NoDoc
Word16 Word17 Word18 Word7,HW1699,3780.0,Word1414 Word785,2018-10-31,Word563 Word564 Word9 Word26,NoDoc
Word16 Word17 Word18 Word7,3220,1162.8,Word1014 Word784 Word785,2018-03-01,Word563 Word564 Word9 Word26,NoDoc
Word254 Word255 Word5,3043,230258.88,Word278 Word1310,2018-06-30,Word567 Word650 Word9 Word255,Doc1
Word16 Word17 Word18 Word7,2717,421.2,Word330 Word99 Word764 Word26,2018-02-01,Word563 Word564 Word9 Word26,NoDoc
Word160 Word161 Word61 Word45 Word39,1172-1,65.0,Word61,2018-10-31,Word563 Word564 Word9 Word26,NoDoc
Word73 Word4 Word5,3560,1223.5,Word762 Word21 Word145 Word1051,2018-08-31,Word563 Word615 Word211,NoDoc
Word186 Word4 Word5,10069,47500.0,Word580 Word1260 Word791,2018-07-31,Word52 Word330 Word566,NoDoc
Word16 Word17 Word18 Word7,2594,1080.0,Word1013,2018-04-30,Word563 Word564 Word9 Word26,NoDoc
Word208 Word209 Word155 Word7,P44028,10100.0,Word1140 Word156 Word798,2018-04-01,Word560 Word561 Word612,Doc1
Word59 Word60 Word61 Word5,1039,54.0,Word783 Word784 Word785,2018-06-30,Word563 Word564 Word9 Word26,NoDoc
Word16 Word17 Word3 Word7,70925,360.0,Word1555 Word945,2018-06-30,Word563 Word366 Word562,NoDoc
Word144 Word145 Word146 Word147 Word7,125749,3465.0,Word516 Word913,2018-05-31,Word576 Word366 Word562,Doc3
Word58 Word3 Word4 Word5,12800,1400.0,Word1071 Word9 Word191,2018-03-01,Word563 Word366 Word562,NoDoc
Word116 Word117 Word118 Word119 Word7,147359,384.0,Word51 Word794 Word562,2018-04-01,Word563 Word580 Word581 Word232,NoDoc
Word361 Word132 Word355 Word5,2537,1350.0,Word937 Word202,2018-07-31,Word52 Word330 Word566,NoDoc
Word16 Word17 Word3 Word7,70478,420.0,Word899 Word805 Word132 Word810,2018-05-31,Word563 Word580 Word581 Word232,NoDoc
Word256 Word4 Word5,974,5400.0,Word13 Word794,2018-11-30,Word52 Word330 Word566,NoDoc
Word38 Word4 Word39,41511623,4223.0,Word1021 Word1022 Word659,2018-07-31,Word563 Word121 Word579,NoDoc
Word8 Word9 Word10 Word11 Word5,4.80R+11,60.0,Word61,2018-09-30,Word563 Word564 Word9 Word26,NoDoc
Word349 Word3 Word4 Word350 Word351 Word333,88914,3194.25,Word351 Word125,2018-10-31,Word52 Word330 Word566,NoDoc
Word44 Word45 Word46,201806-00045,2829197.98,Word845 Word835 Word46,2018-07-31,Word563 Word598 Word71,NoDoc
Word273 Word61,513,5610.0,Word61,2018-11-30,Word563 Word564 Word9 Word26,NoDoc
Word16 Word17 Word18 Word7,3260,1292.0,Word785 Word330 Word99 Word764 Word26,2018-03-01,Word563 Word564 Word9 Word26,NoDoc
Word113 Word114 Word115 Word7,142870,850.0,Word1113 Word1676 Word1766,2018-02-01,Word565 Word566,NoDoc
Word341 Word181 Word7,RUZIUQBN110218,14474.07,Word1344 Word1345,2018-11-30,Word571 Word52 Word639 Word579,NoDoc
Word16 Word17 Word18 Word7,DT1914,1260.0,Word785 Word1144 Word780,2018-10-31,Word563 Word564 Word9 Word26,NoDoc
Word16 Word17 Word18 Word7,3279,820.8,Word330 Word99 Word764 Word61,2018-02-01,Word563 Word564 Word9 Word26,NoDoc
Word8 Word9 Word10 Word11 Word5,4.80B+11,125.0,Word61,2018-09-30,Word563 Word564 Word9 Word26,NoDoc
Word16 Word17 Word18 Word7,HY423,-70.0,Word764 Word1480 Word1923,2018-08-31,Word567 Word568 Word569 Word570,Doc1
Word106 Word107 Word7,82955-6,2694.0,Word969 Word791,2018-08-31,Word588 Word655 Word656 Word545,Doc1
Word109 Word61 Word7,359,3461.0,Word689 Word9 Word780,2018-11-30,Word563 Word564 Word9 Word26,NoDoc
Word59 Word60 Word61 Word5,1167,864.0,Word926 Word784 Word785,2018-08-31,Word563 Word564 Word9 Word26,NoDoc
Word48 Word3 Word4 Word5,CD20183937,546.0,Word1028 Word9 Word877,2018-11-30,Word563 Word564 Word9 Word26,NoDoc
Word16 Word17 Word18 Word7,AJ1291,2520.0,Word61,2018-09-30,Word563 Word564 Word9 Word26,NoDoc
Word44 Word45 Word46,201806-00045,2829197.98,Word845 Word835 Word46,2018-07-31,Word560 Word561 Word612,Doc1
Word30 Word31,658769,236.0,Word61,2018-05-31,Word563 Word564 Word9 Word26,NoDoc
Word199 Word200 Word201 Word202 Word7,GEB-0023560,385.0,Word1043 Word190 Word1120,2018-06-30,Word567 Word582 Word580 Word202 Word545,Doc1
Word38 Word4 Word39,41503963,22000.0,Word1171 Word1107 Word794 Word659 Word1295,2018-07-31,Word563 Word121 Word579,NoDoc
Word16 Word17 Word3 Word7,70740,360.0,Word1446 Word718 Word1539,2018-06-30,Word563 Word580 Word581 Word232,NoDoc
Word219 Word220 Word34 Word5,1019,40144.34,Word846 Word791,2018-05-31,Word560 Word611 Word603 Word604 Word605 Word606,Doc1
Word16 Word17 Word18 Word7,2122,760.5,Word330 Word99 Word26,2018-01-01,Word563 Word564 Word9 Word26,NoDoc
Word430 Word431 Word432,KGAAAEHNJLVAZF100218-WRIE,-92604.92,Word1664 Word789 Word1413 Word660,2018-10-31,Word571 Word52 Word636 Word707 Word613,NoDoc
Word48 Word3 Word4 Word5,SD20181676,300.0,Word798 Word799,2018-10-31,Word560 Word561 Word612,Doc1
Word48 Word3 Word4 Word5,FI20182467,895.0,Word954 Word454 Word877,2018-08-31,Word563 Word564 Word9 Word26,NoDoc
Word179 Word180 Word181 Word182,DMUCH080118,44473.31,Word330 Word1004 Word1005 Word980 Word45 Word981 Word808,2018-08-31,Word571 Word52 Word646 Word633 Word579,NoDoc
Word116 Word117 Word118 Word119 Word7,155108,576.0,Word51 Word985,2018-10-31,Word563 Word580 Word581 Word232,NoDoc
Word8 Word9 Word10 Word11 Word5,4.80W+11,60.0,Word826 Word785,2018-10-31,Word563 Word564 Word9 Word26,NoDoc
Word257 Word258 Word259 Word5,181009-13509,29400.0,Word1347 Word1110 Word1441,2018-11-30,Word567 Word582 Word580 Word202 Word545,Doc1
Word19 Word20 Word21 Word22 Word23 Word5,17227,413.46,Word575,2018-08-31,Word563 Word575,NoDoc
Word44 Word45 Word46,201811-00046,8799523.59,Word807 Word808 Word46,2018-12-31,Word560 Word561 Word575 Word598,Doc1
Word116 Word117 Word118 Word119 Word7,148741,789.29,Word51 Word794,2018-04-01,Word563 Word580 Word581 Word232,NoDoc
Word19 Word20 Word21 Word22 Word23 Word5,18590,607.98,Word1638 Word1514,2018-10-31,Word563 Word575,NoDoc
Word30 Word31,667451,3803.75,Word797 Word190,2018-08-31,Word560 Word561 Word366 Word562,Doc1
Word8 Word9 Word10 Word11 Word5,4.80U+11,11352.0,Word569 Word26,2018-01-01,Word567 Word568 Word569 Word570,Doc1
Word16 Word17 Word18 Word7,2062,324.0,Word1053 Word330 Word99 Word764 Word780,2017-12-01,Word563 Word564 Word9 Word26,NoDoc
Word30 Word31,678837,240.0,Word826 Word780,2018-10-31,Word563 Word564 Word9 Word26,NoDoc
Word85 Word86 Word87 Word5 Word88 Word16 Word17 Word3 Word7,65838,315.0,Word562,2018-03-01,Word563 Word366 Word562,NoDoc
Word16 Word17 Word18 Word7,MK613,2520.0,Word785 Word904,2018-07-31,Word563 Word564 Word9 Word26,NoDoc
Word30 Word31,646211,539.0,Word797 Word190,2018-03-01,Word563 Word132 Word610,NoDoc
Word162 Word7,ZQD11BMM18,9800.0,Word1143 Word991,2018-03-01,Word567 Word582 Word107,Doc1
Word346 Word5,120-10639,1704.0,Word1305 Word592,2018-08-31,Word563 Word366 Word562,NoDoc
Word85 Word86 Word87 Word5 Word88 Word16 Word17 Word3 Word7,64925,105.0,Word851 Word855 Word654,2018-01-01,Word563 Word580 Word581 Word232,NoDoc
Word16 Word17 Word18 Word7,GU1145,1260.0,Word61,2018-08-31,Word563 Word564 Word9 Word26,NoDoc
Word16 Word17 Word18 Word7,4293,1316.56,Word1201 Word784 Word785,2018-04-01,Word563 Word564 Word9 Word26,NoDoc
Word16 Word17 Word18 Word7,LT223,7560.0,Word172 Word1196 Word764 Word780,2018-06-30,Word563 Word564 Word9 Word26,NoDoc
Word38 Word4 Word39,41523580,12900.0,Word121 Word836,2018-09-30,Word563 Word121 Word579,NoDoc
Word38 Word4 Word39,41488305,4100.0,Word792 Word1173 Word985 Word659,2018-03-01,Word563 Word121 Word579,NoDoc
Word6 Word7,10186,570.0,Word780 Word1206 Word806 Word1316,2018-01-01,Word560 Word561 Word612,Doc1
Word116 Word117 Word118 Word119 Word7,155107,576.0,Word562,2018-10-31,Word563 Word580 Word581 Word232,NoDoc
Word19 Word20 Word21 Word22 Word23 Word5,15940,17.08,Word633 Word575,2018-07-31,Word563 Word575,NoDoc
Word16 Word17 Word18 Word7,FQ1428,450.0,Word255 Word132 Word765 Word201,2018-10-31,Word563 Word132 Word610,NoDoc
Word299 Word237 Word7,31839,25858.44,Word949 Word991 Word695 Word1094 Word808 Word808,2018-05-31,Word571 Word52 Word657 Word646 Word13,NoDoc
Word113 Word114 Word115 Word7,151454,1235.0,Word578 Word794,2018-09-30,Word560 Word561 Word612,Doc1
Word16 Word17 Word18 Word7,5162,640.8,Word885 Word784 Word785,2018-05-31,Word563 Word564 Word9 Word26,NoDoc
Word151 Word152 Word22 Word13 Word7,W50202,10375.0,Word846 Word791,2018-04-30,Word567 Word582 Word107,Doc1
Word16 Word17 Word18 Word7,3535,1304.4,Word785 Word61,2018-02-01,Word563 Word564 Word9 Word26,NoDoc
Word33 Word34 Word35 Word7,108644-865,6467.83,Word895,2018-05-31,Word563 Word366 Word56 Word4,NoDoc
Word160 Word161 Word61 Word45 Word39,841-7,195.0,Word61,2018-03-01,Word563 Word564 Word9 Word26,NoDoc
Word16 Word17 Word18 Word7,2628,351.0,Word330 Word99 Word764 Word61,2018-02-01,Word563 Word564 Word9 Word26,NoDoc
Word16 Word17 Word18 Word7,DE997,180.0,Word885 Word784 Word785,2018-08-31,Word563 Word564 Word9 Word26,NoDoc
Word217 Word3 Word10 Word5,KPM073118-1,18544.8,Word9 Word26,2018-09-30,Word563 Word564 Word9 Word26,NoDoc
Word80 Word3 Word4,U139841,25400.0,Word592 Word856 Word562,2018-09-30,Word563 Word366 Word562,NoDoc
Word30 Word31,649991,340.0,Word123 Word190,2018-03-01,Word563 Word564 Word9 Word26,NoDoc
Word16 Word17 Word18 Word7,2379,140.4,Word783 Word784 Word785,2018-01-01,Word563 Word564 Word9 Word26,NoDoc
Word162 Word7,VRX04JGW18,9292.0,Word13,2018-02-01,Word567 Word582 Word107,Doc1
Word16 Word17 Word18 Word7,5151,249.6,Word338 Word568 Word650,2018-04-01,Word563 Word564 Word9 Word26,NoDoc
Word8 Word9 Word10 Word11 Word5,4.80R+11,1449.1,Word785 Word330 Word99 Word780,2018-05-31,Word563 Word564 Word9 Word26,NoDoc
Word30 Word31,676123,192.0,Word61,2018-09-30,Word563 Word564 Word9 Word26,NoDoc
Word116 Word117 Word118 Word119 Word7,154969,446.67,Word562 Word998,2018-10-31,Word563 Word580 Word581 Word232,NoDoc
Word25 Word26,012418-1,40.0,Word9 Word785 Word539 Word1282,2018-02-01,Word563 Word564 Word9 Word26,NoDoc
Word16 Word17 Word18 Word7,2940,760.5,Word1053 Word330 Word99 Word764 Word61,2018-02-01,Word563 Word564 Word9 Word26,NoDoc
Word16 Word17 Word18 Word7,WC357,2520.0,Word330 Word99 Word764 Word26,2018-06-30,Word563 Word564 Word9 Word26,NoDoc
Word8 Word9 Word10 Word11 Word5,4.80F+11,619.2,Word61,2018-06-30,Word563 Word564 Word9 Word26,NoDoc
Word16 Word17 Word18 Word7,3779,729.0,Word1013,2018-07-31,Word563 Word564 Word9 Word26,NoDoc
Word104 Word105 Word4 Word5,YEV/23080,702.0,Word864 Word105,2018-07-31,Word563 Word174,NoDoc
Word16 Word17 Word18 Word7,3622,2017.2,Word1014 Word784 Word785,2018-04-01,Word563 Word564 Word9 Word26,NoDoc
Word166 Word5,1503,170.0,Word1209 Word785,2018-11-30,Word563 Word564 Word9 Word26,NoDoc
Word42 Word43 Word5,7537,11520.0,Word338,2018-01-01,Word563 Word580 Word581 Word232,NoDoc
Word85 Word86 Word87 Word5 Word88 Word16 Word17 Word3 Word7,65628,317.0,Word973 Word650 Word974 Word84,2018-02-01,Word563 Word580 Word581 Word232,NoDoc
Word42 Word43 Word5,7771,1015.0,Word804 Word805 Word806,2018-03-01,Word563 Word580 Word581 Word232,NoDoc
Word16 Word17 Word3 Word7,71902,270.75,Word837 Word172 Word191,2018-09-30,Word563 Word366 Word562,NoDoc
Word44 Word45 Word46,201811-00046,8799523.59,Word807 Word808 Word46,2018-12-31,Word567 Word582 Word250,Doc1
Word33 Word34 Word35 Word7,108644-447GH,4888.32,Word100 Word1297 Word1062 Word872 Word967 Word1062,2018-04-01,Word563 Word366 Word56 Word4,NoDoc
Word73 Word4 Word5,1802097,6088.0,Word615 Word1051,2018-03-01,Word563 Word366 Word562,NoDoc
Word299 Word237 Word7,31707,20924.58,Word949 Word991 Word865 Word1074 Word981 Word808,2018-04-01,Word571 Word52 Word657 Word681 Word371 Word13,NoDoc
Word324 Word4,18-8236-OMQ,-4645.86,Word694 Word695 Word160 Word817 Word1276 Word1480 Word1481,2018-10-31,Word52 Word330 Word566,NoDoc
Word522 Word47 Word22 Word23 Word119,12119275,285.0,Word642 Word2053 Word202,2018-12-31,Word560 Word561 Word580 Word202 Word545,Doc1
Word90 Word91 Word92 Word7,110138,14994.0,Word936 Word937 Word938 Word939,2018-04-30,Word567 Word582 Word580 Word202 Word545,Doc1
Word488 Word489 Word490 Word5,012318-5I,29792.0,Word1207 Word791,2018-02-01,Word567 Word582 Word41 Word319,Doc1
Word16 Word17 Word18 Word7,3278,753.6,Word785 Word330 Word99 Word764 Word61,2018-02-01,Word563 Word564 Word9 Word26,NoDoc
Word30 Word31,642160,404.25,Word1588 Word132,2018-01-01,Word563 Word132 Word610,NoDoc
Word162 Word7,MGTJ08HNU18,13449.0,Word1659 Word943 Word60,2018-04-30,Word567 Word582 Word107,Doc1
Word16 Word17 Word18 Word7,1639,140.4,,2018-01-01,Word563 Word564 Word9 Word26,NoDoc
Word42 Word43 Word5,8243,370.0,Word1119 Word1120 Word806,2018-07-31,Word563 Word580 Word581 Word232,NoDoc
Word16 Word17 Word18 Word7,KE1599,3780.0,Word330 Word99 Word26,2018-10-31,Word563 Word564 Word9 Word26,NoDoc
Word16 Word17 Word18 Word7,PN200,720.0,Word975 Word976 Word255,2018-06-30,Word563 Word564 Word9 Word26,NoDoc
Word16 Word17 Word18 Word7,CO176,2520.0,Word924 Word784 Word785,2018-05-31,Word563 Word564 Word9 Word26,NoDoc
Word38 Word4 Word39,41527451,4223.0,Word1484 Word985,2018-11-30,Word563 Word121 Word579,NoDoc
Word299 Word237 Word7,31818,25446.17,Word949 Word991 Word695 Word980 Word716 Word808,2018-05-31,Word571 Word52 Word657 Word292 Word13,NoDoc
Word140 Word3 Word34,20002,17449.0,Word1035 Word980 Word1062 Word980 Word882 Word1036,2018-07-31,Word560 Word561 Word107,Doc1
Word104 Word105 Word4 Word5,RTS/22461,936.0,Word864 Word105,2018-05-31,Word563 Word174,NoDoc
Word74 Word75 Word44 Word5,OMB00128,-269111.58,Word840 Word841 Word842 Word843,2018-03-01,Word563 Word600 Word601 Word602,NoDoc
Word41 Word125 Word34 Word5,168,14340.0,Word278 Word1619 Word895,2018-02-01,Word567 Word582 Word366 Word562,Doc1
Word16 Word17 Word3 Word7,71602,216.0,Word562,2018-08-31,Word563 Word366 Word562,NoDoc
Word38 Word4 Word39,41527564,3862.5,Word1484 Word1062 Word45 Word1062 Word981,2018-11-30,Word563 Word121 Word579,NoDoc
Word16 Word17 Word18 Word7,4422,540.0,Word1013,2018-04-30,Word563 Word564 Word9 Word26,NoDoc
Word8 Word9 Word10 Word11 Word5,4.80Q+11,15533.75,Word1502 Word784 Word568 Word650,2018-05-31,Word563 Word564 Word9 Word26,NoDoc
Word16 Word17 Word18 Word7,3277,140.4,Word785 Word330 Word99 Word764 Word61,2018-02-01,Word563 Word564 Word9 Word26,NoDoc
Word19 Word20 Word21 Word22 Word23 Word5,18395,97.79,Word575,2018-09-30,Word563 Word575,NoDoc
Word96 Word3 Word4 Word5,71610,360.0,Word338 Word330 Word99 Word764 Word26,2018-04-01,Word563 Word564 Word9 Word26,NoDoc
Word8 Word9 Word10 Word11 Word5,4.80S+11,925.0,Word577 Word877,2018-06-30,Word563 Word564 Word9 Word26,NoDoc
Word78 Word79 Word11 Word5,Z033118-13,49.6,Word330 Word99 Word780 Word745 Word1712 Word835,2018-05-31,Word563 Word564 Word9 Word26,NoDoc
Word16 Word17 Word18 Word7,IY1409,5040.0,Word1220 Word784,2018-10-31,Word563 Word564 Word9 Word26,NoDoc
Word33 Word34 Word35 Word7,108644-1097,3627.39,Word562,2018-07-31,Word563 Word366 Word56 Word4,NoDoc
Word48 Word3 Word4 Word5,SX20183489,2400.0,Word61,2018-10-31,Word563 Word564 Word9 Word26,NoDoc
Word193 Word311 Word214 Word4 Word7,6210160758,1100.0,Word305 Word1241,2018-11-30,Word613 Word99 Word614 Word366 Word562,Doc2
Word382 Word132 Word155 Word5,20180612,6400.0,Word846 Word791,2018-06-30,Word567 Word582 Word107,Doc1
Word16 Word17 Word18 Word7,2517,1263.6,,2018-02-01,Word563 Word564 Word9 Word26,NoDoc
Word8 Word9 Word10 Word11 Word5,4.80K+11,2855.2,Word1788 Word784 Word1107 Word1789,2018-05-31,Word563 Word564 Word9 Word26,NoDoc
Word160 Word161 Word61 Word45 Word39,1199-1,120.0,Word61,2018-10-31,Word563 Word564 Word9 Word26,NoDoc
Word140 Word3 Word34,10080,18007.0,Word777 Word699 Word830 Word695 Word45,2018-05-31,Word560 Word561 Word107,Doc1
Word33 Word34 Word35 Word7,108644-647,2556.44,Word562,2018-02-01,Word563 Word366 Word562,NoDoc
Word16 Word17 Word18 Word7,6597,1450.8,Word959 Word784 Word785,2018-05-31,Word567 Word568 Word569 Word570,Doc1
Word101 Word102 Word103 Word7,113886,2968.0,Word351 Word165 Word1072,2018-10-31,Word563 Word366 Word562,NoDoc
Word179 Word180 Word181 Word182,VHMXP09282018,48705.93,Word979 Word836 Word694 Word45 Word911 Word808,2018-10-31,Word571 Word52 Word594 Word641,NoDoc
Word33 Word34 Word35 Word7,108644-1320,8831.16,Word895 Word258,2018-10-31,Word563 Word366 Word56 Word4,NoDoc
Word8 Word9 Word10 Word11 Word5,4.80J+11,55.9,Word9 Word26,2017-12-01,Word563 Word564 Word9 Word26,NoDoc
Word19 Word20 Word21 Word22 Word23 Word5,14271,1840.58,Word115 Word868,2018-05-31,Word563 Word575,NoDoc
Word16 Word17 Word18 Word7,EW860,180.0,Word785 Word330 Word99,2018-08-31,Word563 Word564 Word9 Word26,NoDoc
Word16 Word17 Word18 Word7,6850,270.0,Word255 Word791,2018-06-30,Word563 Word564 Word9 Word26,NoDoc
Word19 Word20 Word21 Word22 Word23 Word5,17227,413.46,Word575,2018-08-31,Word563 Word575,NoDoc
Word54 Word3 Word4,BTI56415,628.0,Word797 Word809 Word99 Word895,2018-03-01,Word563 Word580 Word581 Word232,NoDoc
Word8 Word9 Word10 Word11 Word5,4.80H+11,720.0,Word61,2018-09-30,Word563 Word564 Word9 Word26,NoDoc
Word392,14716,786.13,Word991 Word695 Word45 Word981 Word808,2018-06-30,Word571 Word52 Word372 Word617 Word579,NoDoc
Word19 Word20 Word21 Word22 Word23 Word5,19034,76.66,Word575 Word1514 Word932,2018-10-31,Word563 Word575,NoDoc
Word16 Word17 Word18 Word7,2911,540.0,,2018-02-01,Word563 Word564 Word9 Word26,NoDoc
Word96 Word3 Word4 Word5,66093,540.0,Word123 Word190,2018-03-01,Word563 Word132 Word610,NoDoc
Word47 Word3 Word4 Word39,2018018271,924.5,Word123 Word190,2018-08-31,Word567 Word568 Word569 Word570,Doc1
Word16 Word17 Word18 Word7,SO1263,180.0,Word783 Word784 Word785,2018-09-30,Word563 Word564 Word9 Word26,NoDoc
Word44 Word45 Word46,201805-00053-PQ0,2570126.23,Word834 Word835 Word46,2018-06-30,Word563 Word366 Word562,NoDoc
Word16 Word17 Word18 Word7,5185,630.0,Word961 Word132,2018-05-31,Word563 Word132 Word610,NoDoc
Word254 Word255 Word5,3054,60240.18,Word1207,2018-07-31,Word567 Word650 Word9 Word255,Doc1
Word16 Word17 Word3 Word7,70915,240.0,Word1446 Word1293 Word201,2018-06-30,Word563 Word366 Word562,NoDoc
Word16 Word17 Word18 Word7,RI1968,946.8,Word885 Word784 Word165 Word779 Word99,2018-11-30,Word560 Word561 Word603 Word604 Word605 Word606,Doc1
Word96 Word3 Word4 Word5,78649,585.0,Word123 Word190,2018-06-30,Word563 Word564 Word9 Word26,NoDoc
Word8 Word9 Word10 Word11 Word5,4.80P+11,54.0,Word61,2018-11-30,Word563 Word564 Word9 Word26,NoDoc
Word166 Word5,1437,1275.0,Word123 Word809 Word1031 Word894,2018-10-31,Word563 Word564 Word9 Word26,NoDoc
Word16 Word17 Word3 Word7,71847,180.5,Word1973 Word699 Word191,2018-09-30,Word563 Word366 Word562,NoDoc
Word96 Word3 Word4 Word5,89633,200.0,Word797 Word190,2018-09-30,Word563 Word564 Word9 Word26,NoDoc
Word25 Word26,080218-10,312.0,Word9 Word785,2018-08-31,Word563 Word366 Word562,NoDoc
Word16 Word17 Word18 Word7,5127,1596.6,Word924 Word784 Word785,2018-04-30,Word563 Word564 Word9 Word26,NoDoc
Word38 Word4 Word39,41492296,4100.0,Word1021 Word1022 Word659,2018-05-31,Word563 Word121 Word579,NoDoc
Word96 Word3 Word4 Word5,76167,225.0,Word132 Word255,2018-03-01,Word563 Word132 Word610,NoDoc
Word263 Word264 Word61 Word5,SG-2360,120.0,Word780 Word650,2018-02-01,Word563 Word564 Word9 Word26,NoDoc
Word156 Word157 Word7,1574576,502.68,Word930 Word771 Word931 Word932,2017-12-01,Word563 Word580 Word581 Word232,NoDoc
Word16 Word17 Word18 Word7,TU666,1260.0,Word785 Word330 Word99 Word764 Word780,2018-07-31,Word563 Word564 Word9 Word26,NoDoc
Word16 Word17 Word18 Word7,3983,679.2,Word885 Word784 Word785,2018-04-30,Word563 Word564 Word9 Word26,NoDoc
Word70 Word47 Word71 Word72 Word7,288715,13686.1,Word695 Word830 Word808 Word1443 Word717 Word808,2018-07-31,Word563 Word598 Word71,NoDoc
Word16 Word17 Word18 Word7,1844,912.6,Word1102 Word784 Word785,2018-02-01,Word563 Word564 Word9 Word26,NoDoc
Word41 Word125 Word34 Word5,4431,3350.0,Word1404 Word822 Word702 Word805,2018-04-30,Word567 Word582 Word583 Word584 Word585 Word586,Doc1
Word24 Word22 Word4 Word5,23036,255.0,Word61,2018-11-30,Word563 Word564 Word9 Word26,NoDoc
Word166 Word5,1598,1572.5,Word569 Word570,2018-11-30,Word567 Word568 Word569 Word570,Doc1
Word177 Word178 Word147 Word7,233HCC,3101.0,Word562,2018-06-30,Word563 Word366 Word562,NoDoc
Word16 Word17 Word18 Word7,2192,140.4,Word783 Word784 Word785,2018-01-01,Word563 Word564 Word9 Word26,NoDoc
Word221 Word222 Word128,11589,1946.0,Word744 Word1052,2018-08-31,Word647 Word648 Word649,NoDoc
Word16 Word17 Word3 Word7,71854,555.0,Word800 Word278,2018-09-30,Word563 Word366 Word562,NoDoc
Word113 Word114 Word115 Word7,145325,1742.5,Word578 Word991,2018-05-31,Word560 Word561 Word612,Doc1
Word96 Word3 Word4 Word5,72677,4140.0,Word887 Word785 Word287 Word61,2018-05-31,Word563 Word564 Word9 Word26,NoDoc
Word70 Word47 Word71 Word72 Word7,286076,12749.52,Word865 Word808 Word699 Word808,2018-05-31,Word563 Word598 Word71,NoDoc
Word160 Word161 Word61 Word45 Word39,1157-2,195.0,Word956 Word776,2018-10-31,Word563 Word564 Word9 Word26,NoDoc
Word38 Word4 Word39,41474486,3500.0,Word1021 Word121 Word659,2018-01-01,Word563 Word121 Word579,NoDoc
Word30 Word31,663696,1020.0,Word123 Word190,2018-09-30,Word560 Word561 Word366 Word562,Doc1
Word16 Word17 Word18 Word7,4376,1522.8,Word959 Word784 Word785,2018-04-30,Word563 Word564 Word9 Word26,NoDoc
Word16 Word17 Word18 Word7,TY559,600.0,Word255 Word791,2018-07-31,Word563 Word564 Word9 Word26,NoDoc
Word16 Word17 Word3 Word7,71501,1200.0,Word800 Word964,2018-07-31,Word563 Word366 Word562,NoDoc
Word16 Word17 Word18 Word7,3019,1281.6,Word785 Word330 Word99 Word764 Word61,2018-02-01,Word563 Word564 Word9 Word26,NoDoc
Word80 Word3 Word4,I150265,29196.29,Word592 Word562,2018-10-31,Word567 Word568 Word569 Word295,Doc1
Word113 Word114 Word115 Word7,147870,4500.0,Word612,2018-07-31,Word560 Word561 Word612,Doc1
Word16 Word17 Word18 Word7,2495,146.25,Word330 Word99 Word764 Word26,2018-02-01,Word563 Word564 Word9 Word26,NoDoc
Word30 Word31,665857,48.0,Word978 Word780,2018-07-31,Word563 Word564 Word9 Word26,NoDoc
Word129 Word130 Word5,M-0034,2880.0,Word61,2018-11-30,Word563 Word564 Word9 Word26,NoDoc
Word502 Word259 Word503 Word7,1051101014,13050.0,Word259 Word4,2018-09-30,Word576 Word202 Word545,Doc3
Word167 Word168 Word169,HIZJMC060118,10430.5,Word9 Word1059 Word1060 Word834 Word835,2018-06-30,Word563 Word580 Word581 Word232,NoDoc
Word30 Word31,669024,870.0,Word826 Word780,2018-07-31,Word563 Word564 Word9 Word26,NoDoc
Word30 Word31,678847,144.0,Word61,2018-10-31,Word563 Word564 Word9 Word26,NoDoc
Word217 Word3 Word10 Word5,ONQ081518-1,21856.8,Word1041 Word894 Word9 Word1042,2018-10-31,Word563 Word564 Word9 Word26,NoDoc
Word160 Word161 Word61 Word45 Word39,1089-4,65.0,Word61,2018-09-30,Word563 Word564 Word9 Word26,NoDoc
Word16 Word17 Word18 Word7,LQ1913,2520.0,Word787 Word784 Word764 Word26,2018-10-31,Word563 Word564 Word9 Word26,NoDoc
Word85 Word86 Word87 Word5 Word88 Word16 Word17 Word3 Word7,70113,315.0,Word1853 Word214 Word1402,2018-04-30,Word563 Word366 Word562,NoDoc
Word85 Word86 Word87 Word5 Word88 Word16 Word17 Word3 Word7,65619,210.0,Word820 Word490 Word789 Word1107,2018-02-01,Word563 Word580 Word581 Word232,NoDoc
Word30 Word31,668228,2236.0,Word826 Word780,2018-07-31,Word563 Word564 Word9 Word26,NoDoc
Word30 Word31,647017,346.5,Word123 Word190,2018-03-01,Word563 Word564 Word9 Word26,NoDoc
Word101 Word102 Word103 Word7,112589,22907.24,Word562 Word1214,2018-07-31,Word576 Word679 Word680,Doc3
Word240 Word276 Word3 Word4 Word5,5212,950.0,Word833 Word99 Word602,2018-05-31,Word563 Word580 Word581 Word232,NoDoc
Word85 Word86 Word87 Word5 Word88 Word16 Word17 Word3 Word7,65800,315.0,Word562,2018-03-01,Word563 Word580 Word581 Word232,NoDoc
Word16 Word17 Word18 Word7,GS360,800.0,Word959 Word784 Word785,2018-06-30,Word567 Word569 Word570,Doc1
Word47 Word3 Word4 Word39,2018001987,10799.5,Word826 Word780,2018-02-01,Word563 Word564 Word9 Word26,NoDoc
Word365 Word366 Word4 Word7,95119,439.85,Word1133 Word1396,2018-06-30,Word571 Word52 Word372 Word579,NoDoc
Word290 Word291 Word292 Word5,ILBUOG022718,194957.5,Word677 Word1187 Word1188,2018-02-01,Word560 Word611 Word677 Word571 Word571,Doc1
Word219 Word220 Word34 Word5,1002-1003,35539.32,Word846 Word791 Word1062 Word45 Word967 Word911,2018-02-01,Word565 Word566,NoDoc
Word16 Word17 Word18 Word7,HN113,450.0,Word785 Word650,2018-05-31,Word563 Word564 Word9 Word26,NoDoc
Word101 Word102 Word103 Word7,112581,453.33,Word1567,2018-07-31,Word576 Word689 Word295 Word690 Word691,Doc3
Word70 Word47 Word71 Word72 Word7,280774,11979.8,Word967 Word717 Word909 Word808,2018-01-01,Word563 Word598 Word71,NoDoc
Word16 Word17 Word18 Word7,6928,640.8,Word885 Word784 Word785,2018-05-31,Word563 Word564 Word9 Word26,NoDoc
Word58 Word3 Word4 Word5,13309,340.0,Word901 Word343,2018-09-30,Word567 Word582 Word366 Word562,Doc1
Word85 Word86 Word87 Word5 Word88 Word16 Word17 Word3 Word7,65612,525.0,Word1291 Word1292,2018-02-01,Word563 Word580 Word581 Word232,NoDoc
Word225 Word9 Word226 Word5,AKYOGR073118,576412.2,Word9 Word1413 Word539 Word834 Word845,2018-08-31,Word567 Word650 Word9 Word255,Doc1
Word134 Word61 Word45 Word39,1192-2,35.0,Word61,2018-11-30,Word563 Word564 Word9 Word26,NoDoc
Word16 Word17 Word18 Word7,3967,270.0,Word1013,2018-04-01,Word563 Word564 Word9 Word26,NoDoc
Word30 Word31,674260,517.5,Word797 Word190,2018-09-30,Word563 Word564 Word9 Word26,NoDoc
Word110 Word22 Word4 Word5,JE51-25257,425.0,Word338 Word330 Word99 Word764 Word61,2018-06-30,Word563 Word564 Word9 Word26,NoDoc
Word116 Word117 Word118 Word119 Word7,154525,576.0,Word51 Word794 Word562,2018-11-30,Word563 Word580 Word581 Word232,NoDoc
Word324 Word4,18-5806,45041.06,Word700 Word980 Word160 Word883 Word596 Word1522 Word154 Word700 Word1523,2018-06-30,Word588 Word568 Word738 Word545,Doc1
Word58 Word3 Word4 Word5,12957,700.0,Word562 Word1630 Word593,2018-05-31,Word567 Word582 Word366 Word562,Doc1
Word44 Word45 Word46,201806-00045,2829197.98,Word845 Word835 Word46,2018-07-31,Word563 Word250,NoDoc
Word8 Word9 Word10 Word11 Word5,4.80J+11,268.75,Word1106 Word784 Word929,2018-02-01,Word563 Word564 Word9 Word26,NoDoc
Word96 Word3 Word4 Word5,84739,390.0,Word1018 Word190,2018-07-31,Word563 Word629 Word581 Word232,NoDoc
Word134 Word61 Word45 Word39,WTVA2018CELSUVVM,9588.15,Word689 Word780,2018-09-30,Word563 Word564 Word9 Word26,NoDoc
Word235,JYR090718FYKEFUH,608502.74,Word639 Word1076 Word842 Word971 Word808,2018-09-30,Word571 Word52 Word639 Word579,NoDoc
Word261 Word262,121278,1624.5,Word330 Word99 Word26,2018-03-01,Word563 Word564 Word9 Word26,NoDoc
Word58 Word3 Word4 Word5,13152,690.0,Word865 Word1205 Word1017,2018-08-31,Word563 Word366 Word562,NoDoc
Word76 Word77 Word5,52026662,19785.0,Word1708 Word1709 Word700 Word910 Word872,2018-03-01,Word560 Word561 Word107,Doc1
Word8 Word9 Word10 Word11 Word5,4.80F+11,600.0,Word61,2018-08-31,Word563 Word564 Word9 Word26,NoDoc
Word219 Word220 Word34 Word5,1002-1003,35539.32,Word846 Word791 Word1062 Word45 Word967 Word911,2018-02-01,Word565 Word566,NoDoc
Word131 Word132 Word133 Word5,I21808003,101806.9,Word1045 Word808 Word61 Word1046,2018-10-31,Word563 Word564 Word9 Word26,NoDoc
Word8 Word9 Word10 Word11 Word5,4.80Z+11,94.6,Word569,2018-06-30,Word563 Word564 Word9 Word26,NoDoc
Word16 Word17 Word18 Word7,3838,324.0,Word959 Word784 Word785,2018-03-01,Word563 Word564 Word9 Word26,NoDoc
Word16 Word17 Word18 Word7,3400,432.0,Word924 Word784 Word785,2018-03-01,Word563 Word564 Word9 Word26,NoDoc
Word16 Word17 Word18 Word7,4506,140.4,Word783 Word784 Word785,2018-04-01,Word563 Word564 Word9 Word26,NoDoc
Word199 Word200 Word201 Word202 Word7,KPB-0022446,5739.0,Word757 Word791 Word592,2018-04-30,Word567 Word582 Word580 Word202 Word545,Doc1
Word308 Word309 Word310,2018IERZCTUNCDZMKW,2760671.27,Word835 Word682 Word683 Word684,2018-10-31,Word563 Word682 Word683 Word684,NoDoc
Word160 Word161 Word61 Word45 Word39,1172-1,65.0,Word61,2018-10-31,Word563 Word564 Word9 Word26,NoDoc
Word8 Word9 Word10 Word11 Word5,4.80G+11,877.2,Word885 Word784 Word1471 Word9,2018-04-30,Word563 Word564 Word9 Word26,NoDoc
Word19 Word20 Word21 Word22 Word23 Word5,13275,27.51,Word932 Word915 Word1992 Word575,2018-03-01,Word563 Word575,NoDoc
Word116 Word117 Word118 Word119 Word7,155938,329.5,Word51 Word125 Word562,2018-10-31,Word563 Word580 Word581 Word232,NoDoc
Word85 Word86 Word87 Word5 Word88 Word16 Word17 Word3 Word7,60120A,1270.0,Word562,2018-04-01,Word563 Word580 Word581 Word232,NoDoc
Word279 Word280,YDYRQAXCYD071018,160.0,Word613 Word781 Word1153,2018-07-31,Word571 Word52 Word669 Word573 Word21 Word670,NoDoc
Word19 Word20 Word21 Word22 Word23 Word5,17288,811.35,Word1979,2018-08-31,Word563 Word575,NoDoc
Word299 Word237 Word7,31603,48976.27,Word949 Word991 Word700 Word909 Word808 Word808,2018-02-01,Word571 Word52 Word657 Word292 Word13,NoDoc
Word179 Word180 Word181 Word182,LHWTF080118-HQGW,44473.31,Word979 Word836 Word980 Word45 Word981 Word808,2018-08-31,Word571 Word52 Word594 Word595 Word596 Word597,NoDoc
Word156 Word157 Word7,1555886,291.19,Word1288 Word1983 Word84,2017-12-01,Word563 Word608 Word609,NoDoc
Word42 Word43 Word5,8075,1155.0,Word900 Word805 Word806,2018-06-30,Word563 Word580 Word581 Word232,NoDoc
Word85 Word86 Word87 Word5 Word88 Word16 Word17 Word3 Word7,70147,840.0,Word876 Word706,2018-04-01,Word563 Word580 Word581 Word232,NoDoc
Word518 Word519 Word520,AHIE063018,45079.61,Word518 Word1984,2018-07-31,Word52 Word330 Word566,NoDoc
Word30 Word31,663961,144.0,Word978 Word780,2018-06-30,Word567 Word568 Word569 Word570,Doc1
Word19 Word20 Word21 Word22 Word23 Word5,11793,702.08,,2018-02-01,Word563 Word575,NoDoc
Word270 Word52 Word345,311,1050.0,Word60 Word345 Word865 Word910 Word778 Word808,2018-03-01,Word571 Word52 Word657 Word457 Word13,NoDoc
Word177 Word178 Word147 Word7,191BDI,12944.0,Word802 Word706 Word191,2018-04-01,Word563 Word366 Word562,NoDoc
Word16 Word17 Word18 Word7,5204,789.6,Word783 Word784 Word785,2018-04-30,Word563 Word564 Word9 Word26,NoDoc
Word33 Word34 Word35 Word7,108644-1323,5366.86,Word331 Word895 Word1086 Word808 Word1086 Word882,2018-10-31,Word563 Word366 Word56 Word4,NoDoc
Word8 Word9 Word10 Word11 Word5,4.80E+11,780.0,Word826 Word785,2018-10-31,Word563 Word564 Word9 Word26,NoDoc
Word16 Word17 Word18 Word7,4933,736.2,Word959 Word784 Word785,2018-05-31,Word563 Word564 Word9 Word26,NoDoc
Word42 Word43 Word5,8490,870.0,Word562,2018-10-31,Word563 Word580 Word581 Word232,NoDoc
Word16 Word17 Word18 Word7,4145,609.6,Word783 Word784 Word785,2018-03-01,Word563 Word564 Word9 Word26,NoDoc
Word16 Word17 Word18 Word7,ER1193,1260.0,Word924 Word784 Word785,2018-09-30,Word563 Word564 Word9 Word26,NoDoc
Word48 Word3 Word4 Word5,RF20173730,91.0,Word330 Word99 Word26,2018-01-01,Word563 Word564 Word9 Word26,NoDoc
Word38 Word4 Word39,41479030,22000.0,Word121 Word791,2018-02-01,Word563 Word121 Word579,NoDoc
Word8 Word9 Word10 Word11 Word5,4.80P+11,55.9,Word1031 Word784 Word1471 Word9,2018-03-01,Word563 Word564 Word9 Word26,NoDoc
Word30 Word31,655529,96.0,Word60 Word99 Word26,2018-04-30,Word563 Word564 Word9 Word26,NoDoc
Word223 Word60 Word65 Word4 Word7,2977,4062.0,Word1113 Word1114 Word1027,2018-02-01,Word565 Word566,NoDoc
Word156 Word157 Word7,1573246,426.66,Word1322 Word319 Word1257,2017-12-01,Word563 Word121 Word579,NoDoc
Word85 Word86 Word87 Word5 Word88 Word16 Word17 Word3 Word7,65972,262.52,Word899 Word805 Word605,2018-03-01,Word563 Word580 Word581 Word232,NoDoc
Word16 Word17 Word18 Word7,5058,699.6,Word783 Word784 Word785,2018-04-01,Word563 Word564 Word9 Word26,NoDoc
Word42 Word43 Word5,8253,740.0,Word562,2018-07-31,Word563 Word366 Word562,NoDoc
Word48 Word3 Word4 Word5,XE20174302,930.0,,2018-01-01,Word563 Word580 Word202 Word592,NoDoc
Word16 Word17 Word18 Word7,NA2191,2520.0,Word338 Word330 Word99 Word764 Word26 Word1820,2018-11-30,Word563 Word564 Word9 Word26,NoDoc
Word16 Word17 Word3 Word7,71131,600.0,Word1836 Word816 Word1837 Word706,2018-10-31,Word563 Word366 Word562,NoDoc
Word156 Word157 Word7,1727185OPCP,23.33,Word1137 Word1138,2018-11-30,Word563 Word575,NoDoc
Word44 Word45 Word46,201806-00045,2829197.98,Word845 Word835 Word46,2018-07-31,Word671 Word561 Word716 Word717 Word593,Doc1
Word8 Word9 Word10 Word11 Word5,4.80A+11,295.0,Word1591 Word784 Word568 Word650,2018-09-30,Word563 Word564 Word9 Word26,NoDoc
Word8 Word9 Word10 Word11 Word5,4.80P+11,180.0,Word826 Word785,2018-10-31,Word563 Word564 Word9 Word26,NoDoc
Word16 Word17 Word3 Word7,71621,648.0,Word562,2018-08-31,Word563 Word366 Word562,NoDoc
Word16 Word17 Word18 Word7,2748,912.6,Word785 Word330 Word99 Word764 Word61,2018-02-01,Word563 Word564 Word9 Word26,NoDoc
Word85 Word86 Word87 Word5 Word88 Word16 Word17 Word3 Word7,64003,315.0,Word562 Word1616,2018-01-01,Word563 Word580 Word581 Word232,NoDoc
Word16 Word17 Word18 Word7,UN2003,1260.0,Word338 Word1033 Word9 Word1542 Word1543,2018-11-30,Word563 Word564 Word9 Word26,NoDoc
Word44 Word45 Word46,201811-00046,8799523.59,Word807 Word808 Word46,2018-12-31,Word563 Word598 Word71,NoDoc
Word16 Word17 Word18 Word7,1943,280.8,Word885 Word784 Word785,2018-01-01,Word563 Word564 Word9 Word26,NoDoc
Word16 Word17 Word18 Word7,6958,926.4,Word924 Word784 Word785,2018-04-30,Word563 Word564 Word9 Word26,NoDoc
Word162 Word7,JQND01NSA18,13946.0,Word582 Word1225,2018-07-31,Word567 Word582 Word107,Doc1
Word42 Word43 Word5,7902,3335.0,Word800 Word605,2018-04-01,Word563 Word580 Word581 Word232,NoDoc
Word30 Word31,662034,546.0,Word26 Word935,2018-06-30,Word563 Word564 Word9 Word26,NoDoc
Word208 Word209 Word155 Word7,U51097,1910.0,Word568 Word1538 Word170,2018-08-31,Word567 Word568 Word569 Word570,Doc1
Word223 Word60 Word65 Word4 Word7,3092,932.0,Word800 Word1606 Word1607,2018-05-31,Word565 Word566,NoDoc
Word229 Word230 Word231 Word232 Word4 Word5,124,9820.0,Word1068 Word1069 Word1070,2018-09-30,Word571 Word52 Word231 Word75 Word613,NoDoc
Word16 Word17 Word18 Word7,YL477,2800.0,Word338 Word330 Word99 Word26,2018-06-30,Word563 Word564 Word9 Word26,NoDoc
Word308 Word309 Word310,2018QUTBNKLRJWTCAX,2760671.27,Word835 Word682 Word683 Word684,2018-10-31,Word563 Word682 Word683 Word684,NoDoc
Word16 Word17 Word18 Word7,SQ993,990.0,Word330 Word99 Word764 Word780,2018-08-31,Word563 Word564 Word9 Word26,NoDoc
Word96 Word3 Word4 Word5,58212,23840.0,Word785 Word569 Word764 Word780,2018-01-01,Word563 Word564 Word9 Word26,NoDoc
Word16 Word17 Word18 Word7,2862,280.8,Word885 Word784 Word785,2018-01-01,Word563 Word564 Word9 Word26,NoDoc
Word8 Word9 Word10 Word11 Word5,4.80Q+11,176.3,Word61,2018-02-01,Word563 Word564 Word9 Word26,NoDoc
Word16 Word17 Word18 Word7,2184,1123.2,Word942 Word784 Word568 Word650 Word785,2018-01-01,Word563 Word564 Word9 Word26,NoDoc
Word42 Word43 Word5,8229,1510.0,Word562,2018-07-31,Word563 Word580 Word581 Word232,NoDoc
Word16 Word17 Word18 Word7,5207,1357.6,Word1409 Word784 Word785,2018-04-30,Word563 Word564 Word9 Word26,NoDoc
Word16 Word17 Word18 Word7,1976,756.0,Word338,2017-12-01,Word563 Word564 Word9 Word26,NoDoc
Word42 Word43 Word5,8060,290.0,Word562 Word1327 Word190,2018-06-30,Word560 Word611 Word366 Word562,Doc1
Word48 Word3 Word4 Word5,JA20173618,178.0,Word564 Word9 Word26,2018-08-31,Word563 Word564 Word9 Word26,NoDoc
Word8 Word9 Word10 Word11 Word5,4.80I+11,167.7,Word956 Word784 Word929,2018-04-30,Word563 Word564 Word9 Word26,NoDoc
Word16 Word17 Word18 Word7,QR999,540.0,Word924 Word784 Word785,2018-08-31,Word563 Word575,NoDoc
Word448 Word5,10702,2350.0,Word1752 Word1753 Word1754 Word99 Word1755 Word762,2018-11-30,Word563 Word580 Word202 Word592,NoDoc
Word89 Word44 Word5,66421081,2758.8,Word1609,2018-03-01,Word563 Word608 Word609,NoDoc
Word16 Word17 Word18 Word7,HR124,8820.0,Word1006 Word784 Word785,2018-05-31,Word563 Word564 Word9 Word26,NoDoc
Word162 Word7,FEMM19JEM18,23472.0,Word777 Word883 Word695 Word883 Word910,2018-06-30,Word567 Word582 Word107,Doc1
Word16 Word17 Word3 Word7,71929,108.0,Word797 Word190 Word798 Word799,2018-10-31,Word563 Word580 Word581 Word232,NoDoc
Word131 Word132 Word133 Word5,U21802003,67063.17,Word1088 Word1986 Word897 Word191,2018-04-01,Word563 Word564 Word9 Word26,NoDoc
Word177 Word178 Word147 Word7,189KQU,8005.0,Word562,2018-04-01,Word563 Word366 Word562,NoDoc
Word40 Word41 Word4 Word5,2096,2970.0,Word802 Word278 Word1242 Word803,2018-08-31,Word567 Word582 Word366 Word562,Doc1
Word30 Word31,661939,48.0,Word26 Word569,2018-06-30,Word563 Word564 Word9 Word26,NoDoc
Word16 Word17 Word18 Word7,GV1900,180.0,Word783 Word894 Word764 Word26,2018-10-31,Word563 Word564 Word9 Word26,NoDoc
Word30 Word31,684472,270.0,Word123 Word190,2018-11-30,Word563 Word564 Word9 Word26,NoDoc
Word30 Word31,681325,180.0,Word61,2018-10-31,Word563 Word564 Word9 Word26,NoDoc
Word8 Word9 Word10 Word11 Word5,4.80L+11,60.0,Word783 Word784 Word785,2018-08-31,Word563 Word564 Word9 Word26,NoDoc
Word85 Word86 Word87 Word5 Word88 Word16 Word17 Word3 Word7,65425,262.52,Word1435 Word1436,2018-02-01,Word563 Word580 Word581 Word232,NoDoc
Word96 Word3 Word4 Word5,80325,225.0,Word1169 Word1072,2018-06-30,Word563 Word132 Word610,NoDoc
Word16 Word17 Word3 Word7,70800,259.8,Word837 Word705 Word706,2018-06-30,Word563 Word366 Word562,NoDoc
Word16 Word17 Word3 Word7,71843,1320.0,Word1116 Word656,2018-09-30,Word563 Word366 Word562,NoDoc
Word16 Word17 Word18 Word7,3375,410.4,Word783 Word784 Word785,2018-05-31,Word563 Word564 Word9 Word26,NoDoc
Word19 Word20 Word21 Word22 Word23 Word5,20287,291.44,Word1705 Word762 Word2006 Word2007 Word1578,2018-11-30,Word563 Word575,NoDoc
Word6 Word7,10286,3205.0,Word1206 Word1579 Word1580,2018-02-01,Word560 Word611 Word603 Word604 Word605 Word606,Doc1
Word44 Word45 Word46,201806-00045,2829197.98,Word845 Word835 Word46,2018-07-31,Word563 Word599 Word562,NoDoc
Word16 Word17 Word18 Word7,BQ1104,5040.0,Word1362 Word784 Word785,2018-08-31,Word563 Word564 Word9 Word26,NoDoc
Word8 Word9 Word10 Word11 Word5,4.80B+11,500.0,Word61,2018-09-30,Word563 Word564 Word9 Word26,NoDoc
Word30 Word31,677918,806.0,Word26 Word60 Word99 Word130,2018-10-31,Word563 Word564 Word9 Word26,NoDoc
Word19 Word20 Word21 Word22 Word23 Word5,17223,787.57,Word633 Word575,2018-08-31,Word563 Word575,NoDoc
Word16 Word17 Word18 Word7,2816,140.4,,2018-01-01,Word563 Word564 Word9 Word26,NoDoc
Word8 Word9 Word10 Word11 Word5,4.80Q+11,8423.7,Word1485 Word784 Word568 Word650,2018-06-30,Word563 Word564 Word9 Word26,NoDoc
Word8 Word9 Word10 Word11 Word5,4.80F+11,55.0,Word1192 Word776,2018-10-31,Word563 Word564 Word9 Word26,NoDoc
Word30 Word31,649991,340.0,Word123 Word190,2018-03-01,Word563 Word564 Word9 Word26,NoDoc
Word73 Word4 Word5,6204,5554.5,Word1947 Word1948 Word1949,2018-10-31,Word563 Word589 Word590,NoDoc
Word41 Word125 Word34 Word5,4372,11950.0,Word779 Word258 Word857 Word889,2018-03-01,Word567 Word582 Word580 Word202 Word545,Doc1
Word16 Word17 Word18 Word7,3643,270.0,Word9 Word780,2018-03-01,Word563 Word564 Word9 Word26,NoDoc
Word192 Word193 Word194,1807462,34993.67,Word845 Word835 Word619 Word991,2018-09-30,Word576 Word605 Word604 Word768,Doc3
Word187 Word188,VHQ112018,59401.33,Word613 Word781 Word967 Word986 Word808,2018-11-30,Word571 Word52 Word572 Word573 Word574,NoDoc
Word106 Word107 Word7,82665-12,36967.5,Word118 Word791,2018-09-30,Word576 Word51 Word676,Doc3
Word8 Word9 Word10 Word11 Word5,4.80F+11,300.0,Word779 Word258 Word26,2018-08-31,Word567 Word568 Word569 Word570,Doc1
Word48 Word3 Word4 Word5,BT20181315,690.0,Word877,2018-06-30,Word560 Word561 Word612,Doc1
Word16 Word17 Word18 Word7,UP1112,1080.0,Word959 Word784 Word785,2018-08-31,Word563 Word564 Word9 Word26,NoDoc
Word96 Word3 Word4 Word5,65302,540.0,Word797 Word190,2018-03-01,Word563 Word132 Word610,NoDoc
Word96 Word3 Word4 Word5,71281,1530.0,Word1053 Word287 Word764 Word780,2018-04-01,Word563 Word132 Word610,NoDoc
Word126 Word127 Word128,478709,13809.35,Word890 Word891 Word1564,2018-12-31,Word563 Word619,NoDoc
Word24 Word22 Word4 Word5,22704,1020.0,Word562 Word780,2018-07-31,Word563 Word564 Word9 Word26,NoDoc
Word85 Word86 Word87 Word5 Word88 Word16 Word17 Word3 Word7,65842,52.52,Word685 Word1054 Word84,2018-03-01,Word563 Word580 Word581 Word232,NoDoc
Word16 Word17 Word18 Word7,LH366,600.0,Word255 Word791,2018-06-30,Word563 Word564 Word9 Word26,NoDoc
Word24 Word22 Word4 Word5,22987,1870.0,Word61,2018-11-30,Word563 Word564 Word9 Word26,NoDoc
Word30 Word31,650968,182.0,Word330 Word99 Word764 Word61,2018-04-01,Word563 Word564 Word9 Word26,NoDoc
Word19 Word20 Word21 Word22 Word23 Word5,15302,222.58,Word575,2018-06-30,Word563 Word575,NoDoc
Word16 Word17 Word18 Word7,PA613,2520.0,Word785 Word904,2018-07-31,Word563 Word564 Word9 Word26,NoDoc
Word137 Word138 Word7,CCEY4275,1680.0,Word1019 Word1020 Word905 Word794,2017-12-01,Word563 Word359,NoDoc
Word19 Word20 Word21 Word22 Word23 Word5,11180,424.12,Word633 Word575,2017-12-01,Word563 Word575,NoDoc
Word33 Word34 Word35 Word7,108644-424,2462.22,Word56 Word125,2017-12-01,Word563 Word366 Word56 Word4,NoDoc
Word261 Word262,130275,54.0,Word935 Word26,2018-07-31,Word563 Word564 Word9 Word26,NoDoc
Word16 Word17 Word18 Word7,3228,1281.6,Word785 Word898 Word764 Word61,2018-02-01,Word563 Word564 Word9 Word26,NoDoc
Word385 Word7,12610,3600.0,Word1260 Word1483,2018-06-30,Word560 Word561 Word107,Doc1
Word81 Word82 Word5,179652,1198.0,Word1272 Word643,2018-11-30,Word563 Word82 Word9 Word607,NoDoc
Word221 Word222 Word128,11265,7604.0,Word744 Word1052 Word746 Word1639,2017-12-01,Word563 Word366 Word562,NoDoc
Word16 Word17 Word18 Word7,4137,1176.0,Word992 Word784 Word785,2018-03-01,Word567 Word568 Word569 Word570,Doc1
Word8 Word9 Word10 Word11 Word5,4.80K+11,8.6,Word26,2018-05-31,Word563 Word564 Word9 Word26,NoDoc
Word16 Word17 Word18 Word7,3379,140.4,Word785 Word330 Word99 Word764 Word61,2018-03-01,Word563 Word564 Word9 Word26,NoDoc
Word16 Word17 Word18 Word7,3142,1304.4,Word785 Word330 Word99 Word764 Word26,2018-02-01,Word563 Word564 Word9 Word26,NoDoc
Word16 Word17 Word18 Word7,3748,640.8,Word885 Word784 Word785,2018-05-31,Word563 Word564 Word9 Word26,NoDoc
Word76 Word77 Word5,7006602,10575.0,Word777 Word699 Word1806 Word699 Word971,2018-04-30,Word560 Word561 Word107,Doc1
Word16 Word17 Word3 Word7,72025,540.0,Word837 Word160 Word172 Word1489,2018-11-30,Word563 Word366 Word562,NoDoc
Word299 Word237 Word7,32053,23867.82,Word949 Word991 Word883 Word847 Word831 Word808,2018-07-31,Word571 Word52 Word657 Word646 Word13,NoDoc
Word16 Word17 Word18 Word7,QC1000,720.0,Word959 Word784 Word785,2018-08-31,Word563 Word564 Word9 Word26,NoDoc
Word428 Word172 Word103 Word5,Z2-2613,3526.0,Word989 Word1633 Word1205,2018-11-30,Word563 Word580 Word581 Word232,NoDoc
Word70 Word47 Word71 Word72 Word7,280774,11979.8,Word967 Word717 Word909 Word808,2018-01-01,Word563 Word598 Word71,NoDoc
Word16 Word17 Word18 Word7,LW861,180.0,Word785 Word330 Word99,2018-08-31,Word563 Word564 Word9 Word26,NoDoc
Word113 Word114 Word115 Word7,148766,133.25,Word9 Word1537 Word1568 Word1027,2018-09-30,Word52 Word330 Word566,NoDoc
Word299 Word237 Word7,32615,19371.4,Word949 Word991 Word967 Word909 Word808 Word808,2018-11-30,Word571 Word52 Word657 Word292 Word13,NoDoc
Word89 Word44 Word5,66566467,1406.35,Word644,2018-05-31,Word563 Word608 Word609,NoDoc
Word54 Word98 Word4 Word7,19086,700.0,Word593 Word860,2018-12-31,Word560 Word561 Word366 Word562,Doc1
Word85 Word86 Word87 Word5 Word88 Word16 Word17 Word3 Word7,65998,630.0,Word876 Word706 Word84,2018-03-01,Word563 Word366 Word562,NoDoc
Word215 Word3 Word4 Word39,92801648,450.0,Word797 Word190,2018-10-31,Word563 Word564 Word9 Word26,NoDoc
Word16 Word17 Word18 Word7,5167,831.6,Word924 Word784 Word785,2018-05-31,Word563 Word564 Word9 Word26,NoDoc
Word162 Word7,MURZ01RTX18,11949.0,Word846 Word791,2018-04-01,Word567 Word582 Word107,Doc1
Word16 Word17 Word18 Word7,2357,1053.0,Word972 Word784 Word785,2018-02-01,Word563 Word564 Word9 Word26,NoDoc
Word19 Word20 Word21 Word22 Word23 Word5,20032,872.27,Word575,2018-11-30,Word563 Word575,NoDoc
Word235,CYC090718HSRSERA,608502.74,Word639 Word1076 Word842 Word971 Word808,2018-09-30,Word571 Word52 Word639 Word579,NoDoc
Word320 Word321 Word4 Word5,9600,98085.0,Word582 Word702 Word805 Word791,2018-02-01,Word567 Word582 Word41 Word319,Doc1
Word50 Word51 Word4 Word5,1618,935.0,Word9 Word132 Word255,2018-10-31,Word563 Word132 Word610,NoDoc
Word85 Word86 Word87 Word5 Word88 Word16 Word17 Word3 Word7,64453,210.0,Word800 Word805 Word132 Word810,2017-12-01,Word563 Word580 Word581 Word232,NoDoc
Word177 Word178 Word147 Word7,190AQA,7261.0,Word785 Word545,2018-04-01,Word563 Word366 Word562,NoDoc
Word38 Word4 Word39,41530719,4223.0,Word1484 Word1062 Word45 Word1062 Word981,2018-11-30,Word563 Word121 Word579,NoDoc
Word68 Word69,QQDSGKTAMXL060818,847.31,Word613 Word781 Word828,2018-06-30,Word571 Word52 Word594 Word595 Word596 Word597,NoDoc
Word19 Word20 Word21 Word22 Word23 Word5,17690,78.23,Word190 Word575,2018-08-31,Word563 Word575,NoDoc
Word465 Word466 Word5,5308477,1159.0,Word681 Word1825,2018-07-31,Word571 Word52 Word457 Word752 Word253 Word670,NoDoc
Word33 Word34 Word35 Word7,108644-651,3464.32,Word562,2018-02-01,Word563 Word366 Word562,NoDoc
Word19 Word20 Word21 Word22 Word23 Word5,15956,1272.91,Word633 Word575,2018-07-31,Word563 Word575,NoDoc
Word8 Word9 Word10 Word11 Word5,4.80P+11,1497.5,Word330 Word99 Word26,2018-10-31,Word563 Word564 Word9 Word26,NoDoc
Word134 Word61 Word45 Word39,AVXNRQ 2018 GPBIWPHW,37930.95,Word1733 Word784 Word689 Word780,2018-10-31,Word563 Word564 Word9 Word26,NoDoc
Word44 Word45 Word46,201805-00053-BU0,2570126.23,Word834 Word835 Word46,2018-06-30,Word563 Word580 Word581 Word232,NoDoc
Word16 Word17 Word18 Word7,6582,640.8,Word885 Word784 Word785,2018-05-31,Word563 Word564 Word9 Word26,NoDoc
Word16 Word17 Word3 Word7,71296,432.0,Word562,2018-10-31,Word613 Word99 Word614 Word366 Word562,Doc2
Word16 Word17 Word18 Word7,2614,450.0,,2018-02-01,Word563 Word132 Word610,NoDoc
Word74 Word75 Word44 Word5,LWO00128,-269111.58,Word840 Word841 Word842 Word843,2018-03-01,Word563 Word600 Word601 Word602,NoDoc
Word85 Word86 Word87 Word5 Word88 Word16 Word17 Word3 Word7,65818,1050.0,Word876 Word1436 Word191,2018-03-01,Word563 Word366 Word562,NoDoc
Word144 Word145 Word146 Word147 Word7,125093,1980.0,Word1572 Word913 Word1090,2018-04-01,Word576 Word366 Word562,Doc3
Word16 Word17 Word18 Word7,CP101,26460.0,Word190 Word1005,2018-05-31,Word563 Word564 Word9 Word26,NoDoc
Word16 Word17 Word18 Word7,2905,280.8,Word885 Word784 Word785,2018-01-01,Word563 Word564 Word9 Word26,NoDoc
Word153 Word154 Word109 Word155 Word31,120217MVHNZGKUIGBACRG,21913.6,Word1794,2018-01-01,Word563 Word564 Word9 Word26,NoDoc
Word257 Word258 Word259 Word5,180606-12641,11700.0,Word1347 Word856,2018-07-31,Word567 Word582 Word580 Word202 Word545,Doc1
Word74 Word75 Word44 Word5,AWS00128,-269111.58,Word840 Word841 Word842 Word843,2018-03-01,Word563 Word600 Word601 Word602,NoDoc
Word16 Word17 Word3 Word7,70499,630.0,Word798 Word799 Word1040,2018-05-31,Word563 Word366 Word562,NoDoc
Word19 Word20 Word21 Word22 Word23 Word5,14196,380.5,Word1001 Word868,2018-05-31,Word563 Word575,NoDoc
Word38 Word4 Word39,41528067,3605.0,Word121 Word836,2018-11-30,Word563 Word121 Word579,NoDoc
Word16 Word17 Word18 Word7,2802,421.2,Word959 Word784 Word785,2018-02-01,Word563 Word564 Word9 Word26,NoDoc
Word285 Word204 Word103 Word7,2018-2249,28000.0,Word1360 Word204 Word103 Word857,2018-11-30,Word567 Word582 Word583 Word584 Word585 Word586,Doc1
Word30 Word31,646970,42.0,Word826 Word780,2018-03-01,Word563 Word564 Word9 Word26,NoDoc
Word106 Word107 Word7,81575-10,6850.0,,2018-01-01,Word588 Word451 Word545,Doc1
Word153 Word154 Word109 Word155 Word31,IJSCND091118-E,40000.0,Word677 Word539 Word1989 Word1990,2018-09-30,Word52 Word330 Word566,NoDoc
Word149 Word150,LNIIXMJDZ051518,1546.85,Word613 Word781 Word923,2018-05-31,Word571 Word52 Word594 Word624 Word21 Word625,NoDoc
Word30 Word31,659971,5036.25,Word797 Word190,2018-06-30,Word560 Word611 Word603 Word604 Word605 Word606,Doc1
Word16 Word17 Word18 Word7,UI1181,2520.0,Word61,2018-09-30,Word563 Word564 Word9 Word26,NoDoc
Word16 Word17 Word18 Word7,3306,854.4,Word785 Word330 Word99 Word764 Word61,2018-02-01,Word563 Word564 Word9 Word26,NoDoc
Word116 Word117 Word118 Word119 Word7,150491,384.0,Word51 Word985 Word562,2018-09-30,Word563 Word366 Word562,NoDoc
Word378 Word147 Word5,8190,13800.0,Word718 Word1421,2018-03-01,Word588 Word568 Word451 Word545,Doc1
Word111 Word112 Word91 Word107 Word7,27102,14830.0,Word13 Word794,2018-10-31,Word567 Word582 Word107,Doc1
Word85 Word86 Word87 Word5 Word88 Word16 Word17 Word3 Word7,64538,107.0,Word1105 Word185 Word825,2017-12-01,Word563 Word580 Word581 Word232,NoDoc
Word179 Word180 Word181 Word182,VUFEARZ010818,12896.27,Word979 Word1005 Word909 Word45 Word831 Word830,2018-01-01,Word571 Word52 Word594 Word595 Word596 Word597,NoDoc
Word192 Word193 Word194,1807462,34993.67,Word845 Word835 Word619 Word991,2018-09-30,Word560 Word611 Word603 Word604 Word605 Word606,Doc1
Word448 Word5,10702,2350.0,Word1752 Word1753 Word1754 Word99 Word1755 Word762,2018-11-30,Word563 Word580 Word202 Word592,NoDoc
Word16 Word17 Word18 Word7,TK116,135.0,Word255 Word791,2018-05-31,Word563 Word564 Word9 Word26,NoDoc
Word16 Word17 Word18 Word7,3308,877.2,Word785 Word898 Word61,2018-02-01,Word563 Word564 Word9 Word26,NoDoc
Word8 Word9 Word10 Word11 Word5,4.80P+11,150.0,Word61,2018-06-30,Word563 Word564 Word9 Word26,NoDoc
Word33 Word34 Word35 Word7,108644-485,3797.84,Word1570 Word643,2018-01-01,Word563 Word366 Word56 Word4,NoDoc
Word8 Word9 Word10 Word11 Word5,4.80V+11,65.0,Word1031 Word776,2018-10-31,Word563 Word564 Word9 Word26,NoDoc
Word116 Word117 Word118 Word119 Word7,150824,576.0,Word51 Word794 Word562,2018-06-30,Word563 Word580 Word581 Word232,NoDoc
Word33 Word34 Word35 Word7,108644-1405,7676.4,Word946,2018-11-30,Word563 Word366 Word56 Word4,NoDoc
Word78 Word79 Word11 Word5,B011418-13,212.0,Word1536 Word784 Word568 Word650,2018-02-01,Word563 Word564 Word9 Word26,NoDoc
Word16 Word17 Word18 Word7,AG1017,900.0,Word255,2018-08-31,Word563 Word564 Word9 Word26,NoDoc
Word111 Word112 Word91 Word107 Word7,27111,21697.0,Word13 Word794,2018-11-30,Word567 Word582 Word107,Doc1
Word41 Word125 Word34 Word5,4339,17150.0,Word569 Word888,2018-02-01,Word567 Word580 Word202 Word545,Doc1
Word85 Word86 Word87 Word5 Word88 Word16 Word17 Word3 Word7,65380,944.75,Word824 Word789 Word1600,2018-02-01,Word563 Word580 Word581 Word232,NoDoc
Word38 Word4 Word39,41440523,3750.0,Word1173 Word857 Word794 Word1045 Word830,2017-12-01,Word563 Word121 Word579,NoDoc
Word16 Word17 Word18 Word7,4855,140.4,Word783 Word784 Word785,2018-04-30,Word563 Word564 Word9 Word26,NoDoc
Word16 Word17 Word18 Word7,3967,270.0,Word1013,2018-04-01,Word563 Word564 Word9 Word26,NoDoc
Word54 Word3 Word4,NMG69984,420.0,Word123 Word190,2018-10-31,Word563 Word564 Word9 Word26,NoDoc
Word24 Word22 Word4 Word5,23421,1020.0,Word562 Word26 Word60 Word99,2018-11-30,Word563 Word132 Word610,NoDoc
Word16 Word17 Word18 Word7,3109,1293.0,,2018-02-01,Word563 Word564 Word9 Word26,NoDoc
Word116 Word117 Word118 Word119 Word7,152764,576.0,Word51 Word791 Word562,2018-06-30,Word563 Word580 Word581 Word232,NoDoc
Word70 Word47 Word71 Word72 Word7,287399,12935.72,Word699 Word830 Word695 Word831 Word808,2018-06-30,Word563 Word598 Word71,NoDoc
Word16 Word17 Word3 Word7,71192,480.0,Word1596 Word775 Word1597 Word165 Word1598,2018-11-30,Word560 Word561 Word366 Word562,Doc1
Word109 Word472 Word5,GBYCIW042518,18480.0,Word1465 Word1835 Word165 Word454,2018-04-30,Word563 Word580 Word581 Word232,NoDoc
Word113 Word114 Word115 Word7,142372,3442.5,Word578 Word791,2018-02-01,Word565 Word566,NoDoc
Word221 Word222 Word128,11390,2798.0,Word1652 Word1653,2018-04-01,Word565 Word566,NoDoc
Word16 Word17 Word18 Word7,1633,421.2,Word959 Word784 Word785,2018-01-01,Word563 Word564 Word9 Word26,NoDoc
Word8 Word9 Word10 Word11 Word5,4.80I+11,516.0,Word884 Word784 Word568 Word650,2018-06-30,Word563 Word564 Word9 Word26,NoDoc
Word116 Word117 Word118 Word119 Word7,148679,562.43,Word51 Word794,2018-04-01,Word563 Word580 Word581 Word232,NoDoc
Word27 Word28 Word29 Word5,1107753,5444.88,Word1096 Word965,2018-09-30,Word576 Word130 Word577 Word578,Doc3
Word74 Word75 Word44 Word5,VAL00128,-269111.58,Word840 Word841 Word842 Word843,2018-03-01,Word563 Word600 Word601 Word602,NoDoc
Word110 Word22 Word4 Word5,MF51-26793,340.0,Word9 Word772 Word604,2018-10-31,Word52 Word330 Word566,NoDoc
Word8 Word9 Word10 Word11 Word5,4.80G+11,51.6,Word783 Word784 Word568 Word650,2018-06-30,Word563 Word564 Word9 Word26,NoDoc
Word16 Word17 Word18 Word7,4690,810.0,Word961 Word132 Word962 Word9 Word201,2018-05-31,Word563 Word132 Word610,NoDoc
Word16 Word17 Word18 Word7,3770,1329.6,Word783 Word784 Word785,2018-04-01,Word563 Word564 Word9 Word26,NoDoc
Word8 Word9 Word10 Word11 Word5,4.80J+11,1741.5,Word2102 Word784 Word978 Word1931 Word568,2018-03-01,Word563 Word564 Word9 Word26,NoDoc
Word162 Word7,FVJP10RVC18,7000.0,Word582 Word1225,2018-06-30,Word567 Word582 Word107,Doc1
Word16 Word17 Word18 Word7,EO1044,540.0,Word330 Word99 Word764 Word26,2018-08-31,Word563 Word564 Word9 Word26,NoDoc
Word261 Word262,121295,108.0,Word330 Word99 Word26,2018-03-01,Word563 Word564 Word9 Word26,NoDoc
Word16 Word17 Word3 Word7,71965,1440.0,Word1326 Word101,2018-10-31,Word563 Word366 Word562,NoDoc
Word223 Word60 Word65 Word4 Word7,3085,1625.0,Word1139 Word791,2018-05-31,Word560 Word561 Word366 Word562,Doc1
Word189 Word190 Word191 Word7,2351822,749.0,Word130,2018-07-31,Word567 Word582 Word366 Word562,Doc1
Word16 Word17 Word18 Word7,KG2003,1260.0,Word338 Word1033 Word9 Word1542 Word1543,2018-11-30,Word563 Word564 Word9 Word26,NoDoc
Word199 Word200 Word201 Word202 Word7,ZEN-0024691,2800.0,Word202,2018-08-31,Word563 Word580 Word202 Word592,NoDoc
Word42 Word43 Word5,8227,320.0,Word562,2018-07-31,Word52 Word330 Word411 Word692,NoDoc
Word16 Word17 Word18 Word7,4746,180.0,Word785 Word650,2018-05-31,Word563 Word564 Word9 Word26,NoDoc
Word122 Word123 Word21 Word124 Word5,1052,1440.0,Word785 Word826,2018-11-30,Word563 Word564 Word9 Word26,NoDoc
Word160 Word161 Word61 Word45 Word39,754-1,490.5,Word61,2018-01-01,Word563 Word564 Word9 Word26,NoDoc
Word42 Word43 Word5,8083,1312.5,Word562,2018-06-30,Word560 Word611 Word603 Word604 Word605 Word606,Doc1
Word116 Word117 Word118 Word119 Word7,153426,576.0,Word51 Word794 Word562,2018-06-30,Word563 Word580 Word581 Word232,NoDoc
Word42 Word43 Word5,8229,1510.0,Word562,2018-07-31,Word563 Word580 Word581 Word232,NoDoc
Word16 Word17 Word18 Word7,4265,270.0,Word794 Word1403,2018-04-30,Word567 Word568 Word569 Word570,Doc1
Word19 Word20 Word21 Word22 Word23 Word5,14361,78.69,Word868,2018-05-31,Word563 Word575,NoDoc
Word30 Word31,676937,28.0,Word826 Word780,2018-10-31,Word563 Word564 Word9 Word26,NoDoc
Word116 Word117 Word118 Word119 Word7,153428,576.0,Word51 Word794 Word562,2018-06-30,Word563 Word580 Word581 Word232,NoDoc
Word19 Word20 Word21 Word22 Word23 Word5,15496,125.0,Word575,2018-06-30,Word563 Word575,NoDoc
Word8 Word9 Word10 Word11 Word5,480128550025P,5280.0,Word1706 Word785,2018-11-30,Word563 Word564 Word9 Word26,NoDoc
Word73 Word4 Word5,1804181,104.86,Word1437 Word944,2018-08-31,Word563 Word174,NoDoc
Word140 Word3 Word34,30002,17005.0,Word1900 Word1051 Word1062 Word986 Word967 Word700,2018-11-30,Word560 Word561 Word107,Doc1
Word16 Word17 Word18 Word7,SX1466,1260.0,Word338 Word9 Word764 Word26,2018-09-30,Word563 Word564 Word9 Word26,NoDoc
Word30 Word31,653080,2002.0,Word60 Word99 Word26,2018-04-01,Word563 Word564 Word9 Word26,NoDoc
Word166 Word5,1570,340.0,Word123 Word190,2018-11-30,Word563 Word564 Word9 Word26,NoDoc
Word116 Word117 Word118 Word119 Word7,149585,682.67,Word562,2018-04-01,Word563 Word580 Word581 Word232,NoDoc
Word78 Word79 Word11 Word5,E022818-16,48.0,Word330 Word99 Word26,2018-04-01,Word563 Word564 Word9 Word26,NoDoc
Word215 Word3 Word4 Word39,92725325,10617.5,Word1024 Word1025,2018-07-31,Word567 Word582 Word41 Word577 Word644,Doc1
Word38 Word4 Word39,41531172,22000.0,Word121 Word1062 Word45 Word1062 Word981,2018-11-30,Word563 Word121 Word579,NoDoc
Word96 Word3 Word4 Word5,65035,31770.0,Word1053 Word779 Word258 Word764 Word780,2018-02-01,Word567 Word569 Word570,Doc1
Word144 Word145 Word146 Word147 Word7,125455,660.0,Word1555 Word699 Word1895,2018-05-31,Word563 Word366 Word562,NoDoc
Word116 Word117 Word118 Word119 Word7,151789,1320.14,Word51 Word985 Word562,2018-05-31,Word563 Word580 Word581 Word232,NoDoc
Word16 Word17 Word18 Word7,IR1589,1080.0,Word1490 Word439 Word604,2018-11-30,Word560 Word611 Word366 Word562,Doc1
Word16 Word17 Word18 Word7,ZP129,921.6,Word924 Word784 Word785,2018-05-31,Word563 Word564 Word9 Word26,NoDoc
Word16 Word17 Word18 Word7,4261,463.2,Word885 Word784 Word785,2018-04-01,Word567 Word568 Word569 Word570,Doc1
Word16 Word17 Word18 Word7,UN1295,2520.0,Word61,2018-09-30,Word563 Word564 Word9 Word26,NoDoc
Word85 Word86 Word87 Word5 Word88 Word16 Word17 Word3 Word7,65252,105.0,,2018-02-01,Word563 Word580 Word581 Word232,NoDoc
Word167 Word168 Word169,IFVHLP030518,6346.0,Word1356 Word1059 Word1104 Word835,2018-03-01,Word563 Word580 Word581 Word232,NoDoc
Word391 Word9 Word369,1028,36847.02,Word689 Word794 Word845 Word835,2018-08-31,Word567 Word568 Word569 Word570,Doc1
Word30 Word31,676901,1229.0,Word61,2018-09-30,Word563 Word564 Word9 Word26,NoDoc
Word30 Word31,671361,260.0,Word330 Word99 Word26,2018-08-31,Word563 Word564 Word9 Word26,NoDoc
Word30 Word31,672200,48.0,Word826 Word780,2018-08-31,Word563 Word564 Word9 Word26,NoDoc
Word85 Word86 Word87 Word5 Word88 Word16 Word17 Word3 Word7,64751,52.52,Word1258 Word945,2017-12-01,Word563 Word580 Word581 Word232,NoDoc
Word160 Word161 Word61 Word45 Word39,1112-1,720.0,Word61,2018-11-30,Word567 Word568 Word569 Word570,Doc1
Word24 Word22 Word4 Word5,22721,467.5,Word562,2018-07-31,Word567 Word582 Word366 Word562,Doc1
Word42 Word43 Word5,8289,975.0,Word562,2018-08-31,Word563 Word580 Word581 Word232,NoDoc
Word478 Word479 Word7,201406,800.25,Word1534 Word1871 Word1872 Word1873,2018-08-31,Word571 Word52 Word618 Word619 Word13,NoDoc
Word30 Word31,679244,144.0,Word61,2018-11-30,Word563 Word564 Word9 Word26,NoDoc
Word8 Word9 Word10 Word11 Word5,4.80M+11,2210.0,Word829 Word784 Word785,2018-09-30,Word563 Word564 Word9 Word26,NoDoc
Word59 Word60 Word61 Word5,1266,66.0,Word941 Word785,2018-11-30,Word563 Word564 Word9 Word26,NoDoc
Word16 Word17 Word18 Word7,3319,427.2,Word785 Word330 Word99 Word764 Word26,2018-02-01,Word563 Word564 Word9 Word26,NoDoc
Word16 Word17 Word18 Word7,2761,280.8,Word1053 Word330 Word99 Word764 Word61,2018-02-01,Word563 Word564 Word9 Word26,NoDoc
Word16 Word17 Word3 Word7,71843,1320.0,Word1116 Word656,2018-09-30,Word563 Word366 Word562,NoDoc
Word16 Word17 Word3 Word7,71919,480.0,Word876 Word84,2018-09-30,Word563 Word366 Word562,NoDoc
Word16 Word17 Word18 Word7,6724,640.8,Word885 Word784 Word785,2018-05-31,Word563 Word564 Word9 Word26,NoDoc
Word8 Word9 Word10 Word11 Word5,4.80C+11,56.25,Word1150 Word1507 Word330 Word99,2018-11-30,Word563 Word564 Word9 Word26,NoDoc
Word30 Word31,656799,4972.5,Word797 Word809 Word650 Word1282 Word1172,2018-05-31,Word560 Word611 Word603 Word604 Word605 Word606,Doc1
Word341 Word181 Word7,QKTWXWVX081018,14334.07,Word1344 Word2039,2018-08-31,Word571 Word52 Word639 Word579,NoDoc
Word162 Word7,SU14TLJ18,13351.0,Word582 Word908,2018-08-31,Word567 Word582 Word107,Doc1
Word33 Word34 Word35 Word7,108644-1043,4438.96,Word258 Word1306 Word699 Word1463 Word695 Word847,2018-07-31,Word563 Word366 Word56 Word4,NoDoc
Word89 Word44 Word5,67108781,1430.0,Word644,2018-10-31,Word563 Word608 Word609,NoDoc
Word48 Word3 Word4 Word5,VI20183298,48.0,Word568 Word650,2018-10-31,Word563 Word564 Word9 Word26,NoDoc
Word513 Word514,IWECXHFKR122117VH,3967.52,Word613 Word781 Word1971,2017-12-01,Word571 Word52 Word636 Word372 Word575 Word613,NoDoc
Word16 Word17 Word18 Word7,4085,117.0,Word1031 Word784 Word785,2018-03-01,Word563 Word564 Word9 Word26,NoDoc
Word33 Word34 Word35 Word7,108644-693,4592.28,Word562 Word895,2018-03-01,Word563 Word366 Word56 Word4,NoDoc
Word16 Word17 Word18 Word7,2395,140.4,,2018-01-01,Word563 Word564 Word9 Word26,NoDoc
Word48 Word3 Word4 Word5,MT20180982,88.0,Word1028 Word9,2018-09-30,Word563 Word564 Word9 Word26,NoDoc
Word217 Word3 Word10 Word5,MQL063018-1,15720.0,Word9 Word1965 Word764 Word61,2018-08-31,Word563 Word564 Word9 Word26,NoDoc
Word187 Word188,XRJ112018,59401.33,Word613 Word781 Word967 Word986 Word808,2018-11-30,Word571 Word52 Word572 Word573 Word574,NoDoc
Word96 Word3 Word4 Word5,90005,500.0,Word797 Word190,2018-09-30,Word563 Word132 Word610,NoDoc
Word24 Word22 Word4 Word5,23022,850.0,Word562,2018-11-30,Word563 Word132 Word610,NoDoc
Word19 Word20 Word21 Word22 Word23 Word5,13100,298.52,Word633 Word575,2018-03-01,Word563 Word575,NoDoc
Word8 Word9 Word10 Word11 Word5,4.80Q+11,60.0,Word826 Word785,2018-10-31,Word563 Word564 Word9 Word26,NoDoc
Word467 Word124 Word7,8.17R+11,69.5,Word82 Word539 Word202 Word592,2018-12-31,Word701 Word99 Word614 Word580 Word202 Word592,Doc2
Word116 Word117 Word118 Word119 Word7,155106,653.17,Word562 Word998,2018-10-31,Word563 Word580 Word581 Word232,NoDoc
Word532 Word4,XSML148209,17050.0,Word1054 Word2028 Word794,2018-08-31,Word701 Word99 Word614 Word366 Word562,NoDoc
Word16 Word17 Word18 Word7,XM1350,540.0,Word1379 Word785,2018-09-30,Word563 Word564 Word9 Word26,NoDoc
Word16 Word17 Word18 Word7,3085,540.0,Word338 Word1159 Word9,2018-04-01,Word563 Word564 Word9 Word26,NoDoc
Word273 Word61,512,858.0,Word61,2018-11-30,Word563 Word564 Word9 Word26,NoDoc
Word81 Word82 Word5,153079BG,-6927.04,Word643,2018-09-30,Word567 Word582 Word82,Doc1
Word8 Word9 Word10 Word11 Word5,4.80T+11,498.8,Word61,2018-03-01,Word563 Word564 Word9 Word26,NoDoc
Word193 Word311 Word214 Word4 Word7,6210097328,338.5,Word123 Word190,2018-03-01,Word563 Word564 Word9 Word26,NoDoc
Word179 Word180 Word181 Word182,HLJYK080118-CRRN,44473.31,Word979 Word836 Word980 Word45 Word981 Word808,2018-08-31,Word571 Word52 Word594 Word696,NoDoc
Word122 Word123 Word21 Word124 Word5,NXX19589,54180.0,Word338 Word935 Word764 Word780,2018-07-31,Word563 Word564 Word9 Word26,NoDoc
Word40 Word41 Word4 Word5,1868,1820.0,Word802 Word278 Word1242 Word803,2018-07-31,Word567 Word582 Word580 Word202 Word545,Doc1
Word44 Word45 Word46,201805-00053-LG0,2570126.23,Word834 Word835 Word46,2018-06-30,Word560 Word611 Word603 Word604 Word605 Word606,Doc1
Word16 Word17 Word18 Word7,PI1512,5040.0,Word785 Word898 Word9,2018-10-31,Word563 Word564 Word9 Word26,NoDoc
Word16 Word17 Word18 Word7,4926,365.4,Word783 Word784 Word785,2018-05-31,Word563 Word564 Word9 Word26,NoDoc
Word299 Word237 Word7,31931,18315.99,Word949 Word991 Word883 Word699 Word160 Word808,2018-06-30,Word571 Word52 Word657 Word646 Word13,NoDoc
Word240 Word276 Word3 Word4 Word5,5221,950.0,Word1178 Word773 Word774,2018-05-31,Word563 Word580 Word581 Word232,NoDoc
Word42 Word43 Word5,7764,290.0,Word804 Word805 Word806,2018-03-01,Word563 Word580 Word581 Word232,NoDoc
Word74 Word75 Word44 Word5,IND00128,269111.58,Word840 Word841 Word842 Word843,2016-10-01,Word563 Word600 Word601 Word602,NoDoc
Word16 Word17 Word18 Word7,NU1496,360.0,Word783 Word784,2018-10-31,Word563 Word564 Word9 Word26,NoDoc
Word16 Word17 Word3 Word7,70857,480.0,Word1229 Word1230 Word1231,2018-06-30,Word288 Word626 Word627,NoDoc
Word116 Word117 Word118 Word119 Word7,147603,576.0,Word51 Word794 Word562,2018-04-01,Word563 Word580 Word581 Word232,NoDoc
Word8 Word9 Word10 Word11 Word5,4.80Z+11,2064.0,Word1028,2018-06-30,Word563 Word564 Word9 Word26,NoDoc
Word19 Word20 Word21 Word22 Word23 Word5,15301,863.4,Word575,2018-07-31,Word563 Word575,NoDoc
Word160 Word161 Word61 Word45 Word39,978-1,60.0,Word61,2018-05-31,Word563 Word564 Word9 Word26,NoDoc
Word8 Word9 Word10 Word11 Word5,4.80S+11,55.9,Word1031 Word784 Word978,2018-05-31,Word563 Word564 Word9 Word26,NoDoc
Word16 Word17 Word18 Word7,2180,140.4,Word338 Word330 Word99 Word26,2018-01-01,Word567 Word568 Word569 Word570,Doc1
Word8 Word9 Word10 Word11 Word5,4.80S+11,55.9,Word1031 Word784 Word568 Word650,2018-02-01,Word563 Word564 Word9 Word26,NoDoc
Word16 Word17 Word18 Word7,4469,1093.2,Word885 Word784 Word785,2018-04-01,Word563 Word564 Word9 Word26,NoDoc
Word90 Word91 Word92 Word7,113943,28672.0,Word1309 Word1310,2018-10-31,Word567 Word582 Word580 Word202 Word545,Doc1
Word186 Word4 Word5,11177,1000.0,Word1146 Word1987 Word636,2018-11-30,Word52 Word330 Word566,NoDoc
Word535 Word202 Word23,8474-1,330.0,Word800 Word2033,2018-03-01,Word560 Word561 Word580 Word202 Word545,Doc1
Word8 Word9 Word10 Word11 Word5,4.80Z+11,305.1,Word1311 Word785,2018-11-30,Word563 Word564 Word9 Word26,NoDoc
Word30 Word31,671070,288.0,Word61,2018-09-30,Word563 Word564 Word9 Word26,NoDoc
Word312 Word313 Word314 Word315 Word5,TSK1001949,138080.54,Word1246 Word791,2018-11-30,Word52 Word330 Word566,NoDoc
Word16 Word17 Word3 Word7,71960,864.0,Word1326 Word1551,2018-10-31,Word563 Word366 Word562,NoDoc
Word58 Word3 Word4 Word5,13123,202.5,Word865 Word1205 Word1017,2018-07-31,Word567 Word568 Word366 Word562,Doc1
Word19 Word20 Word21 Word22 Word23 Word5,18588,420.51,Word1336 Word701 Word84 Word1337,2018-10-31,Word563 Word575,NoDoc
Word19 Word20 Word21 Word22 Word23 Word5,20132,1103.99,Word575 Word84 Word490,2018-11-30,Word563 Word575,NoDoc
Word16 Word17 Word3 Word7,70836,935.0,Word255 Word1170,2018-06-30,Word288 Word626 Word627,NoDoc
Word219 Word220 Word34 Word5,1002-1003,35539.32,Word846 Word791 Word1062 Word45 Word967 Word911,2018-02-01,Word560 Word611 Word603 Word604 Word605 Word606,Doc1
Word299 Word237 Word7,31801,23383.24,Word949 Word991 Word695 Word45 Word883 Word808,2018-05-31,Word571 Word52 Word657 Word681 Word371 Word13,NoDoc
Word16 Word17 Word18 Word7,3991,1080.0,Word794 Word966,2018-04-30,Word563 Word564 Word9 Word26,NoDoc
Word62 Word63 Word18 Word7,211758Q,1320.0,Word1053 Word826 Word764 Word780,2018-01-01,Word563 Word564 Word9 Word26,NoDoc
Word89 Word44 Word5,66472698,5016.0,Word644,2018-04-01,Word563 Word608 Word609,NoDoc
Word192 Word193 Word194,1807462,34993.67,Word845 Word835 Word619 Word991,2018-09-30,Word560 Word611 Word603 Word604 Word605 Word606,Doc1
Word140 Word3 Word34,10087,3772.0,Word846 Word791,2018-08-31,Word560 Word561 Word107,Doc1
Word16 Word17 Word18 Word7,4712,1059.6,Word783 Word784 Word785,2018-04-30,Word563 Word564 Word9 Word26,NoDoc
Word290 Word291 Word292 Word5,CLAYZG082718,47539.89,Word1916 Word1917 Word725 Word1918,2018-08-31,Word560 Word611 Word603 Word604 Word605 Word606,Doc1
Word16 Word17 Word18 Word7,3526,427.2,Word785 Word330 Word99 Word764 Word61,2018-02-01,Word563 Word564 Word9 Word26,NoDoc
Word16 Word17 Word18 Word7,6591,320.4,Word783 Word784 Word785,2018-05-31,Word563 Word564 Word9 Word26,NoDoc
Word113 Word114 Word115 Word7,143029,6750.0,Word1103 Word791,2018-03-01,Word565 Word566,NoDoc
Word199 Word200 Word201 Word202 Word7,ESC-0024083,4290.0,Word1771 Word791 Word592,2018-06-30,Word567 Word582 Word580 Word202 Word545,Doc1
Word16 Word17 Word3 Word7,71325,216.0,Word685 Word1458 Word789 Word1107,2018-11-30,Word563 Word366 Word562,NoDoc
Word30 Word31,648531,154.0,Word255,2018-03-01,Word563 Word564 Word9 Word26,NoDoc
Word33 Word34 Word35 Word7,108644-1334,78179.17,Word562,2018-10-31,Word563 Word366 Word56 Word4,NoDoc
Word16 Word17 Word18 Word7,LX1040,720.0,Word785 Word330 Word99 Word780,2018-08-31,Word563 Word564 Word9 Word26,NoDoc
Word16 Word17 Word18 Word7,QM1079,180.0,Word1168 Word1169 Word201,2018-09-30,Word563 Word366 Word562,NoDoc
Word33 Word34 Word35 Word7,108644-795,3908.11,Word562 Word1202 Word1203,2018-04-30,Word563 Word366 Word562,NoDoc
Word19 Word20 Word21 Word22 Word23 Word5,14131,1344.91,Word575 Word868,2018-05-31,Word563 Word575,NoDoc
Word106 Word107 Word7,82975-3,318.0,Word118 Word991,2018-08-31,Word563 Word366 Word562,NoDoc
Word30 Word31,653089,647.0,Word779 Word258 Word26,2018-04-30,Word567 Word568 Word569 Word570,Doc1
Word12 Word13 Word7,11174,30980.0,Word846 Word791,2018-05-31,Word560 Word561 Word107,Doc1
Word179 Word180 Word181 Word182,GIPHI080118-FXN,-44473.31,Word979 Word836 Word980 Word45 Word981 Word808,2018-08-31,Word571 Word52 Word636 Word372 Word575 Word613,NoDoc
Word286 Word287 Word288 Word39,51418061071,580.0,Word954 Word877,2018-07-31,Word567 Word568 Word569 Word570,Doc1
Word58 Word3 Word4 Word5,12900,560.0,Word994 Word832 Word84,2018-05-31,Word563 Word580 Word581 Word232,NoDoc
Word219 Word220 Word34 Word5,1016-BQNG,4860.0,Word220 Word791 Word909 Word45 Word909,2018-02-01,Word560 Word722 Word723 Word724 Word571 Word571,Doc1
Word6 Word7,10815,700.0,Word806 Word1080 Word856,2018-12-31,Word560 Word561 Word366 Word562,Doc1
Word38 Word4 Word39,41507306,18500.0,Word1171 Word1107 Word794 Word659 Word1295,2018-07-31,Word563 Word121 Word579,NoDoc
Word70 Word47 Word71 Word72 Word7,282102,12485.51,Word909 Word830 Word45 Word808,2018-02-01,Word563 Word598 Word71,NoDoc
Word96 Word3 Word4 Word5,63565,350.0,,2018-02-01,Word563 Word608 Word609,NoDoc
Word38 Word4 Word39,41478379,4100.0,Word121 Word791,2018-02-01,Word563 Word121 Word579,NoDoc
Word179 Word180 Word181 Word182,QHIDU080118,44473.31,Word330 Word1004 Word1005 Word980 Word45 Word981 Word808,2018-08-31,Word571 Word52 Word594 Word595 Word596 Word597,NoDoc
Word44 Word45 Word46,201806-00045,2829197.98,Word845 Word835 Word46,2018-07-31,Word560 Word611 Word603 Word604 Word605 Word606,Doc1
Word398 Word399,JAQPECVHNSXRKOX050418,1869155.32,Word1712 Word835 Word132 Word807 Word830 Word2034,2018-05-31,Word725 Word726 Word450 Word727,NoDoc
Word286 Word287 Word288 Word39,51418091798,5008.0,Word132 Word1183 Word1323,2018-10-31,Word52 Word330 Word566,NoDoc
Word58 Word3 Word4 Word5,12768,460.0,Word1877 Word1484,2018-03-01,Word563 Word580 Word581 Word232,NoDoc
Word8 Word9 Word10 Word11 Word5,4.80A+11,909.45,Word1743 Word784 Word568 Word650,2018-02-01,Word563 Word564 Word9 Word26,NoDoc
Word19 Word20 Word21 Word22 Word23 Word5,19639,193.54,Word1155 Word1634 Word1643 Word1982,2018-10-31,Word563 Word575,NoDoc
Word30 Word31,640452,721.25,Word61,2018-02-01,Word563 Word564 Word9 Word26,NoDoc
Word38 Word4 Word39,41531926,12900.0,Word121 Word836,2018-11-30,Word563 Word121 Word579,NoDoc
Word85 Word86 Word87 Word5 Word88 Word16 Word17 Word3 Word7,65346,840.0,Word920 Word939 Word789 Word214,2018-02-01,Word563 Word366 Word562,NoDoc
Word16 Word17 Word18 Word7,6652,691.2,Word959 Word784 Word785,2018-05-31,Word563 Word564 Word9 Word26,NoDoc
Word38 Word4 Word39,41469070,4100.0,Word1021 Word1131 Word659,2017-12-01,Word563 Word121 Word579,NoDoc
Word106 Word107 Word7,81215-19,3707.5,Word1097 Word791,2018-03-01,Word576 Word118 Word708 Word662,Doc3
Word16 Word17 Word18 Word7,2401,213.6,Word330 Word99 Word764 Word61,2018-02-01,Word563 Word564 Word9 Word26,NoDoc
Word25 Word26,080218-10,312.0,Word9 Word785,2018-08-31,Word563 Word366 Word562,NoDoc
Word6 Word7,10733,750.0,Word711 Word1589 Word1847,2018-08-31,Word563 Word366 Word562,NoDoc
Word81 Word82 Word5,137787,704.5,Word643,2018-04-01,Word563 Word82 Word9 Word607,NoDoc
Word44 Word45 Word46,201811-00046,8799523.59,Word807 Word808 Word46,2018-12-31,Word560 Word561 Word366 Word562,Doc1
Word101 Word102 Word103 Word7,112814,540.56,Word115,2018-07-31,Word576 Word689 Word295 Word690 Word691,Doc3
Word16 Word17 Word18 Word7,3976,1788.0,Word992 Word784 Word785,2018-04-30,Word563 Word564 Word9 Word26,NoDoc
Word33 Word34 Word35 Word7,108644-1306,277.44,Word562,2018-10-31,Word563 Word366 Word56 Word4,NoDoc
Word515 Word516 Word5,16835,6967.06,Word516 Word1972 Word794,2018-10-31,Word52 Word330 Word566,NoDoc
Word296 Word91 Word34 Word5,18300,9100.0,Word1143 Word991,2018-11-30,Word567 Word582 Word107,Doc1
Word62 Word63 Word18 Word7,215259A,3420.0,Word1245 Word929,2018-05-31,Word563 Word564 Word9 Word26,NoDoc
Word215 Word3 Word4 Word39,92801650,1925.7,Word797 Word190,2018-10-31,Word563 Word564 Word9 Word26,NoDoc
Word16 Word17 Word18 Word7,2238,140.4,,2018-01-01,Word563 Word564 Word9 Word26,NoDoc
Word318,4520881,1120.82,Word490 Word65,2018-09-30,Word613 Word99 Word614 Word98 Word338 Word678,Doc2
Word16 Word17 Word18 Word7,1638,561.6,,2018-01-01,Word563 Word564 Word9 Word26,NoDoc
Word33 Word34 Word35 Word7,108644-559,9116.8,Word366 Word562,2018-03-01,Word563 Word366 Word56 Word4,NoDoc
Word30 Word31,678847,144.0,Word61,2018-10-31,Word563 Word564 Word9 Word26,NoDoc
Word16 Word17 Word18 Word7,EG1093,2520.0,Word884 Word784 Word785,2018-08-31,Word563 Word564 Word9 Word26,NoDoc
Word85 Word86 Word87 Word5 Word88 Word16 Word17 Word3 Word7,65475,315.0,Word994 Word84,2018-02-01,Word563 Word580 Word581 Word232,NoDoc
Word290 Word291 Word292 Word5,MPDKCH121018,204450.15,Word677,2018-12-31,Word52 Word330 Word566,NoDoc
Word257 Word258 Word259 Word5,180123-11648,23400.0,Word1347 Word856,2018-02-01,Word567 Word582 Word580 Word202 Word545,Doc1
Word8 Word9 Word10 Word11 Word5,4.80Q+11,600.0,Word577,2018-07-31,Word563 Word564 Word9 Word26,NoDoc
Word96 Word3 Word4 Word5,60246,320.0,Word1053 Word330 Word99 Word764 Word26,2018-01-01,Word563 Word564 Word9 Word26,NoDoc
Word193 Word311 Word214 Word4 Word7,6210105288,845.0,Word305 Word1241,2018-04-01,Word563 Word132 Word610,NoDoc
Word30 Word31,661929,96.0,Word26 Word569,2018-06-30,Word563 Word564 Word9 Word26,NoDoc
Word217 Word3 Word10 Word5,UQB071518-1,16305.6,Word826 Word780,2018-09-30,Word567 Word568 Word569 Word570,Doc1
Word74 Word75 Word44 Word5,AOE00128,269111.58,Word840 Word841 Word842 Word843,2016-10-01,Word588 Word633 Word601 Word634,NoDoc
Word16 Word17 Word18 Word7,UI1098,10080.0,Word785 Word904 Word764 Word26,2018-08-31,Word563 Word564 Word9 Word26,NoDoc
Word16 Word17 Word18 Word7,3129,1266.4,Word785 Word330 Word99 Word764 Word61,2018-02-01,Word563 Word564 Word9 Word26,NoDoc
Word54 Word3 Word4,LZE52011,1500.0,Word797 Word1092 Word99 Word602,2018-01-01,Word563 Word564 Word9 Word26,NoDoc
Word44 Word45 Word46,201811-00046,8799523.59,Word807 Word808 Word46,2018-12-31,Word185 Word630 Word450 Word631,NoDoc
Word16 Word17 Word18 Word7,3947,1053.0,Word1013,2018-08-31,Word563 Word564 Word9 Word26,NoDoc
Word16 Word17 Word18 Word7,NU377,2800.0,Word785 Word330 Word99 Word26,2018-06-30,Word563 Word564 Word9 Word26,NoDoc
Word33 Word34 Word35 Word7,108644-855,3769.39,Word258 Word1306 Word865 Word981 Word699 Word883,2018-05-31,Word563 Word366 Word56 Word4,NoDoc
Word74 Word75 Word44 Word5,XZU00128,-269111.58,Word840 Word841 Word842 Word843,2018-03-01,Word563 Word600 Word601 Word602,NoDoc
Word8 Word9 Word10 Word11 Word5,4.80L+11,60.0,Word330 Word99 Word780,2018-07-31,Word563 Word564 Word9 Word26,NoDoc
Word73 Word4 Word5,3559,3046.0,Word762 Word21 Word145 Word1051,2018-08-31,Word563 Word615 Word211,NoDoc
Word16 Word17 Word3 Word7,71928,216.0,Word797 Word190 Word798 Word963,2018-10-31,Word563 Word580 Word581 Word232,NoDoc
Word30 Word31,663947,96.0,Word61,2018-07-31,Word567 Word568 Word569 Word570,Doc1
Word468 Word469 Word5,20181206,1500.0,Word1831 Word1832,2018-10-31,Word571 Word52 Word457 Word752 Word253 Word670,NoDoc
Word109 Word61 Word7,132,360.0,Word1113 Word1601 Word1114 Word1027,2018-02-01,Word560 Word611 Word603 Word604 Word605 Word606,Doc1
Word8 Word9 Word10 Word11 Word5,4.80B+11,1150.0,Word925 Word784 Word577,2018-05-31,Word563 Word564 Word9 Word26,NoDoc
Word16 Word17 Word18 Word7,BE1914,1260.0,Word785 Word1144 Word780,2018-10-31,Word563 Word564 Word9 Word26,NoDoc
Word131 Word132 Word133 Word5,P21801002,56355.65,Word1383 Word835 Word61 Word1046,2018-03-01,Word563 Word564 Word9 Word26,NoDoc
Word80 Word3 Word4,V135714,5120.0,Word703 Word1556,2018-10-31,Word563 Word629 Word581 Word232,NoDoc
Word19 Word20 Word21 Word22 Word23 Word5,15404,50.19,Word575,2018-07-31,Word563 Word575,NoDoc
Word116 Word117 Word118 Word119 Word7,155120,576.0,Word562,2018-10-31,Word563 Word580 Word581 Word232,NoDoc
Word16 Word17 Word18 Word7,4513,1473.0,Word992 Word784 Word785,2018-04-01,Word563 Word564 Word9 Word26,NoDoc
Word137 Word138 Word7,ARBG5026,1680.0,Word984 Word835 Word905 Word791,2018-05-31,Word563 Word359,NoDoc
Word48 Word3 Word4 Word5,IP20180525,450.0,Word877 Word810 Word800 Word805,2018-07-31,Word563 Word564 Word9 Word26,NoDoc
Word16 Word17 Word18 Word7,3775,810.0,Word694 Word784 Word785,2018-04-30,Word563 Word564 Word9 Word26,NoDoc
Word224 Word3 Word4 Word5,GH51-23999,540.0,Word338 Word779 Word99,2018-03-01,Word563 Word366 Word562,NoDoc
Word16 Word17 Word18 Word7,UD610,2520.0,Word785 Word9,2018-07-31,Word563 Word564 Word9 Word26,NoDoc
Word47 Word3 Word4 Word39,2018001983,8754.5,Word826 Word780,2018-02-01,Word563 Word564 Word9 Word26,NoDoc
Word8 Word9 Word10 Word11 Word5,4.80A+11,120.0,Word61,2018-09-30,Word563 Word564 Word9 Word26,NoDoc
Word179 Word180 Word181 Word182,PAGXHYL010818,12896.27,Word979 Word1005 Word909 Word45 Word831 Word830,2018-01-01,Word571 Word52 Word646 Word633 Word579,NoDoc
Word96 Word3 Word4 Word5,57330,400.0,Word797 Word809 Word780,2017-12-01,Word563 Word564 Word9 Word26,NoDoc
Word16 Word17 Word18 Word7,2825,360.0,Word255 Word791,2018-05-31,Word563 Word132 Word610,NoDoc
Word349 Word3 Word4 Word7,18-1421,9230.0,Word730 Word791 Word1113 Word1114,2018-03-01,Word565 Word566,NoDoc
Word48 Word3 Word4 Word5,FS20174579,630.0,Word780 Word877,2018-02-01,Word563 Word564 Word9 Word26,NoDoc
Word44 Word45 Word46,201811-00046,8799523.59,Word807 Word808 Word46,2018-12-31,Word560 Word561 Word107,Doc1
Word16 Word17 Word18 Word7,HL766,2520.0,Word1189 Word784 Word785,2018-07-31,Word563 Word564 Word9 Word26,NoDoc
Word30 Word31,684415,832.0,Word123 Word809 Word60 Word99 Word26,2018-11-30,Word563 Word564 Word9 Word26,NoDoc
Word16 Word17 Word18 Word7,4924,691.2,Word959 Word784 Word785,2018-05-31,Word563 Word564 Word9 Word26,NoDoc
Word16 Word17 Word18 Word7,2608,140.4,,2018-01-01,Word563 Word564 Word9 Word26,NoDoc
Word91 Word409 Word4 Word7,93018,2803.98,Word633 Word1724 Word743,2018-10-31,Word571 Word52 Word743 Word21 Word744 Word745,NoDoc
Word16 Word17 Word18 Word7,2921,140.4,Word783 Word784 Word785,2018-02-01,Word563 Word564 Word9 Word26,NoDoc
Word534 Word397 Word5,113027,29440.0,Word2031 Word4,2018-06-30,Word567 Word582 Word583 Word584 Word585 Word586,Doc1
Word139 Word3 Word4 Word7,15778,5561.25,Word562 Word1044 Word49,2018-05-31,Word563 Word589 Word590,NoDoc
Word97 Word91 Word4 Word5,18-1862,240.0,Word123 Word190,2018-05-31,Word563 Word132 Word610,NoDoc
Word96 Word3 Word4 Word5,63340,285.0,Word1018 Word190,2018-02-01,Word563 Word629 Word581 Word232,NoDoc
Word16 Word17 Word18 Word7,2112,225.0,Word255 Word9,2017-12-01,Word563 Word564 Word9 Word26,NoDoc
Word33 Word34 Word35 Word7,108644-422,3554.95,Word191 Word1264 Word562,2018-01-01,Word563 Word366 Word56 Word4,NoDoc
Word30 Word31,656805,467.5,Word797 Word190,2018-04-30,Word563 Word564 Word9 Word26,NoDoc
Word101 Word102 Word103 Word7,110622,5500.0,Word861 Word1130 Word931 Word656,2018-01-01,Word576 Word679 Word680,Doc3
Word324 Word4,18-8258,47524.74,Word700 Word980 Word160 Word883 Word695 Word1522 Word1722 Word1523,2018-08-31,Word52 Word330 Word566,NoDoc
Word30 Word31,636343,351.0,Word564 Word9 Word26,2017-12-01,Word563 Word564 Word9 Word26,NoDoc
Word78 Word79 Word11 Word5,E071418-11,384.0,Word330 Word99 Word780,2018-09-30,Word563 Word564 Word9 Word26,NoDoc
Word16 Word17 Word18 Word7,NR1141,360.0,Word125 Word966,2018-08-31,Word563 Word564 Word9 Word26,NoDoc
Word179 Word180 Word181 Word182,GTUZU09282018,48705.93,Word979 Word836 Word694 Word45 Word911 Word808,2018-10-31,Word571 Word52 Word594 Word595 Word596 Word597,NoDoc
Word16 Word17 Word3 Word7,70524,227.33,Word562,2018-06-30,Word563 Word366 Word562,NoDoc
Word42 Word43 Word5,7432,2330.0,Word1488 Word9 Word1489,2017-12-01,Word576 Word366 Word562,Doc3
Word116 Word117 Word118 Word119 Word7,152766,576.0,Word51 Word791 Word562,2018-06-30,Word563 Word580 Word581 Word232,NoDoc
Word85 Word86 Word87 Word5 Word88 Word16 Word17 Word3 Word7,64627,840.0,Word1331 Word592 Word764 Word1375,2017-12-01,Word563 Word580 Word581 Word232,NoDoc
Word19 Word20 Word21 Word22 Word23 Word5,20266,2185.32,Word575,2018-11-30,Word563 Word575,NoDoc
Word41 Word49 Word7,3503,8746.0,Word1035 Word980 Word717 Word980 Word911 Word2015 Word2016,2018-09-30,Word52 Word330 Word566,NoDoc
Word42 Word43 Word5,7430,942.5,Word804 Word805 Word806,2017-12-01,Word563 Word580 Word581 Word232,NoDoc
Word38 Word4 Word39,41500468,22000.0,Word121 Word985,2018-06-30,Word563 Word121 Word579,NoDoc
Word219 Word220 Word34 Word5,1024,22148.75,Word1045 Word835 Word220 Word985,2018-09-30,Word560 Word611 Word603 Word604 Word605 Word606,Doc1
Word8 Word9 Word10 Word11 Word5,4.80J+11,107.5,Word9 Word26,2017-12-01,Word563 Word564 Word9 Word26,NoDoc
Word33 Word34 Word35 Word7,108644-1061,7037.73,Word562,2018-07-31,Word563 Word366 Word56 Word4,NoDoc
Word382 Word132 Word155 Word5,20180205,8000.0,Word846 Word791,2018-02-01,Word567 Word582 Word107,Doc1
Word25 Word26,090718-8,1104.0,Word61,2018-10-31,Word563 Word564 Word9 Word26,NoDoc
Word186 Word4 Word5,7485,7700.0,Word1432,2018-02-01,Word560 Word561 Word685 Word686 Word687 Word688,Doc1
Word101 Word102 Word103 Word7,113451,136.0,Word562,2018-09-30,Word576 Word366 Word562,Doc3
Word342 Word343 Word344,7900044080447190-112917,581.85,Word681 Word1346,2017-12-01,Word571 Word52 Word636 Word637 Word579,NoDoc
Word187 Word188,NXR112018,59401.33,Word613 Word781 Word967 Word986 Word808,2018-11-30,Word571 Word52 Word572 Word573 Word574,NoDoc
Word16 Word17 Word18 Word7,2443,702.0,,2018-02-01,Word563 Word564 Word9 Word26,NoDoc
Word474 Word475,JHLQFKV070218,125.0,Word613 Word781 Word1850,2018-07-31,Word571 Word52 Word594 Word624 Word21 Word625,NoDoc
Word16 Word17 Word18 Word7,FS1370,1260.0,Word1033,2018-09-30,Word563 Word564 Word9 Word26,NoDoc
Word217 Word3 Word10 Word5,FCDLA041518-1,42170.4,Word1281 Word9,2018-06-30,Word563 Word564 Word9 Word26,NoDoc
Word12 Word13 Word7,10731,30980.0,Word777 Word45 Word160 Word45 Word778,2018-01-01,Word565 Word566,NoDoc
Word42 Word43 Word5,8437,36000.0,Word1034 Word773 Word774,2018-10-31,Word563 Word580 Word581 Word232,NoDoc
Word167 Word168 Word169,IZWLRQ030518,6346.0,Word1356 Word1059 Word1104 Word835,2018-03-01,Word563 Word580 Word581 Word232,NoDoc
Word160 Word161 Word61 Word45 Word39,797-9,325.0,,2018-02-01,Word563 Word564 Word9 Word26,NoDoc
Word144 Word145 Word146 Word147 Word7,125266,1729.0,Word685 Word832 Word679,2018-04-01,Word563 Word366 Word562,NoDoc
Word116 Word117 Word118 Word119 Word7,155118,576.0,Word51 Word791,2018-10-31,Word563 Word580 Word581 Word232,NoDoc
Word8 Word9 Word10 Word11 Word5,4.80Q+11,65.0,Word61,2018-09-30,Word563 Word564 Word9 Word26,NoDoc
Word58 Word3 Word4 Word5,12800,1400.0,Word1071 Word9 Word191,2018-03-01,Word563 Word366 Word562,NoDoc
Word273 Word61,467,110.0,Word60 Word99 Word1516,2018-05-31,Word563 Word564 Word9 Word26,NoDoc
Word30 Word31,660918C,48.0,Word61,2018-09-30,Word563 Word564 Word9 Word26,NoDoc
Word73 Word4 Word5,1803104,7705.0,Word1717 Word1718 Word1372,2018-05-31,Word563 Word366 Word562,NoDoc
Word76 Word77 Word5,52032433,32255.0,Word13 Word794,2018-11-30,Word560 Word561 Word107,Doc1
Word116 Word117 Word118 Word119 Word7,149307,576.0,Word51 Word794,2018-04-01,Word563 Word580 Word581 Word232,NoDoc
Word16 Word17 Word18 Word7,3229,1293.0,,2018-02-01,Word563 Word564 Word9 Word26,NoDoc
Word16 Word17 Word18 Word7,4871,741.6,Word924 Word784 Word785,2018-05-31,Word563 Word564 Word9 Word26,NoDoc
Word116 Word117 Word118 Word119 Word7,147389,576.0,Word51 Word794 Word562,2018-04-01,Word563 Word580 Word581 Word232,NoDoc
Word116 Word117 Word118 Word119 Word7,156708,576.0,Word51 Word794 Word562,2018-11-30,Word563 Word121 Word579,NoDoc
Word144 Word145 Word146 Word147 Word7,125458,3598.0,Word685 Word883 Word132 Word191,2018-04-30,Word576 Word366 Word562,Doc3
Word8 Word9 Word10 Word11 Word5,4.80X+11,34.4,Word564 Word9 Word26,2017-12-01,Word563 Word564 Word9 Word26,NoDoc
Word42 Word43 Word5,8313,12000.0,Word1236 Word773 Word774,2018-08-31,Word563 Word580 Word581 Word232,NoDoc
Word40 Word41 Word4 Word5,1616,1820.0,Word802 Word278 Word1242 Word1468,2018-06-30,Word567 Word582 Word580 Word202 Word545,Doc1
Word308 Word309 Word310,2018HMWJEUYCHFCAPE,2760671.27,Word835 Word682 Word683 Word684,2018-10-31,Word563 Word682 Word683 Word684,NoDoc
Word19 Word20 Word21 Word22 Word23 Word5,19778,10.08,Word1668 Word1843,2018-10-31,Word563 Word575,NoDoc
Word113 Word114 Word115 Word7,151965,6900.0,Word1146,2018-10-31,Word52 Word330 Word566,NoDoc
Word122 Word123 Word21 Word124 Word5,VYY18100,600.0,Word877 Word1902,2018-07-31,Word563 Word564 Word9 Word26,NoDoc
Word16 Word17 Word18 Word7,5170,410.4,Word783 Word784 Word785,2018-05-31,Word563 Word564 Word9 Word26,NoDoc
Word166 Word5,1624,3272.5,Word956 Word894 Word123 Word809,2018-11-30,Word563 Word564 Word9 Word26,NoDoc
Word42 Word43 Word5,8181,2640.0,Word1119 Word372 Word1581,2018-07-31,Word563 Word366 Word562,NoDoc
Word81 Word82 Word5,0218XRLTJUTMNB,500.0,Word82 Word1087 Word856 Word1088 Word835,2018-04-30,Word563 Word580 Word581 Word232,NoDoc
Word85 Word86 Word87 Word5 Word88 Word16 Word17 Word3 Word7,65150,945.0,,2018-01-01,Word563 Word580 Word581 Word232,NoDoc
Word16 Word17 Word18 Word7,XS1411,6300.0,Word1803 Word784,2018-10-31,Word563 Word564 Word9 Word26,NoDoc
Word101 Word102 Word103 Word7,112192,20172.38,Word562 Word1567,2018-06-30,Word576 Word366 Word562,Doc3
Word38 Word4 Word39,41478196,4223.0,Word121 Word791,2018-02-01,Word563 Word121 Word579,NoDoc
Word83 Word84 Word44 Word7,21418-3-1,2017.31,Word850 Word853,2018-06-30,Word563 Word366 Word562,NoDoc
Word16 Word17 Word18 Word7,AU1695,5040.0,Word9 Word26,2018-10-31,Word563 Word564 Word9 Word26,NoDoc
Word225 Word9 Word226 Word5,AGDRHB060118,1143952.8,Word9 Word1059 Word1060 Word1061 Word834,2018-06-30,Word567 Word650 Word9 Word255,Doc1
Word44 Word45 Word46,201811-00046,8799523.59,Word807 Word808 Word46,2018-12-31,Word563 Word575,NoDoc
Word16 Word17 Word18 Word7,3176,1221.4,Word785 Word330 Word99 Word764 Word26,2018-02-01,Word563 Word564 Word9 Word26,NoDoc
Word517 Word91 Word4 Word5,RY26516,1670.0,Word797 Word190,2018-07-31,Word567 Word568 Word569 Word570,Doc1
Word48 Word3 Word4 Word5,HJ20182842,5180.0,Word9 Word878 Word642 Word1471 Word9,2018-08-31,Word567 Word568 Word569 Word570,Doc1
Word42 Word43 Word5,8490,870.0,Word562,2018-10-31,Word563 Word580 Word581 Word232,NoDoc
Word16 Word17 Word18 Word7,OY223,7560.0,Word172 Word1196 Word764 Word780,2018-06-30,Word563 Word564 Word9 Word26,NoDoc
Word16 Word17 Word18 Word7,6578,640.8,Word885 Word784 Word785,2018-05-31,Word563 Word564 Word9 Word26,NoDoc
Word30 Word31,664919,48.0,Word61,2018-07-31,Word563 Word564 Word9 Word26,NoDoc
Word6 Word7,10222,2305.0,Word511 Word1145,2018-01-01,Word576 Word679 Word680,Doc3
Word179 Word180 Word181 Word182,GCXMK09282018,48705.93,Word979 Word836 Word694 Word45 Word911 Word808,2018-10-31,Word571 Word52 Word636 Word372 Word575 Word613,NoDoc
Word42 Word43 Word5,7717,8980.0,Word562 Word1091 Word190,2018-02-01,Word576 Word366 Word562,Doc3
Word16 Word17 Word18 Word7,AW1027,180.0,Word783 Word784 Word785,2018-08-31,Word563 Word564 Word9 Word26,NoDoc
Word383 Word384,ISIIN020618GSY,263.0,Word1475 Word613 Word781 Word1476,2018-02-01,Word692 Word721 Word665,NoDoc
Word8 Word9 Word10 Word11 Word5,4.80U+11,3140.0,Word330 Word99 Word764 Word780,2018-08-31,Word567 Word568 Word569 Word570,Doc1
Word186 Word4 Word5,9304,1000.0,Word718,2018-07-31,Word560 Word561 Word685 Word686 Word687 Word688,Doc1
Word8 Word9 Word10 Word11 Word5,4.80P+11,240.0,Word330 Word99 Word26,2018-07-31,Word563 Word564 Word9 Word26,NoDoc
Word8 Word9 Word10 Word11 Word5,4.80B+11,55.9,Word9 Word26,2017-12-01,Word563 Word564 Word9 Word26,NoDoc
Word42 Word43 Word5,7765,435.0,Word804 Word805 Word806,2018-03-01,Word563 Word580 Word581 Word232,NoDoc
Word113 Word114 Word115 Word7,148393,570.0,Word578 Word791,2018-07-31,Word567 Word582 Word366 Word562,Doc1
Word533 Word3 Word4 Word75 Word39,ZGY_00106641,2450.0,Word2032 Word1300,2018-02-01,Word560 Word561 Word366 Word562,Doc1
Word16 Word17 Word3 Word7,71908,216.0,Word1326 Word805 Word605,2018-09-30,Word563 Word366 Word562,NoDoc
Word156 Word157 Word7,1573244,426.66,Word1322 Word319 Word1257,2017-12-01,Word563 Word121 Word579,NoDoc
Word58 Word3 Word4 Word5,13276,4565.0,Word1017 Word190 Word833,2018-10-31,Word563 Word366 Word562,NoDoc
Word44 Word45 Word46,201806-00045,2829197.98,Word845 Word835 Word46,2018-07-31,Word563 Word676,NoDoc
Word16 Word17 Word18 Word7,4135,225.0,Word132 Word255,2018-03-01,Word563 Word132 Word610,NoDoc
Word19 Word20 Word21 Word22 Word23 Word5,19476,830.91,Word575 Word84 Word1578,2018-10-31,Word563 Word575,NoDoc
Word193 Word311 Word214 Word4 Word7,6210096080,1094.8,Word26,2018-03-01,Word563 Word564 Word9 Word26,NoDoc
Word16 Word17 Word18 Word7,3029,871.2,,2018-02-01,Word563 Word564 Word9 Word26,NoDoc
Word217 Word3 Word10 Word5,SVO091518-1,4392.96,Word1281 Word9 Word26,2018-11-30,Word563 Word564 Word9 Word26,NoDoc
Word111 Word112 Word91 Word107 Word7,27061,10140.0,Word846 Word791,2018-05-31,Word567 Word582 Word107,Doc1
Word16 Word17 Word18 Word7,3331,561.6,Word924 Word784 Word785,2018-03-01,Word563 Word564 Word9 Word26,NoDoc
Word299 Word237 Word7,31472,30103.91,Word949 Word991 Word909 Word808 Word882 Word830,2018-01-01,Word571 Word52 Word657 Word292 Word13,NoDoc
Word144 Word145 Word146 Word147 Word7,125265,1729.0,Word722 Word861 Word1586 Word825,2018-04-01,Word563 Word366 Word562,NoDoc
Word44 Word45 Word46,201811-00046,8799523.59,Word807 Word808 Word46,2018-12-31,Word563 Word359,NoDoc
Word85 Word86 Word87 Word5 Word88 Word16 Word17 Word3 Word7,65620,315.0,Word994 Word700 Word191,2018-02-01,Word563 Word580 Word581 Word232,NoDoc
Word16 Word17 Word18 Word7,3006,225.0,Word255,2018-02-01,Word567 Word650 Word9 Word255,Doc1
Word24 Word22 Word4 Word5,21984,1555.0,Word258 Word99 Word785,2018-04-01,Word567 Word582 Word41 Word577 Word644,Doc1
Word113 Word114 Word115 Word7,142537,467.5,,2018-02-01,Word560 Word561 Word612,Doc1
Word30 Word31,644074,42.0,Word826 Word780,2018-02-01,Word563 Word564 Word9 Word26,NoDoc
Word263 Word264 Word61 Word5,PC2512,1821.6,Word1585 Word599 Word191,2018-11-30,Word563 Word564 Word9 Word26,NoDoc
Word8 Word9 Word10 Word11 Word5,4.80Z+11,156.95,Word1966 Word784 Word929,2018-04-30,Word563 Word564 Word9 Word26,NoDoc
Word16 Word17 Word18 Word7,4469,1093.2,Word885 Word784 Word785,2018-04-01,Word563 Word564 Word9 Word26,NoDoc
Word134 Word61 Word45 Word39,BBRB2018WBCLWSWU,506.46,Word689 Word780,2018-09-30,Word563 Word564 Word9 Word26,NoDoc
Word101 Word102 Word103 Word7,112667,5795.3,Word562 Word1567,2018-07-31,Word576 Word674 Word675,Doc3
Word38 Word4 Word39,41521918,3862.5,Word121 Word836,2018-09-30,Word563 Word121 Word579,NoDoc
Word113 Word114 Word115 Word7,148971,5318.75,Word578 Word991,2018-08-31,Word560 Word561 Word612,Doc1
Word435 Word51 Word4 Word5,RN7671,2127.5,Word797 Word1685 Word1686 Word780 Word1687,2018-08-31,Word567 Word582 Word366 Word562,Doc1
Word16 Word17 Word18 Word7,1722,235.2,Word785 Word330 Word99 Word26,2017-12-01,Word563 Word564 Word9 Word26,NoDoc
Word83 Word84 Word44 Word7,120117-8-1,714.95,Word850 Word827,2018-01-01,Word563 Word580 Word581 Word232,NoDoc
Word80 Word3 Word4,Z77522,5485.0,Word1644 Word954 Word1032 Word856,2018-01-01,Word563 Word580 Word755,NoDoc
Word16 Word17 Word18 Word7,3138,899.4,Word924 Word784 Word785,2018-03-01,Word563 Word564 Word9 Word26,NoDoc
Word6 Word7,10701,855.0,Word1283 Word832 Word809 Word1910,2018-09-30,Word560 Word611 Word603 Word604 Word605 Word606,Doc1
Word101 Word102 Word103 Word7,112476,9549.31,Word562 Word21 Word115,2018-06-30,Word576 Word366 Word562,Doc3
Word219 Word220 Word34 Word5,1017-BZ,9375.88,Word846 Word991 Word45 Word45 Word981 Word808,2018-05-31,Word560 Word603 Word604 Word605 Word606,Doc1
Word409 Word165 Word410 Word411,OQQOLKJEAUMZ0218,499403.9,Word1088 Word835 Word1552 Word1553,2018-04-30,Word371 Word726 Word731 Word371 Word692,NoDoc
Word25 Word26,082218-9,44.0,Word61,2018-10-31,Word563 Word564 Word9 Word26,NoDoc
Word8 Word9 Word10 Word11 Word5,4.80K+11,150.0,Word61,2018-06-30,Word563 Word564 Word9 Word26,NoDoc
Word44 Word45 Word46,201806-00045,2829197.98,Word845 Word835 Word46,2018-07-31,Word563 Word660,NoDoc
Word16 Word17 Word18 Word7,2819,828.0,,2018-01-01,Word563 Word564 Word9 Word26,NoDoc
Word27 Word28 Word29 Word5,1125928,2567.04,Word1096 Word965,2018-08-31,Word576 Word130 Word577 Word578,Doc3
Word38 Word4 Word39,41481895,3500.0,Word121 Word791,2018-02-01,Word563 Word121 Word579,NoDoc
Word48 Word3 Word4 Word5,FY20171468,3020.0,Word718 Word1721,2018-07-31,Word560 Word561 Word612,Doc1
Word85 Word86 Word87 Word5 Word88 Word16 Word17 Word3 Word7,65925,105.0,Word1680 Word1681,2018-03-01,Word563 Word580 Word581 Word232,NoDoc
Word6 Word7,10263,495.0,Word806 Word1080 Word780 Word856,2018-02-01,Word565 Word566,NoDoc
Word277 Word278 Word23 Word44,53719,10047.5,Word278 Word791,2018-08-31,Word613 Word99 Word614 Word693 Word319,Doc2
Word48 Word3 Word4 Word5,DY20174307,175.0,,2018-01-01,Word563 Word564 Word9 Word26,NoDoc
Word41 Word125 Word34 Word5,167,7725.0,Word709 Word799 Word857,2018-02-01,Word567 Word582 Word580 Word202 Word545,Doc1
Word16 Word17 Word18 Word7,6586,320.4,Word783 Word784 Word785,2018-05-31,Word563 Word564 Word9 Word26,NoDoc
Word85 Word86 Word87 Word5 Word88 Word16 Word17 Word3 Word7,65433,1155.0,Word1477 Word1623 Word706,2018-02-01,Word563 Word580 Word581 Word232,NoDoc
Word160 Word161 Word61 Word45 Word39,785-3,50.0,,2018-02-01,Word563 Word564 Word9 Word26,NoDoc
Word58 Word3 Word4 Word5,12946,1215.0,Word1205 Word1017 Word190,2018-06-30,Word288 Word626 Word627,NoDoc
Word16 Word17 Word18 Word7,3109,1293.0,,2018-02-01,Word563 Word564 Word9 Word26,NoDoc
Word376 Word377 Word44,100058455,5458.0,Word777 Word865 Word910 Word865 Word1463,2018-04-30,Word567 Word107,Doc1
Word38 Word4 Word39,41527859,3862.5,Word121 Word836,2018-11-30,Word563 Word121 Word579,NoDoc
Word212 Word213 Word214 Word125 Word119 Word39,77021,760.0,Word1018 Word190,2018-07-31,Word567 Word582 Word366 Word562,Doc1
Word116 Word117 Word118 Word119 Word7,154253,576.0,Word562,2018-10-31,Word563 Word580 Word581 Word232,NoDoc
Word177 Word178 Word147 Word7,163DPE,3891.0,Word1950 Word1951,2018-03-01,Word576 Word366 Word562,Doc3
Word8 Word9 Word10 Word11 Word5,4.80F+11,51.6,Word783 Word784 Word568 Word650,2018-04-30,Word563 Word564 Word9 Word26,NoDoc
Word47 Word3 Word4 Word5,2018019978,310.0,Word797 Word190,2018-08-31,Word563 Word564 Word9 Word26,NoDoc
Word74 Word75 Word44 Word5,AIQ00128,269111.58,Word840 Word841 Word842 Word843,2016-10-01,Word563 Word600 Word601 Word602,NoDoc
Word80 Word3 Word4,E156704,79384.3,Word802 Word1032 Word562,2018-10-31,Word567 Word568 Word569 Word295,Doc1
Word96 Word3 Word4 Word5,87021,1080.0,Word797 Word190,2018-08-31,Word563 Word132 Word610,NoDoc
Word16 Word17 Word3 Word7,71941,162.02,Word900 Word805 Word785 Word794,2018-10-31,Word563 Word580 Word581 Word232,NoDoc
Word90 Word91 Word92 Word7,109558,17212.5,Word857 Word858 Word859,2018-03-01,Word567 Word582 Word580 Word202 Word545,Doc1
Word16 Word17 Word18 Word7,BR859,360.0,Word785 Word330 Word99,2018-08-31,Word563 Word564 Word9 Word26,NoDoc
Word160 Word161 Word61 Word45 Word39,812-2,390.0,Word60 Word99 Word780,2018-02-01,Word563 Word564 Word9 Word26,NoDoc
Word16 Word17 Word18 Word7,3016,1293.0,Word785 Word330 Word99 Word764 Word61,2018-02-01,Word563 Word564 Word9 Word26,NoDoc
Word74 Word75 Word44 Word5,XOE00128,269111.58,Word840 Word841 Word842 Word843,2016-10-01,Word563 Word600 Word601 Word602,NoDoc
Word419 Word420 Word421 Word422 Word419 Word52 Word423,YQRPKYM LL 20655,5137.94,Word1610 Word1611 Word1612,2018-01-01,Word630 Word719 Word720,NoDoc
Word59 Word60 Word61 Word5,1228,198.0,Word826 Word785,2018-10-31,Word563 Word564 Word9 Word26,NoDoc
Word16 Word17 Word18 Word7,3982,1329.6,Word783 Word784 Word785,2018-04-01,Word563 Word564 Word9 Word26,NoDoc
Word189 Word190 Word191 Word7,2358711,1209.9,Word130 Word791,2018-10-31,Word567 Word582 Word366 Word562,Doc1
Word235,508798117,4906.98,Word639 Word991 Word1197,2018-02-01,Word571 Word52 Word639 Word610 Word579,NoDoc
Word42 Word43 Word5,8502,2375.0,Word1283 Word1284,2018-10-31,Word563 Word366 Word562,NoDoc
Word16 Word17 Word18 Word7,2213,982.8,Word338 Word779 Word258 Word26,2017-12-01,Word567 Word569 Word570,Doc1
Word22 Word451 Word452 Word7,45288,4460.02,Word1768,2018-02-01,Word563 Word366 Word562,NoDoc
Word106 Word107 Word7,84875-1,1025.42,Word949 Word791,2018-09-30,Word563 Word366 Word562,NoDoc
Word89 Word44 Word5,67177941,17160.0,Word608 Word644,2018-10-31,Word563 Word608 Word609,NoDoc
Word30 Word31,646970,42.0,Word826 Word780,2018-03-01,Word563 Word564 Word9 Word26,NoDoc
Word44 Word45 Word46,201805-00053-HZ0,2570126.23,Word834 Word835 Word46,2018-06-30,Word563 Word598 Word71,NoDoc
Word44 Word45 Word46,201811-00046,8799523.59,Word807 Word808 Word46,2018-12-31,Word560 Word561 Word551 Word4,Doc1
Word76 Word77 Word5,52030308,19975.0,Word846 Word791,2018-08-31,Word52 Word330 Word566,NoDoc
Word16 Word17 Word18 Word7,4136,1798.8,Word942 Word784 Word785,2018-03-01,Word563 Word564 Word9 Word26,NoDoc
Word30 Word31,657555,1062.5,Word797 Word190,2018-05-31,Word563 Word580 Word581 Word232,NoDoc
Word16 Word17 Word18 Word7,SY171,3018.6,Word1189 Word784 Word785,2018-05-31,Word563 Word564 Word9 Word26,NoDoc
Word272 Word29 Word5,41898,4000.0,Word130 Word791,2018-06-30,Word567 Word582 Word366 Word562,Doc1
Word44 Word45 Word46,201805-00053-UK0,2570126.23,Word834 Word835 Word46,2018-06-30,Word563 Word132 Word610,NoDoc
Word219 Word220 Word34 Word5,1023,24726.22,Word1058 Word835 Word619 Word991,2018-09-30,Word560 Word611 Word603 Word604 Word605 Word606,Doc1
Word33 Word34 Word35 Word7,108644-1137,11297.76,Word1369 Word1370 Word883 Word717 Word883 Word831,2018-08-31,Word563 Word366 Word56 Word4,NoDoc
Word140 Word3 Word34,20003,17297.0,Word846 Word791,2018-08-31,Word560 Word561 Word107,Doc1
Word19 Word20 Word21 Word22 Word23 Word5,15743,16.0,Word1191,2018-07-31,Word563 Word575,NoDoc
Word85 Word86 Word87 Word5 Word88 Word16 Word17 Word3 Word7,64802,210.0,Word944 Word945,2017-12-01,Word563 Word580 Word581 Word232,NoDoc
Word78 Word79 Word11 Word5,F051418-15,96.0,Word330 Word99 Word26,2018-06-30,Word563 Word564 Word9 Word26,NoDoc
Word16 Word17 Word18 Word7,OS1179,2520.0,Word785 Word330 Word99 Word764 Word26,2018-08-31,Word563 Word564 Word9 Word26,NoDoc
Word42 Word43 Word5,8387,950.0,Word1283 Word1284,2018-09-30,Word560 Word561 Word366 Word562,Doc1
Word96 Word3 Word4 Word5,65025,180.0,Word797 Word190,2018-02-01,Word563 Word564 Word9 Word26,NoDoc
Word320 Word321 Word4 Word5,FZ2982,62190.0,Word1576 Word65,2018-05-31,Word567 Word582 Word41 Word319,Doc1
Word85 Word86 Word87 Word5 Word88 Word16 Word17 Word3 Word7,65868,315.0,Word899 Word805 Word868 Word806,2018-03-01,Word563 Word580 Word581 Word232,NoDoc
Word19 Word20 Word21 Word22 Word23 Word5,16895,829.33,Word575 Word868,2018-08-31,Word563 Word575,NoDoc
Word16 Word17 Word18 Word7,WZ1607,3780.0,Word1465 Word784 Word785,2018-10-31,Word563 Word564 Word9 Word26,NoDoc
Word16 Word17 Word18 Word7,AY139,180.0,Word783 Word784 Word785,2018-05-31,Word563 Word564 Word9 Word26,NoDoc
Word30 Word31,647019,308.0,Word123 Word190,2018-03-01,Word563 Word132 Word610,NoDoc
Word505 Word506 Word128,LB0131912392,6124.0,Word1925 Word1926 Word1927 Word1928,2018-01-01,Word571 Word52 Word657 Word681 Word371 Word13,NoDoc
Word16 Word17 Word18 Word7,HB1039,900.0,Word330 Word99 Word764 Word26,2018-08-31,Word563 Word564 Word9 Word26,NoDoc
Word16 Word17 Word18 Word7,CG259,1260.0,Word785 Word764 Word26,2018-06-30,Word563 Word564 Word9 Word26,NoDoc
Word42 Word43 Word5,8101,2030.0,Word804 Word805 Word806 Word899 Word1172,2018-06-30,Word563 Word580 Word581 Word232,NoDoc
Word97 Word91 Word4 Word5,18-10133,720.0,Word797 Word190,2018-08-31,Word567 Word568 Word569 Word570,Doc1
Word16 Word17 Word18 Word7,4378,1237.2,Word885 Word784 Word785,2018-04-30,Word563 Word564 Word9 Word26,NoDoc
Word509 Word7,2255913,874.09,Word1955 Word1956 Word1957 Word1958 Word1959,2018-11-30,Word563 Word589 Word590,NoDoc
Word78 Word79 Word11 Word5,Z061418-07,1152.0,Word330 Word99 Word26,2018-07-31,Word563 Word564 Word9 Word26,NoDoc
Word16 Word17 Word18 Word7,6687,320.4,Word783 Word784 Word785,2018-05-31,Word563 Word564 Word9 Word26,NoDoc
Word16 Word17 Word18 Word7,GX138,540.0,Word255 Word791,2018-05-31,Word563 Word564 Word9 Word26,NoDoc
Word48 Word3 Word4 Word5,GP20181075,450.0,Word877 Word1604,2018-09-30,Word563 Word564 Word9 Word26,NoDoc
Word113 Word114 Word115 Word7,152673,4427.5,Word578 Word286 Word257 Word491,2018-11-30,Word560 Word561 Word612,Doc1
Word6 Word7,10400,470.0,Word26,2018-03-01,Word560 Word561 Word580 Word202 Word545,Doc1
Word16 Word17 Word18 Word7,3277,140.4,Word785 Word330 Word99 Word764 Word61,2018-02-01,Word563 Word564 Word9 Word26,NoDoc
Word30 Word31,672196,96.0,Word978 Word780,2018-08-31,Word567 Word568 Word569 Word570,Doc1
Word38 Word4 Word39,41516288,24500.0,Word1171 Word1107 Word794 Word659 Word1200,2018-09-30,Word563 Word121 Word579,NoDoc
Word16 Word17 Word18 Word7,4153,1080.0,Word1013 Word789 Word1551,2018-03-01,Word567 Word569 Word570,Doc1
Word96 Word3 Word4 Word5,57326,200.0,Word797 Word809 Word780,2017-12-01,Word567 Word568 Word569 Word570,Doc1
Word30 Word31,660915,48.0,Word826 Word780,2018-05-31,Word563 Word564 Word9 Word26,NoDoc
Word48 Word3 Word4 Word5,IM20183488,52.0,Word61,2018-10-31,Word563 Word564 Word9 Word26,NoDoc
Word38 Word4 Word39,41522131,3862.5,Word121 Word836,2018-09-30,Word563 Word121 Word579,NoDoc
Word44 Word45 Word46,201811-00046,8799523.59,Word807 Word808 Word46,2018-12-31,Word563 Word250,NoDoc
Word122 Word123 Word21 Word124 Word5,PHY21917,20160.0,Word935 Word780,2018-09-30,Word563 Word564 Word9 Word26,NoDoc
Word16 Word17 Word18 Word7,HK1038,1080.0,Word785 Word330 Word99 Word780,2018-08-31,Word563 Word564 Word9 Word26,NoDoc
Word44 Word45 Word46,201805-00053-TD0,2570126.23,Word834 Word835 Word46,2018-06-30,Word563 Word121 Word579,NoDoc
Word19 Word20 Word21 Word22 Word23 Word5,15956,1272.91,Word633 Word575,2018-07-31,Word563 Word575,NoDoc
Word16 Word17 Word18 Word7,4533,699.6,Word783 Word784 Word785,2018-04-01,Word563 Word564 Word9 Word26,NoDoc
Word16 Word17 Word3 Word7,70754,240.0,Word562,2018-06-30,Word563 Word366 Word562,NoDoc
Word96 Word3 Word4 Word5,87025,450.0,Word1498 Word825,2018-08-31,Word563 Word564 Word9 Word26,NoDoc
Word195 Word5,HP148709,1720.0,Word190 Word1005 Word980 Word45 Word980 Word981,2018-10-31,Word563 Word366 Word56 Word4,NoDoc
Word19 Word20 Word21 Word22 Word23 Word5,10845,291.42,Word575,2017-12-01,Word563 Word575,NoDoc
Word460 Word461 Word462,525,5125.0,Word60 Word462 Word45 Word871 Word1074 Word831 Word981,2018-02-01,Word571 Word52 Word657 Word457 Word13,NoDoc
Word16 Word17 Word18 Word7,PK596,2520.0,Word330 Word99 Word26,2018-07-31,Word563 Word564 Word9 Word26,NoDoc
Word24 Word22 Word4 Word5,22175,1040.0,Word1933 Word2009 Word650,2018-05-31,Word567 Word582 Word580 Word202 Word545,Doc1
Word16 Word17 Word18 Word7,2985,912.6,Word330 Word99 Word764 Word26,2018-02-01,Word563 Word564 Word9 Word26,NoDoc
Word265 Word52 Word266,EOIGJIQDB080818-TTACZO,1256.85,Word658 Word912 Word609,2018-08-31,Word571 Word52 Word594 Word621 Word165 Word622 Word623,NoDoc
Word16 Word17 Word18 Word7,4373,1352.0,Word2095 Word784 Word785,2018-04-30,Word563 Word564 Word9 Word26,NoDoc
Word153 Word154 Word109 Word155 Word31,060218YPRHZOXSASTXXFM,9574.15,Word1730,2018-07-31,Word563 Word564 Word9 Word26,NoDoc
Word78 Word79 Word11 Word5,U022818-16,48.0,Word330 Word99 Word26,2018-04-01,Word563 Word564 Word9 Word26,NoDoc
Word160 Word161 Word61 Word45 Word39,1174-3,1440.0,Word9 Word26,2018-12-31,Word560 Word561 Word366 Word562,Doc1
Word85 Word86 Word87 Word5 Word88 Word16 Word17 Word3 Word7,65791,909.3,Word562,2018-03-01,Word563 Word580 Word581 Word232,NoDoc
Word16 Word17 Word18 Word7,YE1195,3780.0,Word785 Word904 Word26,2018-09-30,Word563 Word564 Word9 Word26,NoDoc
Word16 Word17 Word18 Word7,5161,1162.8,Word1014 Word784 Word785,2018-05-31,Word563 Word564 Word9 Word26,NoDoc
Word16 Word17 Word18 Word7,1725,324.0,Word785 Word330 Word99 Word26,2017-12-01,Word563 Word564 Word9 Word26,NoDoc
Word16 Word17 Word18 Word7,2728,360.0,,2018-02-01,Word563 Word580 Word581 Word232,NoDoc
Word16 Word17 Word18 Word7,SB1730,900.0,Word330 Word99 Word26,2018-10-31,Word563 Word564 Word9 Word26,NoDoc
Word257 Word258 Word259 Word5,181017-13580,29400.0,Word1347 Word1110 Word1662,2018-11-30,Word567 Word582 Word580 Word202 Word545,Doc1
Word179 Word180 Word181 Word182,KGGSM080118,44473.31,Word330 Word1004 Word1005 Word980 Word45 Word981 Word808,2018-08-31,Word571 Word52 Word594 Word641,NoDoc
Word111 Word112 Word91 Word107 Word7,27112,11200.0,Word13 Word1062 Word871 Word1062 Word872,2018-11-30,Word567 Word582 Word107,Doc1
Word160 Word161 Word61 Word45 Word39,1174-3,1440.0,Word9 Word26,2018-12-31,Word560 Word561 Word366 Word562,Doc1
Word85 Word86 Word87 Word5 Word88 Word16 Word17 Word3 Word7,70150,420.0,Word1595 Word539 Word1582,2018-04-01,Word563 Word580 Word581 Word232,NoDoc
Word47 Word3 Word4 Word39,2018009893,3485.0,Word60 Word99 Word26,2018-06-30,Word563 Word564 Word9 Word26,NoDoc
Word16 Word17 Word18 Word7,2446,439.2,,2018-02-01,Word563 Word564 Word9 Word26,NoDoc
Word44 Word45 Word46,201811-00046,8799523.59,Word807 Word808 Word46,2018-12-31,Word567 Word582 Word250,Doc1
Word16 Word17 Word18 Word7,1816,108.0,Word783 Word784 Word785,2017-12-01,Word563 Word564 Word9 Word26,NoDoc
Word109 Word61 Word7,150,1415.0,Word1113 Word1676 Word258 Word59,2018-02-01,Word565 Word566,NoDoc
Word78 Word79 Word11 Word5,B081418-08,16806.8,Word330 Word99 Word26,2018-09-30,Word567 Word568 Word569 Word570,Doc1
Word14 Word15,YJJPRQVRSL072618,1898.83,Word613 Word781 Word782,2018-08-31,Word571 Word52 Word616 Word617 Word579,NoDoc
Word30 Word31,666730,96.0,Word26 Word935,2018-07-31,Word563 Word564 Word9 Word26,NoDoc
Word19 Word20 Word21 Word22 Word23 Word5,13238,620.0,Word915 Word916 Word575,2018-03-01,Word563 Word575,NoDoc
Word54 Word3 Word4,MSS67545,314.0,Word797 Word190 Word99 Word602,2018-08-31,Word563 Word564 Word9 Word26,NoDoc
Word19 Word20 Word21 Word22 Word23 Word5,16751,271.94,Word633 Word575,2018-08-31,Word563 Word575,NoDoc
Word40 Word41 Word4 Word5,1655,1295.5,Word802 Word278 Word1242 Word1468,2018-06-30,Word567 Word582 Word580 Word202 Word545,Doc1
Word356 Word13,Z3081,39388.0,Word13 Word794,2018-10-31,Word52 Word330 Word566,NoDoc
Word286 Word287 Word288 Word39,51418061143,4575.0,Word132 Word878 Word1323,2018-08-31,Word560 Word561 Word612,Doc1
Word347 Word10 Word5,8712,3150.0,Word681 Word1349,2018-05-31,Word571 Word52 Word657 Word457 Word13,NoDoc
Word42 Word43 Word5,8528,155.0,Word562 Word1327 Word809 Word1328,2018-11-30,Word563 Word366 Word562,NoDoc
Word85 Word86 Word87 Word5 Word88 Word16 Word17 Word3 Word7,64750,52.52,Word944 Word945,2017-12-01,Word563 Word580 Word581 Word232,NoDoc
Word116 Word117 Word118 Word119 Word7,150832,384.0,Word51 Word794 Word562 Word1160,2018-04-30,Word563 Word580 Word581 Word232,NoDoc
Word8 Word9 Word10 Word11 Word5,4.80O+11,195.0,Word61,2018-08-31,Word563 Word564 Word9 Word26,NoDoc
Word16 Word17 Word18 Word7,5171,972.0,Word992 Word784 Word785,2018-05-31,Word563 Word564 Word9 Word26,NoDoc
Word113 Word114 Word115 Word7,140970,340.0,Word578 Word791,2018-01-01,Word560 Word561 Word366 Word562,Doc1
Word41 Word125 Word34 Word5,131,3350.0,Word278 Word702 Word772,2018-01-01,Word567 Word582 Word580 Word202 Word545,Doc1
Word78 Word79 Word11 Word5,T021418-15,64.0,Word330 Word99 Word26,2018-03-01,Word563 Word564 Word9 Word26,NoDoc
Word16 Word17 Word18 Word7,4537,789.6,Word785 Word330 Word99 Word26,2018-04-30,Word563 Word564 Word9 Word26,NoDoc
Word42 Word43 Word5,7872,290.0,Word804 Word805 Word806,2018-04-01,Word563 Word580 Word581 Word232,NoDoc
Word16 Word17 Word18 Word7,3406,1068.0,Word992 Word784 Word785,2018-03-01,Word563 Word564 Word9 Word26,NoDoc
Word16 Word17 Word18 Word7,1508,127.4,Word1031 Word784 Word785,2018-03-01,Word563 Word564 Word9 Word26,NoDoc
Word73 Word4 Word5,6195,284.0,Word838 Word53,2018-10-31,Word563 Word589 Word590,NoDoc
Word38 Word4 Word39,41503944,3862.5,Word1171 Word1107 Word794 Word659 Word1295,2018-07-31,Word563 Word121 Word579,NoDoc
Word113 Word114 Word115 Word7,150923,3348.75,Word578 Word794,2018-09-30,Word560 Word561 Word366 Word562,Doc1
Word16 Word17 Word18 Word7,4739,1574.4,Word924 Word784 Word785,2018-05-31,Word567 Word568 Word569 Word570,Doc1
Word74 Word75 Word44 Word5,OIA00128,269111.58,Word840 Word841 Word842 Word843,2016-10-01,Word563 Word600 Word601 Word602,NoDoc
Word109 Word61 Word7,127,1641.6,Word689 Word780 Word9,2017-12-01,Word563 Word564 Word9 Word26,NoDoc
Word16 Word17 Word18 Word7,3951,1510.0,Word1089 Word784 Word785,2018-03-01,Word567 Word568 Word569 Word570,Doc1
Word116 Word117 Word118 Word119 Word7,149305,452.1,Word51 Word794,2018-04-01,Word563 Word580 Word581 Word232,NoDoc
Word30 Word31,679828,48.0,Word61,2018-11-30,Word563 Word564 Word9 Word26,NoDoc
Word16 Word17 Word18 Word7,1960,117.0,Word564 Word9 Word26,2017-12-01,Word563 Word564 Word9 Word26,NoDoc
Word108 Word109 Word45 Word5,1167,67228.5,Word1338 Word1339 Word785,2018-09-30,Word563 Word564 Word9 Word26,NoDoc
Word221 Word222 Word128,11614,2194.0,Word744 Word1052,2018-09-30,Word647 Word648 Word649,NoDoc
Word235,ERD100518ZFZST,235966.33,Word639 Word684 Word1319 Word1320,2018-10-31,Word571 Word52 Word733 Word734 Word85 Word613,NoDoc
Word16 Word17 Word18 Word7,4631,1641.6,Word787 Word784 Word785,2018-05-31,Word567 Word568 Word569 Word570,Doc1
Word30 Word31,681321,630.0,Word123 Word190,2018-10-31,Word563 Word564 Word9 Word26,NoDoc
Word85 Word86 Word87 Word5 Word88 Word16 Word17 Word3 Word7,64986,105.0,Word851 Word855 Word654,2017-12-01,Word563 Word580 Word581 Word232,NoDoc
Word108 Word109 Word45 Word5,1169,57646.5,Word869 Word870 Word785,2018-11-30,Word563 Word564 Word9 Word26,NoDoc
Word116 Word117 Word118 Word119 Word7,147388,576.0,Word51 Word794 Word562,2018-04-01,Word563 Word580 Word581 Word232,NoDoc
Word16 Word17 Word18 Word7,3316,601.2,Word785 Word330 Word99 Word61,2018-03-01,Word563 Word564 Word9 Word26,NoDoc
Word38 Word4 Word39,41477043,9935.52,Word1021 Word1022 Word794,2018-03-01,Word563 Word121 Word579,NoDoc
Word85 Word86 Word87 Word5 Word88 Word16 Word17 Word3 Word7,65967,420.0,Word1120 Word1450 Word1072,2018-03-01,Word563 Word580 Word581 Word232,NoDoc
Word16 Word17 Word18 Word7,4479,410.4,Word783 Word784 Word785,2018-06-30,Word567 Word568 Word569 Word570,Doc1
Word285 Word353 Word44 Word5,217157,920.0,Word681 Word1363,2018-03-01,Word571 Word52 Word636 Word707 Word613,NoDoc
Word78 Word79 Word11 Word5,A031418-16,192.0,Word330 Word99 Word764 Word780,2018-04-01,Word563 Word564 Word9 Word26,NoDoc
Word122 Word123 Word21 Word124 Word5,DEZ19619,360.0,Word61,2018-06-30,Word563 Word564 Word9 Word26,NoDoc
Word16 Word17 Word18 Word7,5064,1489.2,Word330 Word99 Word764 Word26,2018-04-30,Word567 Word568 Word569 Word570,Doc1
Word50 Word51 Word4 Word5,1624,170.0,Word797 Word190,2018-11-30,Word567 Word582 Word366 Word562,Doc1
Word16 Word17 Word18 Word7,QP1900,180.0,Word783 Word894 Word764 Word26,2018-10-31,Word563 Word564 Word9 Word26,NoDoc
Word522 Word47 Word22 Word23 Word119,12118950,1819.0,Word633 Word575,2018-12-31,Word52 Word330 Word566,NoDoc
Word193 Word311 Word214 Word4 Word7,6210096080,1094.8,Word26,2018-03-01,Word563 Word564 Word9 Word26,NoDoc
Word223 Word60 Word65 Word4 Word7,3266,3525.5,Word827 Word791,2018-06-30,Word52 Word330 Word566,NoDoc
Word59 Word60 Word61 Word5,1016,1741.5,Word924 Word826 Word1500 Word978,2018-06-30,Word563 Word564 Word9 Word26,NoDoc
Word44 Word45 Word46,201811-00046,8799523.59,Word807 Word808 Word46,2018-12-31,Word563 Word575,NoDoc
Word179 Word180 Word181 Word182,HTTTE080118-IIFZ,44473.31,Word979 Word836 Word980 Word45 Word981 Word808,2018-08-31,Word571 Word52 Word594 Word641,NoDoc
Word8 Word9 Word10 Word11 Word5,4.80L+11,15533.75,Word1502 Word784 Word568 Word650,2018-05-31,Word563 Word564 Word9 Word26,NoDoc
Word16 Word17 Word18 Word7,2168,421.2,Word959 Word784 Word785,2018-01-01,Word563 Word564 Word9 Word26,NoDoc
Word16 Word17 Word3 Word7,70522,315.0,Word800 Word805 Word810,2018-05-31,Word563 Word366 Word562,NoDoc
Word8 Word9 Word10 Word11 Word5,4.80O+11,35.0,Word1063 Word784 Word785,2018-09-30,Word563 Word564 Word9 Word26,NoDoc
Word156 Word157 Word7,1573512,1085.94,Word633 Word575,2017-12-01,Word563 Word575,NoDoc
Word89 Word44 Word5,66801268,5293.2,Word608 Word613,2018-06-30,Word563 Word608 Word609,NoDoc
Word320 Word321 Word4 Word5,9558,91055.0,Word1757 Word805 Word1758 Word1759,2018-01-01,Word567 Word582 Word41 Word319,Doc1
Word40 Word41 Word4 Word5,1863,4500.0,Word802 Word1237 Word888,2018-07-31,Word567 Word582 Word366 Word562,Doc1
Word316 Word317 Word65 Word5,84688,15116.5,Word1247 Word1205 Word1248 Word1017,2018-08-31,Word576 Word689 Word295 Word690 Word691,Doc3
Word106 Word107 Word7,83025-3,2845.0,Word777 Word699 Word717 Word699 Word808,2018-05-31,Word563 Word366 Word562,NoDoc
Word160 Word161 Word61 Word45 Word39,1053-4,390.0,Word826 Word780,2018-08-31,Word563 Word564 Word9 Word26,NoDoc
Word90 Word91 Word92 Word7,107495,4405.0,Word204 Word1003 Word888,2018-01-01,Word567 Word582 Word583 Word584 Word585 Word586,Doc1
Word74 Word75 Word44 Word5,GEC00128,269111.58,Word840 Word841 Word842 Word843,2016-10-01,Word563 Word600 Word601 Word602,NoDoc
Word144 Word145 Word146 Word147 Word7,125455,660.0,Word1555 Word699 Word1895,2018-05-31,Word563 Word366 Word562,NoDoc
Word391 Word9 Word369,1024,19300.08,Word689 Word125,2018-05-31,Word563 Word564 Word9 Word26,NoDoc
Word16 Word17 Word18 Word7,CM1715,5040.0,Word785 Word904 Word26,2018-10-31,Word563 Word564 Word9 Word26,NoDoc
Word111 Word112 Word91 Word107 Word7,27008,9940.0,Word1185 Word791,2018-02-01,Word567 Word582 Word107,Doc1
Word16 Word17 Word18 Word7,3372,1281.6,Word787 Word784 Word785,2018-04-01,Word563 Word564 Word9 Word26,NoDoc
Word241 Word242 Word243 Word143 Word39,121517-17,2235.6,Word949 Word991,2018-01-01,Word571 Word52 Word618 Word619 Word13,NoDoc
Word42 Word43 Word5,8098,1900.0,Word1283 Word1284 Word338 Word878,2018-07-31,Word560 Word611 Word612,Doc1
Word19 Word20 Word21 Word22 Word23 Word5,16841,979.15,Word575,2018-08-31,Word563 Word575,NoDoc
Word464 Word22 Word4 Word7,1186572,142000.0,Word702 Word1331 Word791,2018-05-31,Word565 Word566,NoDoc
Word16 Word17 Word18 Word7,NN2133,900.0,Word785 Word959 Word784 Word165 Word948,2018-11-30,Word563 Word564 Word9 Word26,NoDoc
Word24 Word22 Word4 Word5,23293,595.0,Word975 Word976,2018-11-30,Word563 Word132 Word610,NoDoc
Word90 Word91 Word92 Word7,106948,10010.0,Word204 Word1003 Word888,2018-01-01,Word567 Word582 Word580 Word202 Word545,Doc1
Word208 Word209 Word155 Word7,V39420,512.5,Word612,2018-01-01,Word560 Word561 Word612,Doc1
Word73 Word4 Word5,5493,425.0,Word615 Word53,2018-10-31,Word563 Word366 Word562,NoDoc
Word8 Word9 Word10 Word11 Word5,4.80S+11,65.0,Word330 Word99 Word26,2018-10-31,Word563 Word564 Word9 Word26,NoDoc
Word160 Word161 Word61 Word45 Word39,768-2,58.5,Word60 Word99 Word26,2018-01-01,Word563 Word564 Word9 Word26,NoDoc
Word254 Word255 Word5,3028,36720.0,Word562,2018-05-31,Word567 Word650 Word9 Word255,Doc1
Word106 Word107 Word7,82585-16,30595.49,Word118 Word991,2018-09-30,Word576 Word51 Word676,Doc3
Word324 Word4,18-594,33348.72,Word700 Word980 Word160 Word883 Word695 Word1522 Word154 Word700 Word1523,2018-01-01,Word567 Word568 Word98 Word578 Word65,Doc1
Word30 Word31,674216,810.0,Word123 Word190,2018-09-30,Word563 Word366 Word562,NoDoc
Word8 Word9 Word10 Word11 Word5,4.80U+11,130.0,Word61,2018-07-31,Word563 Word564 Word9 Word26,NoDoc
Word44 Word45 Word46,201805-00053-YB0,2570126.23,Word834 Word835 Word46,2018-06-30,Word563 Word589 Word590,NoDoc
Word16 Word17 Word18 Word7,2167,280.8,Word885 Word784 Word785,2018-01-01,Word563 Word564 Word9 Word26,NoDoc
Word8 Word9 Word10 Word11 Word5,4.80V+11,161.25,,2018-01-01,Word563 Word564 Word9 Word26,NoDoc
Word16 Word17 Word18 Word7,2855,140.4,Word783 Word784 Word785,2018-01-01,Word563 Word564 Word9 Word26,NoDoc
Word16 Word17 Word18 Word7,5157,640.8,Word885 Word784 Word785,2018-04-30,Word567 Word568 Word569 Word570,Doc1
Word16 Word17 Word18 Word7,4469,1093.2,Word885 Word784 Word785,2018-04-01,Word563 Word564 Word9 Word26,NoDoc
Word16 Word17 Word18 Word7,3278,753.6,Word785 Word330 Word99 Word764 Word61,2018-02-01,Word563 Word564 Word9 Word26,NoDoc
Word16 Word17 Word18 Word7,RZ1151,2520.0,Word884 Word784 Word785,2018-09-30,Word563 Word564 Word9 Word26,NoDoc
Word241 Word242 Word243 Word143 Word39,2X18UDRBQWW-YSUJLRGZIQ,7500.0,Word1128 Word1129 Word745,2018-10-31,Word571 Word52 Word657 Word658 Word165 Word599 Word659,NoDoc
Word58 Word3 Word4 Word5,12969,575.0,Word711 Word278,2018-05-31,Word563 Word366 Word562,NoDoc
Word328 Word329 Word330 Word331 Word331 Word193,740684,4465.5,Word619 Word791,2018-02-01,Word563 Word619,NoDoc
Word62 Word63 Word18 Word7,214603V,600.0,Word338 Word826,2018-05-31,Word563 Word564 Word9 Word26,NoDoc
Word215 Word3 Word4 Word39,92734392,10617.5,Word1024 Word1025,2018-07-31,Word567 Word582 Word760 Word761,Doc1
Word48 Word3 Word4 Word5,NJ20173205,222.0,Word1584 Word784 Word785,2018-08-31,Word563 Word564 Word9 Word26,NoDoc
Word40 Word41 Word4 Word5,1511,1900.0,Word802 Word278 Word803,2018-05-31,Word567 Word568 Word580 Word202 Word545,Doc1
Word8 Word9 Word10 Word11 Word5,4.80G+11,600.0,Word61,2018-06-30,Word563 Word564 Word9 Word26,NoDoc
Word16 Word17 Word18 Word7,1674,702.0,Word564 Word9 Word26,2017-12-01,Word563 Word564 Word9 Word26,NoDoc
Word33 Word34 Word35 Word7,108644-834,6304.48,Word895 Word940,2018-05-31,Word563 Word366 Word56 Word4,NoDoc
Word16 Word17 Word18 Word7,YQ1761,180.0,Word941 Word785,2018-10-31,Word563 Word564 Word9 Word26,NoDoc
Word19 Word20 Word21 Word22 Word23 Word5,16751,271.94,Word633 Word575,2018-08-31,Word563 Word575,NoDoc
Word162 Word7,BMM28OXH18,11200.0,Word13 Word794,2018-11-30,Word52 Word330 Word566,NoDoc
Word85 Word86 Word87 Word5 Word88 Word16 Word17 Word3 Word7,64876,105.0,Word854 Word855 Word654,2017-12-01,Word563 Word580 Word581 Word232,NoDoc
Word38 Word4 Word39,41467623,3500.0,Word1021 Word1131 Word659,2017-12-01,Word563 Word121 Word579,NoDoc
Word8 Word9 Word10 Word11 Word5,4.80Y+11,60.0,Word61,2018-08-31,Word563 Word564 Word9 Word26,NoDoc
Word122 Word123 Word21 Word124 Word5,ZRV19592,360.0,Word605 Word1051,2018-06-30,Word563 Word564 Word9 Word26,NoDoc
Word89 Word44 Word5,67233113,1430.0,Word644 Word608,2018-11-30,Word563 Word608 Word609,NoDoc
Word16 Word17 Word18 Word7,JS2063,1080.0,Word800 Word816 Word338 Word577,2018-11-30,Word563 Word366 Word562,NoDoc
Word16 Word17 Word18 Word7,PH1729,5040.0,Word1744 Word764 Word26,2018-10-31,Word563 Word564 Word9 Word26,NoDoc
Word16 Word17 Word18 Word7,2282,648.0,Word330 Word99 Word764 Word780,2018-02-01,Word563 Word564 Word9 Word26,NoDoc
Word16 Word17 Word18 Word7,FU1292,2520.0,Word783 Word784 Word785,2018-09-30,Word563 Word564 Word9 Word26,NoDoc
Word16 Word17 Word18 Word7,3764,1608.0,Word992 Word784 Word785,2018-04-01,Word563 Word564 Word9 Word26,NoDoc
Word8 Word9 Word10 Word11 Word5,4.80L+11,56.25,Word1209 Word785,2018-11-30,Word563 Word564 Word9 Word26,NoDoc
Word16 Word17 Word18 Word7,3950,140.4,Word783 Word784 Word785,2018-03-01,Word563 Word564 Word9 Word26,NoDoc
Word40 Word41 Word4 Word5,1841,2195.0,Word802 Word278 Word1242 Word803,2018-07-31,Word567 Word582 Word366 Word562,Doc1
Word16 Word17 Word18 Word7,4628,225.0,Word877 Word201,2018-04-30,Word563 Word580 Word581 Word232,NoDoc
Word16 Word17 Word18 Word7,HC104,63090.0,Word190 Word965,2018-05-31,Word563 Word564 Word9 Word26,NoDoc
Word16 Word17 Word18 Word7,AL1288,1260.0,Word1023 Word784 Word785,2018-09-30,Word563 Word564 Word9 Word26,NoDoc
Word8 Word9 Word10 Word11 Word5,4.80U+11,60.0,Word783 Word784 Word568 Word650,2018-10-31,Word563 Word564 Word9 Word26,NoDoc
Word16 Word17 Word18 Word7,2467,349.2,Word785 Word330 Word99 Word764 Word61,2018-02-01,Word563 Word564 Word9 Word26,NoDoc
Word41 Word125 Word34 Word5,101,2529.0,Word1237 Word802 Word857,2018-01-01,Word567 Word582 Word580 Word202 Word545,Doc1
Word16 Word17 Word18 Word7,II116,135.0,Word255 Word791,2018-05-31,Word563 Word564 Word9 Word26,NoDoc
Word55 Word56 Word57 Word5,58917,13702.11,Word278 Word822 Word593,2018-08-31,Word52 Word330 Word566,NoDoc
Word96 Word3 Word4 Word5,63540,1800.0,,2018-02-01,Word563 Word132 Word610,NoDoc
Word74 Word75 Word44 Word5,GJM00128,-269111.58,Word840 Word841 Word842 Word843,2018-03-01,Word563 Word600 Word601 Word602,NoDoc
Word186 Word4 Word5,11488,55500.0,Word580 Word315 Word794,2018-10-31,Word52 Word330 Word566,NoDoc
Word38 Word4 Word39,20412470,9240.0,Word703 Word659,2018-02-01,Word563 Word121 Word579,NoDoc
Word16 Word17 Word18 Word7,UP491,200.0,Word785 Word948 Word764 Word26,2018-06-30,Word563 Word564 Word9 Word26,NoDoc
Word24 Word22 Word4 Word5,23112,255.0,Word562,2018-11-30,Word563 Word564 Word9 Word26,NoDoc
Word8 Word9 Word10 Word11 Word5,4.80H+11,223.6,Word955 Word784 Word568 Word650,2018-03-01,Word563 Word564 Word9 Word26,NoDoc
Word16 Word17 Word18 Word7,4859,1450.8,Word959 Word784 Word785,2018-04-30,Word563 Word564 Word9 Word26,NoDoc
Word19 Word20 Word21 Word22 Word23 Word5,20043,330.0,Word575,2018-11-30,Word563 Word575,NoDoc
Word8 Word9 Word10 Word11 Word5,4.80X+11,600.0,Word783 Word784 Word577,2018-06-30,Word563 Word564 Word9 Word26,NoDoc
Word16 Word17 Word18 Word7,1993,561.6,Word924 Word784 Word785,2017-12-01,Word567 Word568 Word569 Word570,Doc1
Word58 Word3 Word4 Word5,13106,1130.0,Word562 Word833,2018-08-31,Word563 Word366 Word562,NoDoc
Word135 Word136 Word7,3767644,2024.57,Word1570 Word643,2018-08-31,Word576 Word202 Word545,NoDoc
Word16 Word17 Word18 Word7,2643,484.2,,2018-02-01,Word567 Word568 Word569 Word570,Doc1
Word33 Word34 Word35 Word7,108644-1220,4141.02,Word562,2018-09-30,Word563 Word366 Word56 Word4,NoDoc
Word24 Word22 Word4 Word5,22704,1020.0,Word562 Word780,2018-07-31,Word563 Word564 Word9 Word26,NoDoc
Word16 Word17 Word18 Word7,4915,921.6,Word924 Word784 Word785,2018-04-30,Word563 Word564 Word9 Word26,NoDoc
Word44 Word45 Word46,201811-00046,8799523.59,Word807 Word808 Word46,2018-12-31,Word563 Word629 Word581 Word232,NoDoc
Word96 Word3 Word4 Word5,75511,900.0,Word797 Word190,2018-07-31,Word563 Word564 Word9 Word26,NoDoc
Word16 Word17 Word18 Word7,VA652,2520.0,Word787 Word784 Word785,2018-07-31,Word563 Word564 Word9 Word26,NoDoc
Word42 Word43 Word5,7874,580.0,Word804 Word805 Word806,2018-04-01,Word563 Word580 Word581 Word232,NoDoc
Word148 Word75 Word5,YLA30537,7775.0,Word1980 Word908,2018-10-31,Word701 Word99 Word614 Word730,Doc2
Word311 Word99 Word393 Word44,R1896463,4420.0,Word1484 Word202,2018-10-31,Word563 Word121 Word579,NoDoc
Word19 Word20 Word21 Word22 Word23 Word5,19019,1558.54,Word575,2018-10-31,Word563 Word575,NoDoc
Word113 Word114 Word115 Word7,146733,340.0,Word578 Word991,2018-05-31,Word560 Word561 Word612,Doc1
Word256 Word4 Word5,952,15000.0,Word777 Word699 Word911 Word695 Word45 Word160 Word808,2018-05-31,Word567 Word582 Word107,Doc1
Word16 Word17 Word3 Word7,71352,162.02,Word1000 Word1001,2018-11-30,Word563 Word366 Word562,NoDoc
Word16 Word17 Word18 Word7,3746,320.4,Word783 Word784 Word785,2018-05-31,Word563 Word564 Word9 Word26,NoDoc
Word195 Word5,XF143100,5454.4,Word1486 Word562,2018-07-31,Word563 Word366 Word56 Word4,NoDoc
Word8 Word9 Word10 Word11 Word5,4.80L+11,600.0,Word9 Word1183 Word642,2018-08-31,Word563 Word564 Word9 Word26,NoDoc
Word80 Word3 Word4,J134795,72853.87,Word569 Word338 Word636,2018-09-30,Word567 Word568 Word569 Word570,Doc1
Word16 Word17 Word18 Word7,1957,117.0,Word1031 Word784 Word568 Word650,2017-12-01,Word563 Word564 Word9 Word26,NoDoc
Word141 Word142 Word143 Word39,YULHMHCYU-080818MTQPWR,12433.46,Word658 Word912 Word609,2018-08-31,Word571 Word52 Word594 Word621 Word165 Word622 Word623,NoDoc
Word160 Word161 Word61 Word45 Word39,781-1,325.0,Word60 Word99 Word26,2018-02-01,Word563 Word564 Word9 Word26,NoDoc
Word59 Word60 Word61 Word5,1229,0.55,Word1459,2018-10-31,Word563 Word564 Word9 Word26,NoDoc
Word42 Word43 Word5,8490,870.0,Word562,2018-10-31,Word563 Word580 Word581 Word232,NoDoc
Word42 Word43 Word5,7771,1015.0,Word804 Word805 Word806,2018-03-01,Word563 Word580 Word581 Word232,NoDoc
Word16 Word17 Word18 Word7,2381,140.4,Word783 Word784 Word785,2018-01-01,Word563 Word564 Word9 Word26,NoDoc
Word116 Word117 Word118 Word119 Word7,151095,690.75,Word51 Word794 Word2023 Word2024,2018-04-30,Word563 Word580 Word581 Word232,NoDoc
Word113 Word114 Word115 Word7,152443,17076.25,Word578 Word794,2018-10-31,Word52 Word330 Word566,NoDoc
Word187 Word188,OHW112018,59401.33,Word613 Word781 Word967 Word986 Word808,2018-11-30,Word571 Word52 Word572 Word573 Word574,NoDoc
Word296 Word91 Word34 Word5,18306,3100.0,Word1143 Word991,2018-11-30,Word567 Word582 Word107,Doc1
Word16 Word17 Word18 Word7,2123,912.6,,2018-01-01,Word563 Word564 Word9 Word26,NoDoc
Word33 Word34 Word35 Word7,108644-428,10603.8,Word107,2017-12-01,Word567 Word568 Word107,Doc1
Word193 Word311 Word214 Word4 Word7,6210103838,650.0,Word305 Word1241 Word1193,2018-03-01,Word563 Word132 Word610,NoDoc
Word240 Word276 Word3 Word4 Word5,5212,950.0,Word833 Word99 Word602,2018-05-31,Word563 Word580 Word581 Word232,NoDoc
Word16 Word17 Word18 Word7,RC1940,300.0,Word785 Word783 Word784,2018-11-30,Word563 Word564 Word9 Word26,NoDoc
Word30 Word31,640445,2034.5,Word826 Word780,2018-01-01,Word563 Word564 Word9 Word26,NoDoc
Word186 Word4 Word5,10075,47500.0,Word580 Word1260 Word791,2018-07-31,Word52 Word330 Word566,NoDoc
Word44 Word45 Word46,201811-00046,8799523.59,Word807 Word808 Word46,2018-12-31,Word563 Word575,NoDoc
Word386 Word3 Word387 Word4 Word5,3.42R+12,28864.21,Word699 Word882 Word695 Word778,2018-06-30,Word563 Word598 Word71,NoDoc
Word30 Word31,665705,7501.25,Word797 Word190,2018-07-31,Word560 Word611 Word603 Word604 Word605 Word606,Doc1
Word113 Word114 Word115 Word7,149836,855.0,Word578 Word985,2018-09-30,Word560 Word561 Word612,Doc1
Word299 Word237 Word7,31638,48719.0,Word949 Word991 Word700 Word1074 Word865 Word699 Word808,2018-03-01,Word571 Word52 Word657 Word646 Word13,NoDoc
Word19 Word20 Word21 Word22 Word23 Word5,16832,104.16,Word1503,2018-08-31,Word563 Word575,NoDoc
Word16 Word17 Word18 Word7,YT991,360.0,Word61,2018-08-31,Word563 Word564 Word9 Word26,NoDoc
Word162 Word7,GOL03WAG18,11200.0,Word582 Word1093 Word791,2018-06-30,Word567 Word582 Word107,Doc1
Word459 Word181,53019806,37825.35,Word681 Word1791 Word1792 Word1793 Word980,2018-02-01,Word571 Word52 Word636 Word707 Word613,NoDoc
Word311 Word99 Word393 Word44,Q1873272,4415.0,Word121 Word791,2018-07-31,Word563 Word121 Word579,NoDoc
Word33 Word34 Word35 Word7,108644-931,9254.04,Word100 Word1224 Word699 Word980 Word699 Word986,2018-06-30,Word563 Word615 Word211,NoDoc
Word109 Word61 Word7,270,3967.4,Word689 Word780,2018-08-31,Word563 Word564 Word9 Word26,NoDoc
Word24 Word22 Word4 Word5,22566,2922.5,Word1256 Word9 Word26,2018-06-30,Word567 Word582 Word366 Word562,Doc1
Word16 Word17 Word18 Word7,FR799,720.0,Word1100 Word1072,2018-08-31,Word563 Word366 Word562,NoDoc
Word284,8075,1155.0,Word900 Word805 Word806,2018-06-30,Word563 Word580 Word581 Word232,NoDoc
Word8 Word9 Word10 Word11 Word5,4.80Y+11,107.5,Word1452 Word784 Word568 Word650,2018-02-01,Word563 Word564 Word9 Word26,NoDoc
Word16 Word17 Word18 Word7,3253,303.6,,2018-02-01,Word563 Word564 Word9 Word26,NoDoc
Word30 Word31,650967,1274.0,Word330 Word99 Word764 Word61,2018-04-01,Word563 Word564 Word9 Word26,NoDoc
Word308 Word309 Word310,2018WBWSRPADBNSIUQ,2760671.27,Word835 Word682 Word683 Word684,2018-10-31,Word563 Word682 Word683 Word684,NoDoc
Word8 Word9 Word10 Word11 Word5,4.80L+11,30.1,Word1063 Word784 Word978,2018-06-30,Word563 Word564 Word9 Word26,NoDoc
Word8 Word170 Word10 Word5,490-7948-013,930.0,Word9 Word878 Word642,2018-07-31,Word563 Word564 Word9 Word26,NoDoc
Word16 Word17 Word18 Word7,AN1607,3780.0,Word1465 Word784 Word785,2018-10-31,Word563 Word564 Word9 Word26,NoDoc
Word38 Word4 Word39,41487364,3862.5,Word792 Word1173 Word985 Word659,2018-03-01,Word563 Word121 Word579,NoDoc
Word113 Word114 Word115 Word7,144863,570.0,Word578 Word791,2018-04-30,Word567 Word582 Word366 Word562,Doc1
Word6 Word7,10721,3070.0,Word1257 Word123 Word190,2018-08-31,Word563 Word580 Word581 Word232,NoDoc
Word116 Word117 Word118 Word119 Word7,150489,770.0,Word51 Word985 Word562,2018-09-30,Word563 Word366 Word562,NoDoc
Word76 Word77 Word5,52028266,29174.0,Word13,2018-05-31,Word560 Word561 Word107,Doc1
Word96 Word3 Word4 Word5,77457,250.0,Word305 Word132 Word190,2018-06-30,Word563 Word608 Word609,NoDoc
Word96 Word3 Word4 Word5,60236,800.0,Word800 Word799,2018-01-01,Word563 Word564 Word9 Word26,NoDoc
Word16 Word17 Word18 Word7,3446,140.4,Word783 Word784 Word785,2018-03-01,Word563 Word564 Word9 Word26,NoDoc
Word433 Word434 Word39,TU8073-AR,15017.5,Word1672 Word1673,2018-04-01,Word571 Word52 Word657 Word681 Word371 Word13,NoDoc
Word16 Word17 Word18 Word7,4929,1096.2,Word959 Word784 Word785,2018-05-31,Word563 Word564 Word9 Word26,NoDoc
Word78 Word79 Word11 Word5,L123117-19,148.0,Word1252 Word784 Word568 Word650,2018-03-01,Word563 Word564 Word9 Word26,NoDoc
Word156 Word157 Word7,1574576,502.68,Word930 Word771 Word931 Word932,2017-12-01,Word563 Word580 Word581 Word232,NoDoc
Word16 Word17 Word18 Word7,6833,453.6,Word800 Word1897,2018-05-31,Word563 Word564 Word9 Word26,NoDoc
Word16 Word17 Word18 Word7,BZ519,2800.0,Word785 Word948 Word764 Word26,2018-06-30,Word563 Word564 Word9 Word26,NoDoc
Word6 Word7,10477,1035.0,Word511 Word490,2018-05-31,Word560 Word611 Word603 Word604 Word605 Word606,Doc1
Word44 Word45 Word46,201806-00045,2829197.98,Word845 Word835 Word46,2018-07-31,Word560 Word561 Word315 Word577 Word642 Word644,Doc1
Word22 Word451 Word452 Word7,45689,2917.2,Word1768 Word562,2018-05-31,Word563 Word366 Word562,NoDoc
Word96 Word3 Word4 Word5,88674,630.0,Word797 Word190,2018-08-31,Word563 Word132 Word610,NoDoc
Word187 Word330 Word357,OBPDNPHPPYPA102417,1063.05,Word1373 Word1374 Word763,2017-10-01,Word610 Word579,NoDoc
Word16 Word17 Word3 Word7,70977,1045.0,Word800 Word954 Word1080,2018-07-31,Word563 Word366 Word562,NoDoc
Word160 Word161 Word61 Word45 Word39,843-2,336.0,,2018-02-01,Word563 Word564 Word9 Word26,NoDoc
Word42 Word43 Word5,7974,3000.0,Word1120 Word1210 Word1862 Word650 Word179,2018-05-31,Word563 Word580 Word581 Word232,NoDoc
Word76 Word77 Word5,52033134,25915.0,Word13 Word791,2018-12-31,Word52 Word330 Word566,NoDoc
Word16 Word17 Word18 Word7,4931,365.4,Word783 Word784 Word785,2018-05-31,Word563 Word564 Word9 Word26,NoDoc
Word166 Word5,1480,935.0,Word1209 Word785,2018-11-30,Word563 Word564 Word9 Word26,NoDoc
Word30 Word31,682789,1267.0,Word61,2018-10-31,Word563 Word564 Word9 Word26,NoDoc
Word6 Word7,10586,600.0,Word1181 Word1060 Word1182,2018-08-31,Word560 Word611 Word603 Word604 Word605 Word606,Doc1
Word16 Word17 Word18 Word7,2959,1281.6,Word785 Word61,2018-02-01,Word563 Word564 Word9 Word26,NoDoc
Word38 Word4 Word39,41466916,4100.0,Word1021 Word1131 Word659,2017-12-01,Word563 Word121 Word579,NoDoc
Word8 Word9 Word10 Word11 Word5,4.80S+11,2184.4,Word61,2018-03-01,Word563 Word564 Word9 Word26,NoDoc
Word137 Word138 Word7,XOTS4422,1680.0,Word1383 Word835 Word905 Word794,2018-01-01,Word563 Word359,NoDoc
Word6 Word7,10410,1955.0,Word709 Word2114,2018-05-31,Word560 Word611 Word603 Word604 Word605 Word606,Doc1
Word70 Word47 Word71 Word72 Word7,287399,12935.72,Word699 Word830 Word695 Word831 Word808,2018-06-30,Word563 Word598 Word71,NoDoc
Word134 Word61 Word45 Word39,756-1,165.0,Word1053 Word779 Word258 Word764 Word26,2018-01-01,Word563 Word564 Word9 Word26,NoDoc
Word19 Word20 Word21 Word22 Word23 Word5,20267,1008.84,Word575 Word1325 Word1213,2018-11-30,Word563 Word575,NoDoc
Word144 Word542,IOMXZTIST091318,1502.16,Word613 Word781 Word2037,2018-09-30,Word571 Word52 Word616 Word617 Word579,NoDoc
Word19 Word20 Word21 Word22 Word23 Word5,11598,486.98,Word575,2018-02-01,Word563 Word575,NoDoc
Word16 Word17 Word18 Word7,2899,1202.4,Word787 Word784 Word785,2018-02-01,Word563 Word564 Word9 Word26,NoDoc
Word85 Word86 Word87 Word5 Word88 Word16 Word17 Word3 Word7,65928,105.0,Word876 Word1941 Word1054,2018-03-01,Word563 Word580 Word581 Word232,NoDoc
Word42 Word43 Word5,8391,1750.0,Word804 Word805 Word806,2018-09-30,Word563 Word580 Word581 Word232,NoDoc
Word131 Word132 Word133 Word5,T21803002,61581.81,Word1583 Word835 Word61 Word1046,2018-06-30,Word563 Word564 Word9 Word26,NoDoc
Word85 Word86 Word87 Word5 Word88 Word16 Word17 Word3 Word7,64777,52.52,Word1258 Word945,2017-12-01,Word563 Word580 Word581 Word232,NoDoc
Word16 Word17 Word18 Word7,OO706,3780.0,Word1228 Word784 Word785,2018-07-31,Word563 Word564 Word9 Word26,NoDoc
Word80 Word3 Word4,A156837,43369.0,Word802 Word1032 Word592,2018-10-31,Word567 Word568 Word569 Word295,Doc1
Word179 Word180 Word181 Word182,NWLMQ080118-YUU,-44473.31,Word979 Word836 Word980 Word45 Word981 Word808,2018-08-31,Word563 Word575,NoDoc
Word16 Word17 Word18 Word7,YV1456,1260.0,Word330 Word99 Word26,2018-09-30,Word563 Word564 Word9 Word26,NoDoc
Word16 Word17 Word18 Word7,BA1039,900.0,Word330 Word99 Word764 Word26,2018-08-31,Word563 Word564 Word9 Word26,NoDoc
Word85 Word86 Word87 Word5 Word88 Word16 Word17 Word3 Word7,60134Z,420.0,Word562,2018-04-01,Word563 Word580 Word581 Word232,NoDoc
Word85 Word86 Word87 Word5 Word88 Word16 Word17 Word3 Word7,64765,105.0,Word944 Word945,2017-12-01,Word563 Word580 Word581 Word232,NoDoc
Word90 Word91 Word92 Word7,108542.1,-10450.0,Word1242 Word1642 Word1643,2018-04-01,Word567 Word582 Word580 Word202 Word545,Doc1
Word137 Word138 Word7,BBAY6819,1680.0,Word905 Word791,2018-11-30,Word563 Word359,NoDoc
Word8 Word9 Word10 Word11 Word5,4.80W+11,130.0,Word61,2018-09-30,Word563 Word564 Word9 Word26,NoDoc
Word16 Word17 Word18 Word7,CH653,1400.0,Word785 Word330 Word99 Word26,2018-07-31,Word563 Word564 Word9 Word26,NoDoc
Word160 Word161 Word61 Word45 Word39,1053-1,130.0,Word61,2018-08-31,Word563 Word564 Word9 Word26,NoDoc
Word58 Word3 Word4 Word5,13380,270.0,Word876 Word1146 Word1147,2018-10-31,Word567 Word582 Word366 Word562,Doc1
Word106 Word107 Word7,82985-2,14220.0,Word777 Word865 Word45 Word865 Word866,2018-04-30,Word563 Word366 Word562,NoDoc
Word228 Word10 Word5,10714,207.5,Word53 Word1067,2018-10-31,Word563 Word366 Word562,NoDoc
Word254 Word255 Word5,3096,96402.0,Word1603 Word278 Word1626 Word1627 Word1628,2018-11-30,Word560 Word611 Word366 Word562,Doc1
Word6 Word7,10310,720.0,Word711 Word1157 Word789 Word605,2018-02-01,Word560 Word611 Word603 Word604 Word605 Word606,Doc1
Word16 Word17 Word18 Word7,3578,925.6,Word955 Word784 Word785,2018-03-01,Word563 Word564 Word9 Word26,NoDoc
Word33 Word34 Word35 Word7,108644-445,5112.9,Word1708 Word2022 Word1062 Word872 Word967 Word865,2017-12-01,Word567 Word568 Word107,Doc1
Word160 Word161 Word61 Word45 Word39,1185-6,65.0,Word61,2018-10-31,Word563 Word564 Word9 Word26,NoDoc
Word221 Word222 Word128,11558,3970.0,Word744 Word1052 Word746,2018-08-31,Word52 Word330 Word566,NoDoc
Word16 Word17 Word18 Word7,5059,1419.6,Word783 Word784 Word785,2018-04-01,Word563 Word564 Word9 Word26,NoDoc
Word16 Word17 Word18 Word7,BK1464,1260.0,Word901 Word343,2018-09-30,Word563 Word564 Word9 Word26,NoDoc
Word59 Word60 Word61 Word5,837,58.5,Word60 Word99 Word26,2018-03-01,Word563 Word564 Word9 Word26,NoDoc
Word96 Word3 Word4 Word5,71281,1530.0,Word1053 Word287 Word764 Word780,2018-04-01,Word563 Word132 Word610,NoDoc
Word229 Word230 Word231 Word232 Word4 Word5,127,5340.0,Word1661 Word808 Word1069 Word1737,2018-10-31,Word571 Word52 Word231 Word75 Word613,NoDoc
Word139 Word3 Word4 Word7,15718,5486.25,Word204 Word1870,2018-04-30,Word563 Word366 Word562,NoDoc
Word96 Word3 Word4 Word5,63352,360.0,Word797 Word809 Word764 Word780,2018-02-01,Word563 Word366 Word562,NoDoc
Word116 Word117 Word118 Word119 Word7,156710,576.0,Word998 Word132 Word999,2018-11-30,Word563 Word121 Word579,NoDoc
Word16 Word17 Word18 Word7,4712,1059.6,Word783 Word784 Word785,2018-04-30,Word563 Word564 Word9 Word26,NoDoc
Word260 Word65 Word7,571090,711.5,Word827 Word791,2018-03-01,Word576 Word689 Word295 Word690 Word691,Doc3
Word33 Word34 Word35 Word7,108644-1130,4043.61,Word562,2018-07-31,Word563 Word366 Word56 Word4,NoDoc
Word254 Word255 Word5,3030,48000.0,Word773 Word774,2018-05-31,Word563 Word580 Word581 Word232,NoDoc
Word286 Word287 Word288 Word39,51218042734,1100.0,Word1695 Word26,2018-06-30,Word560 Word561 Word612,Doc1
Word85 Word86 Word87 Word5 Word88 Word16 Word17 Word3 Word7,65465,945.0,Word876 Word1540 Word1541,2018-02-01,Word563 Word580 Word581 Word232,NoDoc
Word8 Word9 Word10 Word11 Word5,4.80E+11,111.8,Word330 Word99 Word26,2018-01-01,Word563 Word564 Word9 Word26,NoDoc
Word85 Word86 Word87 Word5 Word88 Word16 Word17 Word3 Word7,64798,52.52,Word944 Word945,2017-12-01,Word563 Word580 Word581 Word232,NoDoc
Word272 Word29 Word5,48602,10000.0,Word130 Word791,2018-12-31,Word560 Word561 Word593 Word578 Word65,Doc1
Word156 Word157 Word7,1574652,180.02,Word633 Word575,2017-12-01,Word563 Word575,NoDoc
Word113 Word114 Word115 Word7,147197,750.0,Word578 Word991,2018-06-30,Word560 Word561 Word612,Doc1
Word33 Word34 Word35 Word7,108644-1144,33872.29,Word562 Word1038,2018-08-31,Word563 Word366 Word56 Word4,NoDoc
Word16 Word17 Word3 Word7,71891,1080.0,Word1249 Word1250 Word679,2018-09-30,Word563 Word366 Word562,NoDoc
Word78 Word79 Word11 Word5,O071418-08,192.0,Word826 Word780,2018-08-31,Word567 Word568 Word569 Word570,Doc1
Word33 Word34 Word35 Word7,108644-513,4690.0,Word193 Word506 Word967 Word808 Word967 Word882,2018-01-01,Word563 Word366 Word56 Word4,NoDoc
Word257 Word258 Word259 Word5,171226-11461,23400.0,Word1347 Word856,2018-02-01,Word567 Word582 Word580 Word202 Word545,Doc1
Word85 Word86 Word87 Word5 Word88 Word16 Word17 Word3 Word7,65120,445.0,Word562,2017-12-01,Word563 Word580 Word581 Word232,NoDoc
Word16 Word17 Word18 Word7,EL106,180.0,Word1498 Word9,2018-05-31,Word563 Word580 Word581 Word232,NoDoc
Word96 Word3 Word4 Word5,87023,180.0,Word797 Word809 Word1270 Word1271,2018-08-31,Word563 Word564 Word9 Word26,NoDoc
Word19 Word20 Word21 Word22 Word23 Word5,15945,149.99,Word633 Word575,2018-07-31,Word563 Word575,NoDoc
Word6 Word7,10585,600.0,Word1181 Word1060 Word1182,2018-08-31,Word560 Word611 Word603 Word604 Word605 Word606,Doc1
Word19 Word20 Word21 Word22 Word23 Word5,13812,667.55,Word1559 Word1560 Word1561 Word1288 Word60,2018-05-31,Word563 Word575,NoDoc
Word78 Word79 Word11 Word5,U101418-13,48.0,Word61,2018-11-30,Word563 Word564 Word9 Word26,NoDoc
Word16 Word17 Word18 Word7,5071,996.3,Word60 Word99 Word26,2018-05-31,Word563 Word564 Word9 Word26,NoDoc
Word116 Word117 Word118 Word119 Word7,155116,384.0,Word562,2018-10-31,Word563 Word580 Word581 Word232,NoDoc
Word8 Word9 Word10 Word11 Word5,4.80L+11,51.6,Word1028,2018-06-30,Word563 Word564 Word9 Word26,NoDoc
Word189 Word190 Word191 Word7,2349329,648.0,Word1239 Word1240,2018-06-30,Word567 Word582 Word366 Word562,Doc1
Word36 Word37 Word29,2135148,527.46,Word130,2018-03-01,Word560 Word561 Word551 Word4,Doc1
Word85 Word86 Word87 Word5 Word88 Word16 Word17 Word3 Word7,70264,1050.0,Word562,2018-04-30,Word563 Word366 Word562,NoDoc
Word38 Word4 Word39,41530347,22000.0,Word121 Word1062 Word45 Word1062 Word981,2018-11-30,Word563 Word121 Word579,NoDoc
Word219 Word220 Word34 Word5,1020,29131.55,Word846 Word991 Word699 Word700 Word911 Word808,2018-05-31,Word560 Word611 Word603 Word604 Word605 Word606,Doc1
Word16 Word17 Word18 Word7,IV1837,1260.0,Word338 Word1215 Word764 Word26,2018-10-31,Word563 Word564 Word9 Word26,NoDoc
Word62 Word63 Word18 Word7,213531J,720.0,Word255 Word132,2018-04-01,Word563 Word132 Word610,NoDoc
Word16 Word17 Word3 Word7,71871,1580.0,Word798 Word816,2018-09-30,Word563 Word366 Word562,NoDoc
Word16 Word17 Word3 Word7,71306,1962.0,Word832 Word190 Word833,2018-10-31,Word563 Word366 Word562,NoDoc
Word111 Word112 Word91 Word107 Word7,27005,6755.0,Word777 Word700 Word865 Word700 Word695,2018-02-01,Word567 Word582 Word107,Doc1
Word137 Word138 Word7,ERPW5269,1680.0,Word834 Word835 Word905 Word791,2018-06-30,Word563 Word359,NoDoc
Word113 Word114 Word115 Word7,151540,5550.0,Word875 Word99 Word895,2018-09-30,Word563 Word580 Word581 Word232,NoDoc
Word16 Word17 Word18 Word7,4690,810.0,Word961 Word132 Word962 Word9 Word201,2018-05-31,Word563 Word132 Word610,NoDoc
Word42 Word43 Word5,7611,725.0,Word804 Word805 Word806,2018-03-01,Word565 Word566,NoDoc
Word54 Word3 Word4,FZQ52533,144.0,Word797 Word190 Word99 Word602,2018-02-01,Word563 Word580 Word581 Word232,NoDoc
Word324 Word4,18-2210,32924.77,Word716 Word865 Word160 Word1509 Word695 Word1276 Word154 Word865 Word1510,2018-02-01,Word565 Word566,NoDoc
Word33 Word34 Word35 Word7,108644-997,7093.56,Word258 Word474 Word699 Word1463 Word695 Word699,2018-06-30,Word563 Word366 Word562,NoDoc
Word44 Word45 Word46,201806-00045,2829197.98,Word845 Word835 Word46,2018-07-31,Word560 Word561 Word593 Word578 Word65,Doc1
Word16 Word17 Word18 Word7,2181,280.8,Word885 Word784 Word785,2017-12-01,Word563 Word564 Word9 Word26,NoDoc
Word16 Word17 Word18 Word7,6755,140.4,Word783 Word784 Word785,2018-05-31,Word563 Word564 Word9 Word26,NoDoc
Word16 Word17 Word18 Word7,3229,1293.0,,2018-02-01,Word563 Word564 Word9 Word26,NoDoc
Word177 Word178 Word147 Word7,260PTH,1934.0,Word338 Word1566 Word1567,2018-08-31,Word576 Word705 Word706,Doc3
Word74 Word75 Word44 Word5,RYP00128,269111.58,Word840 Word841 Word842 Word843,2016-10-01,Word563 Word600 Word601 Word602,NoDoc
Word16 Word17 Word3 Word7,71747,432.0,Word820 Word865 Word699 Word191,2018-09-30,Word563 Word580 Word581 Word232,NoDoc
Word402 Word547,VPLJP091918,477.2,Word613 Word781 Word2069,2018-09-30,Word571 Word52 Word594 Word696,NoDoc
Word16 Word17 Word3 Word7,71679,360.0,Word1326 Word605,2018-08-31,Word563 Word366 Word562,NoDoc
Word33 Word34 Word35 Word7,108644-1130,4043.61,Word562,2018-07-31,Word563 Word366 Word56 Word4,NoDoc
Word73 Word4 Word5,2911,9371.0,Word653 Word53,2018-07-31,Word576 Word589 Word653 Word654 Word591,Doc3
Word8 Word9 Word10 Word11 Word5,4.80C+11,309.6,Word60 Word99 Word780,2018-05-31,Word563 Word564 Word9 Word26,NoDoc
Word109 Word61 Word7,319,1154.2,Word689 Word26 Word9,2018-10-31,Word563 Word564 Word9 Word26,NoDoc
Word16 Word17 Word18 Word7,XL444,1134.0,Word1014 Word784 Word785,2018-07-31,Word567 Word568 Word569 Word570,Doc1
Word281 Word282 Word283 Word4 Word5,36801NFE,4719.0,Word562 Word592,2018-07-31,Word671 Word672 Word673 Word545,Doc1
Word223 Word60 Word65 Word4 Word7,3974,1025.0,Word65 Word1823,2018-12-31,Word52 Word330 Word566,NoDoc
Word16 Word17 Word18 Word7,4954,789.6,Word783 Word784 Word785,2018-04-01,Word563 Word564 Word9 Word26,NoDoc
Word74 Word75 Word44 Word5,AJD00128,-269111.58,Word840 Word841 Word842 Word843,2018-03-01,Word563 Word600 Word601 Word602,NoDoc
Word48 Word3 Word4 Word5,MM20180651,382.0,Word569,2018-07-31,Word563 Word564 Word9 Word26,NoDoc
Word54 Word3 Word4,VZS68939,990.0,Word826 Word785,2018-09-30,Word567 Word568 Word569 Word570,Doc1
Word40 Word41 Word4 Word5,2259,2800.0,Word802 Word278,2018-09-30,Word567 Word582 Word366 Word562,Doc1
Word85 Word86 Word87 Word5 Word88 Word16 Word17 Word3 Word7,65066,1050.0,Word1698 Word789 Word1699,2018-01-01,Word563 Word580 Word581 Word232,NoDoc
Word38 Word4 Word39,41440518,3750.0,Word1173 Word857 Word794 Word1045 Word830,2017-12-01,Word563 Word121 Word579,NoDoc
Word263 Word264 Word61 Word5,JX-2388,978.75,Word599 Word191 Word9,2018-03-01,Word563 Word564 Word9 Word26,NoDoc
Word378 Word147 Word5,7710,9200.0,Word1438 Word1439,2018-01-01,Word563 Word580 Word581 Word232,NoDoc
Word8 Word9 Word10 Word11 Word5,4.80L+11,60.0,Word330 Word99 Word26,2018-09-30,Word563 Word564 Word9 Word26,NoDoc
Word151 Word152 Word22 Word13 Word7,G51729,13200.0,Word569 Word214 Word802 Word1062 Word872,2018-11-30,Word567 Word582 Word366 Word562,Doc1
Word16 Word17 Word18 Word7,2459,1263.6,,2018-01-01,Word563 Word564 Word9 Word26,NoDoc
Word8 Word9 Word10 Word11 Word5,4.80W+11,162.5,Word61,2018-10-31,Word563 Word564 Word9 Word26,NoDoc
Word30 Word31,649991,340.0,Word123 Word190,2018-03-01,Word563 Word564 Word9 Word26,NoDoc
Word493 Word22 Word4 Word5,80894,1060.0,Word1053 Word330 Word99 Word764 Word26,2018-01-01,Word567 Word568 Word569 Word570,Doc1
Word186 Word4 Word5,9899,55500.0,Word580 Word1260 Word791,2018-07-31,Word560 Word561 Word315 Word638,Doc1
Word122 Word123 Word21 Word124 Word5,BLR20879,2720.0,Word60 Word99 Word764 Word780,2018-08-31,Word563 Word564 Word9 Word26,NoDoc
Word286 Word287 Word288 Word39,51418061042,8526.0,Word132 Word1183 Word1323,2018-07-31,Word560 Word561 Word612,Doc1
Word16 Word17 Word18 Word7,4872,320.4,Word783 Word784 Word785,2018-05-31,Word563 Word564 Word9 Word26,NoDoc
Word42 Word43 Word5,8472,630.0,Word562,2018-10-31,Word563 Word580 Word581 Word232,NoDoc
Word235,CHLBREYAPHPF:101918QAMPQIL,1648.84,Word1988 Word1077 Word1320,2018-10-31,Word571 Word52 Word639 Word579,NoDoc
Word299 Word237 Word7,31455,44892.89,Word949 Word991 Word909 Word967 Word830 Word830,2017-12-01,Word571 Word52 Word657 Word646 Word13,NoDoc
Word16 Word17 Word18 Word7,4300,1237.2,Word885 Word784 Word785,2018-04-01,Word563 Word564 Word9 Word26,NoDoc
Word55 Word56 Word57 Word5,48211,25597.21,Word278 Word822 Word593,2018-04-01,Word560 Word561 Word716 Word717 Word718,Doc1
Word78 Word79 Word11 Word5,U033118-15,48.0,Word26 Word745,2018-05-31,Word563 Word564 Word9 Word26,NoDoc
Word16 Word17 Word18 Word7,3983,679.2,Word885 Word784 Word785,2018-04-30,Word563 Word564 Word9 Word26,NoDoc
Word44 Word45 Word46,201805-00053-KX0,2570126.23,Word834 Word835 Word46,2018-06-30,Word288 Word626 Word627,NoDoc
Word187 Word188,ONV112018,59401.33,Word613 Word781 Word967 Word986 Word808,2018-11-30,Word571 Word52 Word572 Word573 Word574,NoDoc
Word16 Word17 Word18 Word7,XC1779,900.0,Word61,2018-10-31,Word563 Word564 Word9 Word26,NoDoc
Word79 Word275 Word5,1276,5400.0,Word1148 Word791,2018-07-31,Word560 Word561 Word666 Word584 Word667 Word668,Doc1
Word256 Word4 Word5,975,11800.0,Word13 Word967 Word842 Word967 Word717,2018-11-30,Word567 Word582 Word107,Doc1
Word216 Word91 Word75 Word44,8671,34951.3,Word1037 Word1038 Word727 Word1039,2017-04-01,Word563 Word600 Word601 Word602,NoDoc
Word144 Word145 Word146 Word147 Word7,126126,990.0,Word516 Word913 Word1090,2018-06-30,Word576 Word366 Word562,Doc3
Word299 Word237 Word7,31621,49691.49,Word949 Word991 Word700 Word910 Word847 Word808,2018-03-01,Word571 Word52 Word657 Word292 Word13,NoDoc
Word48 Word3 Word4 Word5,KJ20182912,1600.0,Word569 Word877,2018-09-30,Word567 Word568 Word569 Word570,Doc1
Word16 Word17 Word3 Word7,72056,216.0,Word994 Word1196 Word1811 Word1812,2018-11-30,Word563 Word366 Word562,NoDoc
Word96 Word3 Word4 Word5,78995,225.0,Word1498 Word825 Word539 Word936,2018-06-30,Word563 Word366 Word562,NoDoc
Word286 Word287 Word288 Word39,51418061132,12717.5,Word132 Word1183 Word1323,2018-08-31,Word560 Word561 Word612,Doc1
Word8 Word9 Word10 Word11 Word5,4.80V+11,55.9,Word1031 Word784 Word568 Word650,2018-05-31,Word563 Word564 Word9 Word26,NoDoc
Word16 Word17 Word18 Word7,SV327,360.0,Word330 Word99 Word764 Word780,2018-06-30,Word563 Word564 Word9 Word26,NoDoc
Word33 Word34 Word35 Word7,108644-1319,8023.2,Word562 Word895 Word940,2018-10-31,Word563 Word366 Word56 Word4,NoDoc
Word116 Word117 Word118 Word119 Word7,150953,437.43,Word51 Word794 Word562,2018-06-30,Word563 Word580 Word581 Word232,NoDoc
Word76 Word77 Word5,52032832,27529.0,Word13 Word967 Word1806 Word967 Word716,2018-11-30,Word52 Word330 Word566,NoDoc
Word19 Word20 Word21 Word22 Word23 Word5,15948,617.62,Word868 Word575,2018-07-31,Word563 Word575,NoDoc
Word81 Word82 Word5,138585,849.4,Word643 Word82,2018-04-01,Word563 Word82 Word9 Word607,NoDoc
Word106 Word107 Word7,84005-2,3200.0,Word969 Word791,2018-08-31,Word563 Word366 Word562,NoDoc
Word162 Word7,ZGQV08OYB18,13449.0,Word1659 Word943 Word60,2018-04-30,Word567 Word582 Word107,Doc1
Word349 Word3 Word4 Word350 Word351 Word333,88345,3840.0,Word1593 Word351,2018-08-31,Word52 Word330 Word566,NoDoc
Word16 Word17 Word18 Word7,2909,140.4,,2018-01-01,Word563 Word564 Word9 Word26,NoDoc
Word167 Word168 Word169,NWJCSO062718,103200.0,Word677 Word539 Word700 Word376 Word958,2018-07-31,Word52 Word330 Word566,NoDoc
Word16 Word17 Word18 Word7,RI1589,1080.0,Word1490 Word439 Word604,2018-11-30,Word560 Word611 Word366 Word562,Doc1
Word376 Word377 Word44,100057950,1950.0,Word846 Word791,2018-03-01,Word567 Word582 Word107,Doc1
Word80 Word3 Word4,C135742,10760.0,Word703 Word1556,2018-11-30,Word563 Word545 Word202 Word753 Word125,NoDoc
Word19 Word20 Word21 Word22 Word23 Word5,17009,58.18,Word575,2018-08-31,Word563 Word575,NoDoc
Word30 Word31,672991,312.0,Word826 Word780,2018-08-31,Word563 Word564 Word9 Word26,NoDoc
Word137 Word138 Word7,DFEE5269,1680.0,Word834 Word835 Word905 Word791,2018-06-30,Word563 Word359,NoDoc
Word179 Word180 Word181 Word182,GYCZD080118,44473.31,Word330 Word1004 Word1005 Word980 Word45 Word981 Word808,2018-08-31,Word571 Word52 Word594 Word696,NoDoc
Word16 Word17 Word18 Word7,3504,854.4,,2018-02-01,Word563 Word564 Word9 Word26,NoDoc
Word16 Word17 Word18 Word7,2899,1202.4,Word787 Word784 Word785,2018-02-01,Word563 Word564 Word9 Word26,NoDoc
Word6 Word7,10736,2557.5,Word1932,2018-08-31,Word563 Word366 Word562,NoDoc
Word8 Word9 Word10 Word11 Word5,4.80F+11,258.0,Word330 Word99 Word764 Word780,2018-06-30,Word563 Word564 Word9 Word26,NoDoc
Word24 Word22 Word4 Word5,22264,370.0,Word1053 Word1012,2018-05-31,Word567 Word580 Word202 Word545,Doc1
Word30 Word31,654103,666.0,Word826 Word780,2018-04-01,Word563 Word564 Word9 Word26,NoDoc
Word16 Word17 Word18 Word7,3569,108.0,Word783 Word784 Word785,2018-03-01,Word563 Word564 Word9 Word26,NoDoc
Word16 Word17 Word18 Word7,LS1639,180.0,Word783 Word258 Word785 Word764 Word26,2018-10-31,Word563 Word564 Word9 Word26,NoDoc
Word16 Word17 Word18 Word7,2356,702.0,,2018-01-01,Word563 Word564 Word9 Word26,NoDoc
Word240 Word276 Word3 Word4 Word5,5248,1976.0,Word1178 Word773 Word774,2018-05-31,Word563 Word580 Word581 Word232,NoDoc
Word44 Word45 Word46,201805-00053-DA0,2570126.23,Word834 Word835 Word46,2018-06-30,Word671 Word561 Word699 Word695 Word45 Word700 Word593,Doc1
Word367 Word368 Word369,OSKM180105085,480.0,Word1398 Word791,2018-05-31,Word563 Word174,NoDoc
Word30 Word31,657533,448.0,Word935 Word26,2018-05-31,Word563 Word564 Word9 Word26,NoDoc
Word195 Word5,CC141487,5309.6,Word100 Word2038 Word699 Word1074 Word695 Word700,2018-06-30,Word563 Word366 Word56 Word4,NoDoc
Word19 Word20 Word21 Word22 Word23 Word5,17790,111.14,Word633 Word575,2018-09-30,Word563 Word575,NoDoc
Word89 Word44 Word5,66801268,5293.2,Word608 Word613,2018-06-30,Word563 Word608 Word609,NoDoc
Word16 Word17 Word18 Word7,PS915,1080.0,Word61,2018-08-31,Word563 Word564 Word9 Word26,NoDoc
Word40 Word41 Word4 Word5,1794,4150.0,Word802 Word278 Word1242 Word803,2018-08-31,Word567 Word582 Word366 Word562,Doc1
Word113 Word114 Word115 Word7,152443,17076.25,Word578 Word794,2018-10-31,Word52 Word330 Word566,NoDoc
Word162 Word7,ZSC25QPR18,3500.0,Word777 Word699 Word882 Word699 Word847,2018-05-31,Word567 Word582 Word107,Doc1
Word179 Word180 Word181 Word182,JDMHP080118-GJZ,-44473.31,Word979 Word836 Word980 Word45 Word981 Word808,2018-08-31,Word563 Word575,NoDoc
Word16 Word17 Word18 Word7,MP106,180.0,Word1498 Word9,2018-05-31,Word563 Word580 Word581 Word232,NoDoc
Word30 Word31,672182,240.0,Word826 Word780,2018-08-31,Word563 Word564 Word9 Word26,NoDoc
Word80 Word3 Word4,I127664,14520.0,Word592 Word856,2018-08-31,Word567 Word568 Word569 Word570,Doc1
Word74 Word75 Word44 Word5,IEA00128,-269111.58,Word840 Word841 Word842 Word843,2018-03-01,Word563 Word600 Word601 Word602,NoDoc
Word16 Word17 Word18 Word7,SG1190,1260.0,Word787 Word784 Word785,2018-09-30,Word563 Word564 Word9 Word26,NoDoc
Word199 Word200 Word201 Word202 Word7,IUB-0021716,660.0,Word1007 Word894 Word757 Word201,2018-03-01,Word563 Word580 Word581 Word232,NoDoc
Word33 Word34 Word35 Word7,108644-1421,3228.18,Word602 Word258 Word1442 Word562,2018-11-30,Word563 Word366 Word56 Word4,NoDoc
Word74 Word75 Word44 Word5,WNQ00128,269111.58,Word840 Word841 Word842 Word843,2016-10-01,Word563 Word600 Word601 Word602,NoDoc
Word16 Word17 Word18 Word7,4366,1239.6,Word783 Word784 Word785,2018-04-01,Word563 Word564 Word9 Word26,NoDoc
Word33 Word34 Word35 Word7,108644-1041,3925.13,Word562,2018-07-31,Word563 Word366 Word56 Word4,NoDoc
Word30 Word31,658845,2210.0,Word123 Word190,2018-05-31,Word560 Word611 Word603 Word604 Word605 Word606,Doc1
Word85 Word86 Word87 Word5 Word88 Word16 Word17 Word3 Word7,64627,840.0,Word1331 Word592 Word764 Word1375,2017-12-01,Word563 Word580 Word581 Word232,NoDoc
Word16 Word17 Word18 Word7,3640,842.4,Word787 Word784 Word785,2018-03-01,Word563 Word564 Word9 Word26,NoDoc
Word151 Word152 Word22 Word13 Word7,K51081,12000.0,Word1117 Word1118 Word214 Word802,2018-08-31,Word567 Word582 Word366 Word562,Doc1
Word19 Word20 Word21 Word22 Word23 Word5,12083,381.8,,2018-02-01,Word563 Word575,NoDoc
Word167 Word168 Word169,BKMWQM050418W,9205.5,Word9 Word1059 Word1061 Word835,2018-05-31,Word563 Word580 Word581 Word232,NoDoc
Word30 Word31,672969,48.0,Word826 Word780,2018-08-31,Word563 Word564 Word9 Word26,NoDoc
Word8 Word9 Word10 Word11 Word5,4.80J+11,1260.0,Word1497 Word784 Word26,2018-10-31,Word563 Word564 Word9 Word26,NoDoc
Word16 Word17 Word18 Word7,PP1192,2520.0,Word1189 Word784 Word785,2018-09-30,Word563 Word564 Word9 Word26,NoDoc
Word16 Word17 Word18 Word7,DT1195,3780.0,Word785 Word904 Word26,2018-09-30,Word563 Word564 Word9 Word26,NoDoc
Word134 Word61 Word45 Word39,SQC2018BEKMZPOJ,43904.25,Word689 Word780,2018-04-30,Word563 Word564 Word9 Word26,NoDoc
Word16 Word17 Word18 Word7,2117,833.4,,2018-01-01,Word563 Word564 Word9 Word26,NoDoc
Word308 Word309 Word371 Word372,2015 CR YSJVEGJ,0.0,Word1417 Word682 Word683 Word371,2016-10-01,Word563 Word682 Word683 Word684,NoDoc
Word16 Word17 Word18 Word7,3502,1068.0,Word785 Word330 Word99 Word764 Word61,2018-02-01,Word563 Word564 Word9 Word26,NoDoc
Word116 Word117 Word118 Word119 Word7,149783,598.73,Word51 Word794,2018-04-01,Word563 Word580 Word581 Word232,NoDoc
Word73 Word4 Word5,1804022,8411.0,Word653 Word53,2018-06-30,Word563 Word366 Word562,NoDoc
Word16 Word17 Word18 Word7,3350,725.4,Word577 Word785 Word1072 Word798,2018-04-01,Word563 Word564 Word9 Word26,NoDoc
Word140 Word3 Word34,10076,17703.0,Word846 Word791 Word909 Word1074 Word45 Word694,2018-01-01,Word560 Word561 Word107,Doc1
Word16 Word17 Word18 Word7,DG1275,27180.0,Word826 Word785,2018-10-31,Word567 Word568 Word569 Word570,Doc1
Word179 Word180 Word181 Word182,YMIIB09282018,48705.93,Word979 Word836 Word694 Word45 Word911 Word808,2018-10-31,Word563 Word575,NoDoc
Word16 Word17 Word3 Word7,70965,360.0,Word820 Word821 Word815,2018-06-30,Word563 Word366 Word562,NoDoc
Word139 Word3 Word4 Word7,16219,3573.47,Word1371 Word1353 Word1372 Word1204,2018-11-30,Word563 Word589 Word590,NoDoc
Word85 Word86 Word87 Word5 Word88 Word16 Word17 Word3 Word7,65352,420.0,Word1799 Word1436 Word191,2018-02-01,Word563 Word580 Word581 Word232,NoDoc
Word16 Word17 Word18 Word7,FH959,720.0,Word338 Word904,2018-08-31,Word563 Word564 Word9 Word26,NoDoc
Word16 Word17 Word18 Word7,KE1295,2520.0,Word61,2018-09-30,Word563 Word564 Word9 Word26,NoDoc
Word62 Word63 Word18 Word7,211359N,520.0,Word338 Word61,2017-12-01,Word563 Word564 Word9 Word26,NoDoc
Word85 Word86 Word87 Word5 Word88 Word16 Word17 Word3 Word7,65967,420.0,Word1120 Word1450 Word1072,2018-03-01,Word563 Word580 Word581 Word232,NoDoc
Word16 Word17 Word18 Word7,3029,871.2,,2018-02-01,Word563 Word564 Word9 Word26,NoDoc
Word44 Word45 Word46,201811-00046,8799523.59,Word807 Word808 Word46,2018-12-31,Word563 Word676,NoDoc
Word74 Word75 Word44 Word5,OJR00128,269111.58,Word840 Word841 Word842 Word843,2016-10-01,Word563 Word600 Word601 Word602,NoDoc
Word24 Word22 Word4 Word5,21530,2606.25,Word26,2018-03-01,Word567 Word568 Word569 Word570,Doc1
Word16 Word17 Word18 Word7,WE1243,135.0,Word783 Word784 Word785,2018-09-30,Word563 Word564 Word9 Word26,NoDoc
Word42 Word43 Word5,8116,797.5,Word1120 Word806,2018-06-30,Word563 Word580 Word581 Word232,NoDoc
Word288 Word26 Word340,L472018011000117,274.45,Word60 Word99 Word780,2018-02-01,Word563 Word564 Word9 Word26,NoDoc
Word16 Word17 Word3 Word7,72094,216.0,Word1178 Word902 Word1422,2018-11-30,Word563 Word366 Word562,NoDoc
Word74 Word75 Word44 Word5,FGC00128,-269111.58,Word840 Word841 Word842 Word843,2018-03-01,Word563 Word600 Word601 Word602,NoDoc
Word405 Word406,11031954,3284.0,Word1944 Word1945 Word1946,2018-02-01,Word728 Word729 Word250 Word646,NoDoc
Word251 Word252,KEGEVNIOV012318,1565.01,Word613 Word781 Word1101,2018-01-01,Word652 Word641,NoDoc
Word426 Word427 Word71 Word72 Word7,20707-072018,481.88,Word883 Word986 Word980 Word986,2018-08-31,Word563 Word598 Word71,NoDoc
Word85 Word86 Word87 Word5 Word88 Word16 Word17 Word3 Word7,65657,52.52,Word851 Word855 Word654,2018-02-01,Word563 Word580 Word581 Word232,NoDoc
Word162 Word7,XDZB13XKB18,11750.0,Word582 Word943,2018-05-31,Word567 Word582 Word107,Doc1
Word285 Word204 Word103 Word7,2018-2232,56000.0,Word397 Word1161 Word103,2018-11-30,Word567 Word582 Word583 Word584 Word585 Word586,Doc1
Word179 Word180 Word181 Word182,YHBUX080118-YBP,-44473.31,Word979 Word836 Word980 Word45 Word981 Word808,2018-08-31,Word571 Word52 Word646 Word633 Word579,NoDoc
Word80 Word3 Word4,L139841,25400.0,Word592 Word856 Word562,2018-09-30,Word563 Word366 Word562,NoDoc
Word166 Word5,1556,1275.0,Word961 Word132,2018-11-30,Word563 Word132 Word610,NoDoc
Word19 Word20 Word21 Word22 Word23 Word5,16099,218.92,Word633 Word575,2018-07-31,Word563 Word575,NoDoc
Word8 Word9 Word10 Word11 Word5,4.80S+11,51.6,Word783 Word784 Word929,2018-02-01,Word563 Word564 Word9 Word26,NoDoc
Word85 Word86 Word87 Word5 Word88 Word16 Word17 Word3 Word7,65107,262.52,Word1973 Word84 Word1527 Word1551,2018-01-01,Word563 Word580 Word581 Word232,NoDoc
Word16 Word17 Word18 Word7,YB1016,1260.0,Word255,2018-08-31,Word563 Word564 Word9 Word26,NoDoc
Word16 Word17 Word18 Word7,2095,1170.0,Word255 Word9,2018-03-01,Word567 Word568 Word569 Word570,Doc1
Word16 Word17 Word18 Word7,GE477,2800.0,Word338 Word330 Word99 Word26,2018-06-30,Word563 Word564 Word9 Word26,NoDoc
Word24 Word22 Word4 Word5,23111,255.0,Word562,2018-11-30,Word563 Word564 Word9 Word26,NoDoc
Word44 Word45 Word46,201806-00045,2829197.98,Word845 Word835 Word46,2018-07-31,Word563 Word587,NoDoc
Word42 Word43 Word5,8101,2030.0,Word804 Word805 Word806 Word899 Word1172,2018-06-30,Word563 Word580 Word581 Word232,NoDoc
Word284,8075,1155.0,Word900 Word805 Word806,2018-06-30,Word563 Word580 Word581 Word232,NoDoc
Word38 Word4 Word39,41490597,3500.0,Word1021 Word1386 Word659,2018-05-31,Word563 Word121 Word579,NoDoc
Word361 Word132 Word355 Word5,2528,1650.0,Word1390 Word319,2018-07-31,Word567 Word672 Word580 Word202 Word545,Doc1
Word144 Word145 Word146 Word147 Word7,127068,3465.0,Word516 Word913,2018-08-31,Word576 Word366 Word562,Doc3
Word16 Word17 Word18 Word7,PK118,12600.0,Word1615 Word784 Word785,2018-05-31,Word563 Word564 Word9 Word26,NoDoc
Word40 Word41 Word4 Word5,1674,1820.0,Word802 Word278 Word1242 Word1468,2018-06-30,Word567 Word582 Word580 Word202 Word545,Doc1
Word44 Word45 Word46,201811-00046,8799523.59,Word807 Word808 Word46,2018-12-31,Word560 Word561 Word612,Doc1
Word320 Word321 Word4 Word5,9992,54750.0,Word702 Word319,2018-08-31,Word567 Word582 Word41 Word319,Doc1
Word42 Word43 Word5,7898,6935.0,Word650 Word1282 Word1628 Word1112 Word1894,2018-05-31,Word560 Word611 Word603 Word604 Word605 Word606,Doc1
Word16 Word17 Word3 Word7,71960,864.0,Word1326 Word1551,2018-10-31,Word563 Word366 Word562,NoDoc
Word6 Word7,10809,100.0,Word1080 Word806 Word26,2018-10-31,Word52 Word330 Word566,NoDoc
Word349 Word3 Word4 Word350 Word351 Word333,88599,3420.0,Word1593 Word351,2018-09-30,Word560 Word561 Word666 Word584 Word667 Word668,Doc1
Word54 Word3 Word4,RMT55494,525.0,,2018-02-01,Word563 Word580 Word581 Word232,NoDoc
Word16 Word17 Word3 Word7,71591,216.0,Word562,2018-08-31,Word563 Word366 Word562,NoDoc
Word101 Word102 Word103 Word7,113683,2450.0,Word2054,2018-10-31,Word563 Word575,NoDoc
Word47 Word3 Word4 Word39,2018014980,1628.0,Word978 Word780,2018-07-31,Word567 Word568 Word569 Word570,Doc1
Word160 Word161 Word61 Word45 Word39,797-10,520.0,,2018-02-01,Word563 Word564 Word9 Word26,NoDoc
Word134 Word61 Word45 Word39,SNHYHEK 2018 RZHHLSAE,34128.9,Word689 Word26,2018-12-31,Word563 Word564 Word9 Word26,NoDoc
Word113 Word114 Word115 Word7,151494,718.75,Word578 Word794,2018-09-30,Word560 Word561 Word612,Doc1
Word16 Word17 Word18 Word7,YP1040,720.0,Word785 Word330 Word99 Word780,2018-08-31,Word563 Word564 Word9 Word26,NoDoc
Word30 Word31,672986,182.0,Word826 Word780,2018-08-31,Word563 Word564 Word9 Word26,NoDoc
Word50 Word51 Word4 Word5,1660,425.0,Word123 Word190,2018-11-30,Word567 Word582 Word366 Word562,Doc1
Word8 Word9 Word10 Word11 Word5,4.80G+11,53.75,Word1150 Word784 Word568 Word650,2018-02-01,Word563 Word564 Word9 Word26,NoDoc
Word16 Word17 Word3 Word7,72094,216.0,Word1178 Word902 Word1422,2018-11-30,Word563 Word366 Word562,NoDoc
Word16 Word17 Word18 Word7,WO706,3780.0,Word1228 Word784 Word785,2018-07-31,Word563 Word564 Word9 Word26,NoDoc
Word16 Word17 Word3 Word7,70665,912.0,Word706 Word1080 Word856,2018-07-31,Word563 Word580 Word202 Word592,NoDoc
Word179 Word180 Word181 Word182,UQXKI080118,44473.31,Word330 Word1004 Word1005 Word980 Word45 Word981 Word808,2018-08-31,Word571 Word52 Word636 Word372 Word575 Word613,NoDoc
Word261 Word262,121279,204.75,Word330 Word99 Word26,2018-03-01,Word563 Word564 Word9 Word26,NoDoc
Word272 Word29 Word5,40000,3800.0,Word578 Word791,2018-06-30,Word52 Word330 Word566,NoDoc
Word48 Word3 Word4 Word5,OF20183613,96.0,Word1028 Word9,2018-11-30,Word567 Word568 Word569 Word570,Doc1
Word16 Word17 Word18 Word7,WB1916,3780.0,Word1842 Word785,2018-10-31,Word563 Word564 Word9 Word26,NoDoc
Word110 Word22 Word4 Word5,SI51-24935,471.2,Word338 Word258 Word99,2018-05-31,Word613 Word99 Word614 Word366 Word562,NoDoc
Word8 Word9 Word10 Word11 Word5,4.80I+11,25.8,Word61,2018-02-01,Word563 Word564 Word9 Word26,NoDoc
Word167 Word168 Word169,QQJNKX050418V,9205.5,Word9 Word1059 Word1061 Word835,2018-05-31,Word563 Word580 Word581 Word232,NoDoc
Word62 Word63 Word18 Word7,212032W,240.0,,2018-02-01,Word563 Word132 Word610,NoDoc
Word58 Word3 Word4 Word5,13202,1105.0,Word1549 Word1550 Word1053 Word764 Word1551,2018-07-31,Word563 Word366 Word562,NoDoc
Word16 Word17 Word18 Word7,2118,152.1,Word1031 Word784 Word785,2018-01-01,Word563 Word564 Word9 Word26,NoDoc
Word73 Word4 Word5,1803290,4782.5,Word1797 Word1798 Word685,2018-04-30,Word563 Word366 Word562,NoDoc
Word16 Word17 Word18 Word7,6534,320.4,Word783 Word784 Word785,2018-05-31,Word563 Word564 Word9 Word26,NoDoc
Word177 Word178 Word147 Word7,224QCK,3800.0,Word848 Word705 Word706,2018-06-30,Word567 Word568 Word569 Word570,Doc1
Word144 Word145 Word146 Word147 Word7,127588,2145.0,Word516 Word913 Word1090,2018-08-31,Word576 Word366 Word562,Doc3
Word16 Word17 Word18 Word7,3179,1248.0,Word330 Word99 Word764 Word61,2018-02-01,Word563 Word564 Word9 Word26,NoDoc
Word104 Word105 Word4 Word5,ICV/21663,702.0,Word864 Word105,2018-03-01,Word563 Word174,NoDoc
Word104 Word105 Word4 Word5,UVV/22461,936.0,Word864 Word105,2018-05-31,Word563 Word174,NoDoc
Word44 Word45 Word46,201811-00046,8799523.59,Word807 Word808 Word46,2018-12-31,Word563 Word359,NoDoc
Word16 Word17 Word3 Word7,70789,60.02,Word988 Word989 Word990,2018-06-30,Word563 Word366 Word562,NoDoc
Word113 Word114 Word115 Word7,140977,2061.25,Word578 Word791,2018-01-01,Word560 Word561 Word612,Doc1
Word139 Word3 Word4 Word7,16050,2232.15,Word906 Word907,2018-08-31,Word563 Word174,NoDoc
Word148 Word75 Word5,10230,25118.0,Word777 Word700 Word1463 Word865 Word980,2018-03-01,Word565 Word566,NoDoc
Word139 Word3 Word4 Word7,16085,443.4,Word917 Word918 Word84 Word919,2018-09-30,Word576 Word589 Word174 Word592,Doc3
Word30 Word31,653637,132.0,Word61,2018-04-30,Word563 Word564 Word9 Word26,NoDoc
Word276 Word441 Word442 Word443 Word5,HMNLSL012418,56751.2,Word596 Word650 Word1059 Word1019 Word830,2018-01-01,Word576 Word9 Word23 Word179,Doc3
Word122 Word123 Word21 Word124 Word5,1052,1440.0,Word785 Word826,2018-11-30,Word563 Word564 Word9 Word26,NoDoc
Word192 Word193 Word194,1810462,18985.0,Word1661 Word835 Word619 Word991,2018-11-30,Word52 Word330 Word566,NoDoc
Word74 Word75 Word44 Word5,GOR00128,-269111.58,Word840 Word841 Word842 Word843,2018-03-01,Word563 Word600 Word601 Word602,NoDoc
Word41 Word49 Word7,3552,10004.6,Word13 Word794,2018-11-30,Word52 Word330 Word566,NoDoc
Word110 Word22 Word4 Word5,NR50-47009,1296.0,Word305 Word132 Word190,2018-10-31,Word567 Word582 Word366 Word562,Doc1
Word73 Word4 Word5,6899,748.0,Word943,2018-11-30,Word576 Word589 Word653 Word654 Word591,Doc3
Word16 Word17 Word18 Word7,2434,421.2,Word959 Word784 Word785,2018-02-01,Word563 Word564 Word9 Word26,NoDoc
Word38 Word4 Word39,41527862,3862.5,Word1484 Word1062 Word45 Word1062 Word981,2018-11-30,Word563 Word121 Word579,NoDoc
Word30 Word31,670401,96.0,Word978 Word780,2018-08-31,Word563 Word564 Word9 Word26,NoDoc
Word74 Word75 Word44 Word5,LDR00128,269111.58,Word840 Word841 Word842 Word843,2016-10-01,Word563 Word600 Word601 Word602,NoDoc
Word78 Word79 Word11 Word5,D061418-07,1152.0,Word330 Word99 Word26,2018-07-31,Word563 Word564 Word9 Word26,NoDoc
Word179 Word180 Word181 Word182,QBCZA09282018,48705.93,Word979 Word836 Word694 Word45 Word911 Word808,2018-10-31,Word563 Word575,NoDoc
Word22 Word451 Word452 Word7,45960,2702.8,Word1768 Word562,2018-06-30,Word563 Word366 Word562,NoDoc
Word328 Word329 Word330 Word331 Word331 Word193,740685,20923.5,Word619 Word791,2018-02-01,Word563 Word619,NoDoc
Word85 Word86 Word87 Word5 Word88 Word16 Word17 Word3 Word7,70408,795.64,Word562,2018-05-31,Word563 Word580 Word581 Word232,NoDoc
Word16 Word17 Word18 Word7,2855,140.4,Word783 Word784 Word785,2018-01-01,Word563 Word564 Word9 Word26,NoDoc
Word16 Word17 Word18 Word7,IY964,450.0,Word1436 Word1782 Word338 Word764 Word1126,2018-08-31,Word563 Word564 Word9 Word26,NoDoc
Word30 Word31,671126,48.0,Word826 Word780,2018-08-31,Word563 Word564 Word9 Word26,NoDoc
Word96 Word3 Word4 Word5,88357,900.0,Word123 Word190,2018-08-31,Word563 Word132 Word610,NoDoc
Word215 Word3 Word4 Word39,92623935,5000.0,Word202,2018-03-01,Word567 Word582 Word580 Word202 Word545,Doc1
Word44 Word45 Word46,201811-00046,8799523.59,Word807 Word808 Word46,2018-12-31,Word563 Word174,NoDoc
Word16 Word17 Word18 Word7,MY112,12600.0,Word190 Word965,2018-05-31,Word563 Word564 Word9 Word26,NoDoc
Word16 Word17 Word18 Word7,2401,213.6,Word330 Word99 Word764 Word61,2018-02-01,Word563 Word564 Word9 Word26,NoDoc
Word85 Word86 Word87 Word5 Word88 Word16 Word17 Word3 Word7,65868,315.0,Word899 Word805 Word868 Word806,2018-03-01,Word563 Word580 Word581 Word232,NoDoc
Word156 Word157 Word7,1574678,293.11,Word1651 Word1084 Word305,2017-12-01,Word563 Word575,NoDoc
Word30 Word31,684417,442.0,Word130 Word60 Word99 Word26,2018-11-30,Word563 Word564 Word9 Word26,NoDoc
Word16 Word17 Word18 Word7,3858,140.4,Word783 Word784 Word785,2018-03-01,Word563 Word564 Word9 Word26,NoDoc
Word116 Word117 Word118 Word119 Word7,146984,823.66,Word51 Word794 Word562,2018-04-01,Word563 Word580 Word581 Word232,NoDoc
Word16 Word17 Word18 Word7,4120,1399.2,Word885 Word784 Word785,2018-04-30,Word563 Word564 Word9 Word26,NoDoc
Word16 Word17 Word18 Word7,5206,1399.2,Word885 Word784 Word785,2018-04-01,Word563 Word564 Word9 Word26,NoDoc
Word42 Word43 Word5,8240,160.0,Word1119 Word1120 Word806,2018-07-31,Word563 Word580 Word581 Word232,NoDoc
Word544 Word545 Word39,102967,10300.0,Word1054 Word2058 Word1005,2018-08-31,Word701 Word99 Word614 Word693 Word319,NoDoc
Word286 Word287 Word288 Word39,51418071294,5924.0,Word132 Word878 Word1323,2018-08-31,Word52 Word330 Word566,NoDoc
Word189 Word190 Word191 Word7,5344895,2016.0,Word1113 Word2098,2018-02-01,Word565 Word566,NoDoc
Word40 Word41 Word4 Word5,1374,1050.0,Word1242 Word803 Word802 Word278,2018-04-30,Word567 Word582 Word580 Word202 Word545,Doc1
Word129 Word130 Word5,F-0011,400.0,Word800 Word805,2018-10-31,Word563 Word564 Word9 Word26,NoDoc
Word8 Word9 Word10 Word11 Word5,4.80J+11,206.4,Word330 Word99 Word26,2018-06-30,Word563 Word564 Word9 Word26,NoDoc
Word16 Word17 Word18 Word7,JP177,10080.0,Word1517 Word784 Word785,2018-06-30,Word563 Word564 Word9 Word26,NoDoc
Word85 Word86 Word87 Word5 Word88 Word16 Word17 Word3 Word7,65617,420.0,Word1518 Word1436 Word825,2018-02-01,Word563 Word580 Word581 Word232,NoDoc
Word19 Word20 Word21 Word22 Word23 Word5,11326,110.44,Word575,2018-01-01,Word563 Word575,NoDoc
Word8 Word9 Word10 Word11 Word5,4.80X+11,125.0,Word877,2018-09-30,Word563 Word564 Word9 Word26,NoDoc
Word16 Word17 Word18 Word7,PX2118,630.0,Word1381 Word959 Word1382 Word165 Word948,2018-11-30,Word567 Word568 Word569 Word570,Doc1
Word139 Word3 Word4 Word7,16220,3573.47,Word1371 Word1353 Word1372 Word1204,2018-11-30,Word563 Word589 Word590,NoDoc
Word33 Word34 Word35 Word7,108644-503,7556.44,Word145 Word2120 Word967 Word808 Word909 Word45,2017-12-01,Word563 Word366 Word56 Word4,NoDoc
Word16 Word17 Word18 Word7,6689,691.2,Word959 Word784 Word785,2018-05-31,Word563 Word564 Word9 Word26,NoDoc
Word341 Word181 Word7,OBUIYJOD081018,14334.07,Word1344 Word2039,2018-08-31,Word571 Word52 Word639 Word579,NoDoc
Word16 Word17 Word18 Word7,1388,858.0,Word1053 Word330 Word99 Word764 Word780,2017-12-01,Word563 Word564 Word9 Word26,NoDoc
Word30 Word31,677899,240.0,Word826 Word780,2018-10-31,Word563 Word564 Word9 Word26,NoDoc
Word16 Word17 Word18 Word7,2491,140.4,Word330 Word99 Word764 Word26,2018-02-01,Word563 Word564 Word9 Word26,NoDoc
Word30 Word31,644087,2345.0,Word826 Word780,2018-02-01,Word563 Word564 Word9 Word26,NoDoc
Word156 Word157 Word7,1574525,1655.09,Word633 Word575,2017-12-01,Word563 Word580 Word581 Word232,NoDoc
Word134 Word61 Word45 Word39,756-1,165.0,Word1053 Word779 Word258 Word764 Word26,2018-01-01,Word563 Word564 Word9 Word26,NoDoc
Word85 Word86 Word87 Word5 Word88 Word16 Word17 Word3 Word7,65713,420.0,Word562,2018-03-01,Word563 Word580 Word581 Word232,NoDoc
Word44 Word45 Word46,201811-00046,8799523.59,Word807 Word808 Word46,2018-12-31,Word560 Word561 Word580 Word202 Word545,Doc1
Word62 Word63 Word18 Word7,218928U,900.0,Word338 Word190,2018-09-30,Word52 Word330 Word566,NoDoc
Word109 Word61 Word7,166,1840.0,Word785 Word1159 Word9,2018-05-31,Word560 Word611 Word603 Word604 Word605 Word606,Doc1
Word30 Word31,655979,1456.0,Word60 Word99 Word26,2018-04-30,Word563 Word564 Word9 Word26,NoDoc
Word85 Word86 Word87 Word5 Word88 Word16 Word17 Word3 Word7,64779,52.52,Word562 Word1484,2017-12-01,Word563 Word580 Word581 Word232,NoDoc
Word111 Word112 Word91 Word107 Word7,27003,12138.0,Word846 Word791 Word45 Word981 Word700 Word699,2018-02-01,Word567 Word582 Word107,Doc1
Word85 Word86 Word87 Word5 Word88 Word16 Word17 Word3 Word7,65631,1155.0,Word1291 Word650 Word825,2018-02-01,Word563 Word580 Word581 Word232,NoDoc
Word16 Word17 Word18 Word7,3983,679.2,Word885 Word784 Word785,2018-04-30,Word563 Word564 Word9 Word26,NoDoc
Word156 Word157 Word7,1719764FBEI,34.64,Word957 Word319,2018-10-31,Word563 Word366 Word562,NoDoc
Word219 Word220 Word34 Word5,1019,40144.34,Word846 Word791,2018-05-31,Word560 Word611 Word603 Word604 Word605 Word606,Doc1
Word116 Word117 Word118 Word119 Word7,147513,480.0,Word51 Word562 Word868,2018-01-01,Word563 Word580 Word581 Word232,NoDoc
Word48 Word3 Word4 Word5,GY20180981,120.0,Word1355 Word9,2018-07-31,Word563 Word564 Word9 Word26,NoDoc
Word97 Word91 Word4 Word5,18-1863,520.0,Word123 Word190,2018-05-31,Word563 Word564 Word9 Word26,NoDoc
Word30 Word31,677899,240.0,Word826 Word780,2018-10-31,Word563 Word564 Word9 Word26,NoDoc
Word106 Word107 Word7,82245-5,1400.0,Word118 Word991,2018-05-31,Word576 Word118 Word708 Word662,Doc3
Word38 Word4 Word39,41487933,3500.0,Word792 Word1173 Word985 Word659,2018-03-01,Word563 Word121 Word579,NoDoc
Word435 Word51 Word4 Word5,MO6519,2390.0,Word779 Word258 Word26,2018-03-01,Word567 Word568 Word569 Word570,Doc1
Word116 Word117 Word118 Word119 Word7,155119,705.0,Word51 Word791,2018-10-31,Word563 Word580 Word581 Word232,NoDoc
Word240 Word276 Word3 Word4 Word5,5087,11690.0,Word2071 Word650 Word1859 Word1149,2018-04-30,Word563 Word580 Word581 Word232,NoDoc
Word16 Word17 Word18 Word7,YP1262,180.0,Word800 Word801,2018-09-30,Word563 Word366 Word562,NoDoc
Word208 Word209 Word155 Word7,C34577,2134.0,Word568 Word760 Word170,2018-05-31,Word567 Word568 Word569 Word570,Doc1
Word16 Word17 Word3 Word7,70956,259.8,Word837 Word865 Word1325,2018-06-30,Word563 Word366 Word562,NoDoc
Word58 Word3 Word4 Word5,13197,525.0,Word1848 Word1146 Word1147,2018-08-31,Word567 Word582 Word580 Word202 Word545,Doc1
Word30 Word31,658780,336.0,Word61,2018-05-31,Word563 Word564 Word9 Word26,NoDoc
Word156 Word157 Word7,1574663,76.65,Word575,2018-01-01,Word563 Word575,NoDoc
Word58 Word3 Word4 Word5,12774,120.0,Word562 Word1720 Word1582,2018-03-01,Word563 Word366 Word562,NoDoc
Word30 Word31,675113,48.0,Word826 Word785,2018-09-30,Word563 Word564 Word9 Word26,NoDoc
Word263 Word264 Word61 Word5,RX-2350,2587.5,Word599 Word191 Word61,2018-01-01,Word563 Word564 Word9 Word26,NoDoc
Word19 Word20 Word21 Word22 Word23 Word5,18844,107.49,Word868,2018-10-31,Word563 Word575,NoDoc
Word16 Word17 Word18 Word7,II1194,2520.0,Word338 Word330 Word99 Word26,2018-09-30,Word563 Word564 Word9 Word26,NoDoc
Word24 Word22 Word4 Word5,22214,160.0,Word562,2018-05-31,Word567 Word568 Word569 Word570,Doc1
Word16 Word17 Word18 Word7,3259,1292.0,Word338 Word330 Word99 Word764 Word26,2018-02-01,Word563 Word564 Word9 Word26,NoDoc
Word16 Word17 Word18 Word7,3305,1428.0,Word330 Word99 Word764 Word61,2018-02-01,Word563 Word564 Word9 Word26,NoDoc
Word16 Word17 Word18 Word7,2708,140.4,,2018-02-01,Word563 Word564 Word9 Word26,NoDoc
Word101 Word102 Word103 Word7,113891,21128.84,Word562 Word1567,2018-10-31,Word576 Word366 Word562,Doc3
Word19 Word20 Word21 Word22 Word23 Word5,13427,253.59,Word633 Word575,2018-04-01,Word563 Word575,NoDoc
Word30 Word31,670402,48.0,Word935 Word26,2018-08-31,Word563 Word564 Word9 Word26,NoDoc
Word85 Word86 Word87 Word5 Word88 Word16 Word17 Word3 Word7,70159,2150.0,Word1434 Word1910,2018-04-01,Word563 Word580 Word581 Word232,NoDoc
Word131 Word132 Word133 Word5,O21809001,147231.0,Word1770 Word784 Word842 Word808 Word61,2018-11-30,Word563 Word564 Word9 Word26,NoDoc
Word106 Word107 Word7,83185-1,875.0,Word118 Word991,2018-05-31,Word565 Word566,NoDoc
Word38 Word4 Word39,41474839,3500.0,Word1021 Word121 Word659,2018-01-01,Word563 Word121 Word579,NoDoc
Word113 Word114 Word115 Word7,154115,2765.0,Word1878 Word1879 Word1880,2018-11-30,Word560 Word611 Word603 Word604 Word605 Word606,Doc1
Word38 Word4 Word39,41522388,3605.0,Word121 Word836,2018-09-30,Word563 Word121 Word579,NoDoc
Word139 Word3 Word4 Word7,16050,2232.15,Word906 Word907,2018-08-31,Word563 Word174,NoDoc
Word42 Word43 Word5,8236,590.0,Word1120 Word355 Word806,2018-07-31,Word563 Word580 Word581 Word232,NoDoc
Word179 Word180 Word181 Word182,NKPDL080118-DRX,-44473.31,Word979 Word836 Word980 Word45 Word981 Word808,2018-08-31,Word571 Word52 Word594 Word696,NoDoc
Word8 Word9 Word10 Word11 Word5,4.80Z+11,65.0,Word1031 Word784 Word1107 Word918,2018-10-31,Word563 Word564 Word9 Word26,NoDoc
Word8 Word9 Word10 Word11 Word5,4.80W+11,51.6,Word783 Word784 Word568 Word650,2018-06-30,Word563 Word564 Word9 Word26,NoDoc
Word48 Word3 Word4 Word5,FV20180214,1230.0,Word954 Word454 Word877,2018-06-30,Word563 Word132 Word610,NoDoc
Word8 Word9 Word10 Word11 Word5,4.80S+11,120.0,Word61,2018-08-31,Word563 Word564 Word9 Word26,NoDoc
Word16 Word17 Word3 Word7,72012,216.0,Word848 Word964 Word849,2018-11-30,Word563 Word366 Word562,NoDoc
Word16 Word17 Word18 Word7,4260,1260.0,Word899 Word805 Word810,2018-03-01,Word563 Word580 Word581 Word232,NoDoc
Word16 Word17 Word18 Word7,3066,1263.6,Word330 Word99 Word764 Word61,2018-02-01,Word563 Word564 Word9 Word26,NoDoc
Word257 Word258 Word259 Word5,180306-12015,15600.0,Word259 Word1110 Word1257 Word856,2018-04-01,Word567 Word582 Word580 Word202 Word545,Doc1
Word96 Word3 Word4 Word5,76162,6885.0,Word797 Word190,2018-04-01,Word563 Word132 Word610,NoDoc
Word42 Word43 Word5,8206,2000.0,Word1353 Word1883 Word936 Word1884,2018-07-31,Word576 Word366 Word562,NoDoc
Word85 Word86 Word87 Word5 Word88 Word16 Word17 Word3 Word7,70155,1260.0,Word848 Word706,2018-04-01,Word563 Word580 Word581 Word232,NoDoc
Word16 Word17 Word18 Word7,BL398,4200.0,Word785 Word330 Word99 Word26,2018-06-30,Word563 Word564 Word9 Word26,NoDoc
Word16 Word17 Word18 Word7,6971,640.8,Word885 Word784 Word785,2018-05-31,Word563 Word564 Word9 Word26,NoDoc
Word30 Word31,650671,2592.0,Word826 Word780,2018-04-01,Word563 Word564 Word9 Word26,NoDoc
Word156 Word157 Word7,1574718,9104.27,Word633 Word575,2017-12-01,Word588 Word576 Word750 Word451 Word545,Doc1
Word8 Word9 Word10 Word11 Word5,4.80U+11,100.0,Word1367 Word784 Word1159 Word9,2018-11-30,Word563 Word564 Word9 Word26,NoDoc
Word33 Word34 Word35 Word7,108644-889,6467.83,Word1257 Word53,2018-05-31,Word563 Word366 Word562,NoDoc
Word85 Word86 Word87 Word5 Word88 Word16 Word17 Word3 Word7,64534,107.0,Word1105 Word185 Word191,2017-12-01,Word563 Word580 Word581 Word232,NoDoc
Word42 Word43 Word5,8421,2020.0,Word867 Word849,2018-09-30,Word576 Word366 Word562,NoDoc
Word33 Word34 Word35 Word7,108644-511,966.35,Word193 Word1359 Word967 Word699 Word967 Word1062,2017-12-01,Word563 Word366 Word56 Word4,NoDoc
Word296 Word91 Word34 Word5,18281,17517.0,Word1143 Word985,2018-11-30,Word567 Word582 Word107,Doc1
Word85 Word86 Word87 Word5 Word88 Word16 Word17 Word3 Word7,65256,420.0,,2018-02-01,Word563 Word580 Word581 Word232,NoDoc
Word223 Word60 Word65 Word4 Word7,3355,4336.0,Word827 Word791,2018-08-31,Word560 Word561 Word593 Word578 Word65,Doc1
Word160 Word161 Word61 Word45 Word39,751-1,168.0,Word61,2018-01-01,Word563 Word564 Word9 Word26,NoDoc
Word16 Word17 Word18 Word7,KK105,86940.0,Word190 Word965,2018-06-30,Word563 Word564 Word9 Word26,NoDoc
Word70 Word47 Word71 Word72 Word7,280774,11979.8,Word967 Word717 Word909 Word808,2018-01-01,Word563 Word598 Word71,NoDoc
Word6 Word7,10554,1960.0,Word562,2018-06-30,Word563 Word580 Word581 Word232,NoDoc
Word96 Word3 Word4 Word5,72345,360.0,Word797 Word190,2018-04-30,Word563 Word564 Word9 Word26,NoDoc
Word30 Word31,657555,1062.5,Word797 Word190,2018-05-31,Word563 Word580 Word581 Word232,NoDoc
Word16 Word17 Word18 Word7,NP1044,540.0,Word330 Word99 Word764 Word26,2018-08-31,Word563 Word564 Word9 Word26,NoDoc
Word16 Word17 Word18 Word7,4677,320.4,Word783 Word784 Word785,2018-04-30,Word563 Word564 Word9 Word26,NoDoc
Word16 Word17 Word18 Word7,3765,1767.6,Word787 Word784 Word785,2018-04-01,Word563 Word564 Word9 Word26,NoDoc
Word16 Word17 Word18 Word7,BQ1182,2520.0,Word884 Word784 Word785,2018-09-30,Word563 Word564 Word9 Word26,NoDoc
Word16 Word17 Word18 Word7,IO1445,1260.0,Word901 Word343,2018-09-30,Word563 Word564 Word9 Word26,NoDoc
Word19 Word20 Word21 Word22 Word23 Word5,19030,209.24,Word1212 Word930,2018-10-31,Word563 Word575,NoDoc
Word48 Word3 Word4 Word5,TD20174490,870.0,Word1140 Word877,2018-06-30,Word560 Word561 Word612,Doc1
Word235,NKF061318YQYFUNW,536407.52,Word639 Word1076 Word2076,2018-06-30,Word571 Word52 Word639 Word579,NoDoc
Word16 Word17 Word18 Word7,AB1598,360.0,Word330 Word99 Word26,2018-10-31,Word563 Word564 Word9 Word26,NoDoc
Word30 Word31,672200,48.0,Word826 Word780,2018-08-31,Word563 Word564 Word9 Word26,NoDoc
Word324 Word4,18-8256,43245.56,Word700 Word980 Word160 Word883 Word695 Word1522 Word1722 Word1523,2018-08-31,Word588 Word568 Word490,Doc1
Word38 Word4 Word39,41507020,22000.0,Word1171 Word1107 Word794 Word659 Word1295,2018-07-31,Word563 Word121 Word579,NoDoc
Word25 Word26,031218-8,52.0,Word9 Word785,2018-05-31,Word560 Word611 Word603 Word604 Word605 Word606,Doc1
Word38 Word4 Word39,41487685,3750.0,Word792 Word1173 Word985 Word659,2018-03-01,Word563 Word121 Word579,NoDoc
Word363 Word364 Word181,476UXTSGZTCPC100218,2150000.0,Word1394 Word745 Word1395,2018-10-31,Word712 Word713 Word714 Word715,NoDoc
Word296 Word91 Word34 Word5,18305,18100.0,Word1143 Word991,2018-11-30,Word567 Word582 Word107,Doc1
Word160 Word161 Word61 Word45 Word39,975-4,65.0,Word61,2018-05-31,Word563 Word564 Word9 Word26,NoDoc
Word16 Word17 Word18 Word7,AO1296,2520.0,Word61,2018-09-30,Word563 Word564 Word9 Word26,NoDoc
Word129 Word130 Word5,T-0007,800.0,Word1100 Word1415,2018-10-31,Word563 Word564 Word9 Word26,NoDoc
Word186 Word4 Word5,10070,47500.0,Word580 Word315 Word1113 Word60,2018-07-31,Word52 Word330 Word566,NoDoc
Word19 Word20 Word21 Word22 Word23 Word5,20261,496.31,Word868 Word84 Word1054 Word1838,2018-11-30,Word563 Word575,NoDoc
Word33 Word34 Word35 Word7,108644-1421,3228.18,Word602 Word258 Word1442 Word562,2018-11-30,Word563 Word366 Word56 Word4,NoDoc
Word44 Word45 Word46,201811-00046,8799523.59,Word807 Word808 Word46,2018-12-31,Word563 Word220,NoDoc
Word85 Word86 Word87 Word5 Word88 Word16 Word17 Word3 Word7,65772,315.0,Word330 Word914 Word1210,2018-03-01,Word563 Word580 Word581 Word232,NoDoc
Word27 Word28 Word29 Word5,1051096,1247.4,Word1096 Word965,2018-04-01,Word563 Word307,NoDoc
Word113 Word114 Word115 Word7,150929,451.25,Word578 Word794,2018-09-30,Word560 Word561 Word366 Word562,Doc1
Word62 Word63 Word18 Word7,213531J,720.0,Word255 Word132,2018-04-01,Word563 Word132 Word610,NoDoc
Word85 Word86 Word87 Word5 Word88 Word16 Word17 Word3 Word7,64545,735.0,Word804 Word805 Word868,2017-12-01,Word563 Word580 Word581 Word232,NoDoc
Word325 Word13 Word5,22789,11900.0,Word777 Word699 Word847 Word695 Word45,2018-05-31,Word560 Word561 Word107,Doc1
Word30 Word31,641557,154.0,Word826 Word780,2018-01-01,Word563 Word564 Word9 Word26,NoDoc
Word122 Word123 Word21 Word124 Word5,SHM18071,1802.5,Word338 Word935 Word764 Word780,2018-07-31,Word563 Word564 Word9 Word26,NoDoc
Word16 Word17 Word18 Word7,5236,320.4,Word783 Word784 Word785,2018-05-31,Word563 Word564 Word9 Word26,NoDoc
Word134 Word61 Word45 Word39,ZQMPGBU 2018 UIMTTCBD,34128.9,Word689 Word26,2018-12-31,Word563 Word564 Word9 Word26,NoDoc
Word8 Word9 Word10 Word11 Word5,4.80C+11,65.0,Word1031 Word784 Word1107 Word918,2018-10-31,Word563 Word564 Word9 Word26,NoDoc
Word30 Word31,653086,913.75,Word797 Word1092,2018-04-01,Word563 Word564 Word9 Word26,NoDoc
Word96 Word3 Word4 Word5,78990,450.0,Word123 Word190,2018-06-30,Word563 Word564 Word9 Word26,NoDoc
Word212 Word213 Word214 Word125 Word119 Word39,77607,2517.5,Word1018 Word190,2018-09-30,Word613 Word99 Word614 Word366 Word562,Doc2
Word19 Word20 Word21 Word22 Word23 Word5,14197,378.21,Word1001 Word868,2018-05-31,Word563 Word575,NoDoc
Word6 Word7,10709,595.0,Word780 Word1206 Word1210 Word1316,2018-09-30,Word560 Word561 Word580 Word202 Word545,Doc1
Word59 Word60 Word61 Word5,1270,16.5,Word1472 Word785,2018-11-30,Word563 Word564 Word9 Word26,NoDoc
Word74 Word75 Word44 Word5,WXB00128,-269111.58,Word840 Word841 Word842 Word843,2018-03-01,Word563 Word600 Word601 Word602,NoDoc
Word30 Word31,640437,559.0,Word826 Word780,2018-01-01,Word563 Word564 Word9 Word26,NoDoc
Word30 Word31,646196,42.0,Word826 Word780,2018-03-01,Word563 Word564 Word9 Word26,NoDoc
Word16 Word17 Word18 Word7,QW1700,3780.0,Word1465 Word784 Word764 Word26,2018-10-31,Word563 Word564 Word9 Word26,NoDoc
Word93 Word94 Word95 Word4 Word7,15364,5250.0,Word319 Word295,2018-06-30,Word563 Word121 Word579,NoDoc
Word16 Word17 Word18 Word7,EX1982,1260.0,Word993 Word784 Word165 Word779 Word99,2018-11-30,Word52 Word330 Word566,NoDoc
Word19 Word20 Word21 Word22 Word23 Word5,20282,155.17,Word1399 Word1400 Word575,2018-11-30,Word563 Word575,NoDoc
Word16 Word17 Word18 Word7,3053,982.8,Word1053 Word330 Word99 Word764 Word61,2018-02-01,Word563 Word564 Word9 Word26,NoDoc
Word30 Word31,654082,48.0,Word61,2018-05-31,Word563 Word564 Word9 Word26,NoDoc
Word122 Word123 Word21 Word124 Word5,ULS21977,21960.0,Word826 Word785,2018-10-31,Word567 Word568 Word569 Word570,Doc1
Word110 Word22 Word4 Word5,IQ51-24605,170.0,Word338 Word779 Word258 Word764 Word61,2018-04-30,Word563 Word564 Word9 Word26,NoDoc
Word16 Word17 Word18 Word7,ZT1105,2520.0,Word884 Word784 Word785,2018-08-31,Word563 Word564 Word9 Word26,NoDoc
Word38 Word4 Word39,41503613,4223.0,Word1171 Word1107 Word794 Word659 Word1295,2018-07-31,Word563 Word121 Word579,NoDoc
Word16 Word17 Word18 Word7,2825,360.0,Word255 Word791,2018-05-31,Word563 Word132 Word610,NoDoc
Word257 Word258 Word259 Word5,180403-12174,27300.0,Word259 Word1110 Word1111,2018-05-31,Word567 Word582 Word580 Word202 Word545,Doc1
Word109 Word61 Word7,358,19676.2,Word689 Word9 Word780,2018-11-30,Word563 Word564 Word9 Word26,NoDoc
Word16 Word17 Word18 Word7,4143,249.6,Word783 Word784 Word785,2018-04-01,Word563 Word564 Word9 Word26,NoDoc
Word16 Word17 Word18 Word7,TO858,180.0,Word785 Word330 Word99,2018-08-31,Word563 Word564 Word9 Word26,NoDoc
Word30 Word31,662065,382.5,Word123 Word190,2018-06-30,Word567 Word568 Word569 Word570,Doc1
Word110 Word22 Word4 Word5,OW51-24466,425.0,Word1321 Word578,2018-04-01,Word563 Word564 Word9 Word26,NoDoc
Word16 Word17 Word3 Word7,70914,610.0,Word800 Word1040,2018-06-30,Word563 Word366 Word562,NoDoc
Word58 Word3 Word4 Word5,13114,805.0,Word865 Word1205 Word1017,2018-06-30,Word563 Word366 Word562,NoDoc
Word223 Word60 Word65 Word4 Word7,3382,4432.0,Word827 Word791,2018-08-31,Word560 Word561 Word593 Word578 Word65,Doc1
Word144 Word145 Word146 Word147 Word7,128668,990.0,Word516 Word913 Word1090,2018-11-30,Word563 Word366 Word562,NoDoc
Word30 Word31,661937,48.0,Word26 Word935,2018-06-30,Word563 Word564 Word9 Word26,NoDoc
Word162 Word7,PFT04SGT18,10266.0,Word13,2018-02-01,Word567 Word582 Word107,Doc1
Word16 Word17 Word18 Word7,4528,609.6,Word783 Word784 Word785,2018-04-01,Word563 Word564 Word9 Word26,NoDoc
Word30 Word31,654537,240.0,Word60 Word99 Word26,2018-04-30,Word563 Word564 Word9 Word26,NoDoc
Word113 Word114 Word115 Word7,142166,2698.75,Word578 Word791,2018-02-01,Word560 Word561 Word366 Word562,Doc1
Word16 Word17 Word18 Word7,2306,842.4,,2018-01-01,Word563 Word564 Word9 Word26,NoDoc
Word30 Word31,667367,48.0,Word826 Word780,2018-07-31,Word563 Word564 Word9 Word26,NoDoc
Word40 Word41 Word4 Word5,2253,4590.0,Word802 Word278 Word1242 Word803,2018-09-30,Word567 Word582 Word366 Word562,Doc1
Word96 Word3 Word4 Word5,60226,682.5,Word1018 Word190,2018-01-01,Word563 Word564 Word9 Word26,NoDoc
Word101 Word102 Word103 Word7,111299,219.73,Word2041 Word2042 Word115,2018-03-01,Word576 Word679 Word680,Doc3
Word42 Word43 Word5,8288,725.0,Word330 Word914 Word806,2018-08-31,Word563 Word366 Word562,NoDoc
Word8 Word9 Word10 Word11 Word5,4.80Q+11,720.0,Word826 Word785,2018-10-31,Word563 Word564 Word9 Word26,NoDoc
Word16 Word17 Word18 Word7,3307,427.2,Word330 Word99 Word764 Word61,2018-02-01,Word563 Word564 Word9 Word26,NoDoc
Word40 Word41 Word4 Word5,1804,2517.0,Word802 Word278 Word1242 Word803,2018-07-31,Word567 Word582 Word366 Word562,Doc1
Word16 Word17 Word18 Word7,FA788,540.0,Word785 Word904,2018-08-31,Word567 Word568 Word569 Word570,Doc1
Word195 Word5,PK137978,2230.0,Word190 Word1005,2018-04-30,Word563 Word366 Word56 Word4,NoDoc
Word240 Word200 Word3 Word4 Word5,X18931,59500.0,Word278 Word772 Word278,2018-11-30,Word567 Word582 Word583 Word584 Word585 Word586,Doc1
Word137 Word138 Word7,AWUH5868,1680.0,Word905 Word794,2018-08-31,Word563 Word359,NoDoc
Word257 Word258 Word259 Word5,180403-12174,27300.0,Word259 Word1110 Word1111,2018-05-31,Word567 Word582 Word580 Word202 Word545,Doc1
Word44 Word45 Word46,201806-00045,2829197.98,Word845 Word835 Word46,2018-07-31,Word563 Word121 Word579,NoDoc
Word16 Word17 Word18 Word7,IQ956,720.0,Word1379 Word785,2018-09-30,Word563 Word564 Word9 Word26,NoDoc
Word78 Word79 Word11 Word5,C121417-15,52.0,Word1031 Word784 Word568 Word650,2018-02-01,Word563 Word564 Word9 Word26,NoDoc
Word217 Word3 Word10 Word5,MMK051518-1,28219.2,Word9 Word780 Word764 Word61,2018-07-31,Word563 Word564 Word9 Word26,NoDoc
Word48 Word3 Word4 Word5,JY20181303,540.0,Word9 Word878 Word642,2018-09-30,Word563 Word580 Word581 Word232,NoDoc
Word16 Word17 Word18 Word7,6206,900.0,Word877,2018-05-31,Word563 Word564 Word9 Word26,NoDoc
Word42 Word43 Word5,8229,1510.0,Word562,2018-07-31,Word563 Word580 Word581 Word232,NoDoc
Word44 Word45 Word46,201805-00053-LE0,2570126.23,Word834 Word835 Word46,2018-06-30,Word567 Word582 Word250,Doc1
Word101 Word102 Word103 Word7,112599,44543.8,Word562 Word1654,2018-07-31,Word576 Word674 Word675,Doc3
Word16 Word17 Word18 Word7,3782,455.4,Word783 Word784 Word785,2018-03-01,Word563 Word564 Word9 Word26,NoDoc
Word217 Word3 Word10 Word5,SND083118-1,16792.8,Word1281 Word9,2018-10-31,Word563 Word564 Word9 Word26,NoDoc
Word16 Word17 Word18 Word7,3460,702.0,Word992 Word784 Word785,2018-03-01,Word563 Word564 Word9 Word26,NoDoc
Word30 Word31,675120,240.0,Word779 Word258 Word26,2018-09-30,Word567 Word568 Word569 Word570,Doc1
Word30 Word31,676953,2036.0,Word903 Word780,2018-10-31,Word563 Word564 Word9 Word26,NoDoc
Word16 Word17 Word18 Word7,SK959,720.0,Word338 Word904,2018-08-31,Word563 Word564 Word9 Word26,NoDoc
Word16 Word17 Word18 Word7,2428,556.2,,2018-01-01,Word563 Word564 Word9 Word26,NoDoc
Word8 Word9 Word10 Word11 Word5,4.80F+11,750.0,Word1321 Word2051 Word170,2018-08-31,Word567 Word568 Word569 Word570,Doc1
Word42 Word43 Word5,8104,725.0,Word804 Word805 Word806 Word899 Word1551,2018-06-30,Word563 Word580 Word581 Word232,NoDoc
Word19 Word20 Word21 Word22 Word23 Word5,18063,82.95,Word1638 Word1514,2018-10-31,Word563 Word575,NoDoc
Word47 Word3 Word4 Word39,2018004191,1360.0,Word797 Word190,2018-03-01,Word563 Word580 Word581 Word232,NoDoc
Word16 Word17 Word18 Word7,LO1193,1260.0,Word924 Word784 Word785,2018-09-30,Word563 Word564 Word9 Word26,NoDoc
Word319 Word315 Word44,40702050-901,14553.0,Word702 Word805 Word702 Word822 Word794,2018-05-31,Word560 Word561 Word315 Word638,Doc1
Word208 Word209 Word155 Word7,W41956,375.0,Word132 Word1183 Word1323,2018-03-01,Word560 Word561 Word612,Doc1
Word113 Word114 Word115 Word7,146307,973.75,Word578 Word791,2018-05-31,Word563 Word580 Word581 Word232,NoDoc
Word48 Word3 Word4 Word5,YO20174728,630.0,,2018-02-01,Word563 Word564 Word9 Word26,NoDoc
Word73 Word4 Word5,5489,6933.5,Word562 Word1086 Word910 Word1086 Word1074,2018-10-31,Word563 Word366 Word562,NoDoc
Word24 Word22 Word4 Word5,23295,765.0,Word61,2018-11-30,Word563 Word564 Word9 Word26,NoDoc
Word137 Word138 Word7,FTGZ5026,1680.0,Word984 Word835 Word905 Word791,2018-05-31,Word563 Word359,NoDoc
Word162 Word7,SWO04CQL18,9292.0,Word13,2018-02-01,Word567 Word107,Doc1
Word16 Word17 Word18 Word7,SB1552,406.8,Word456 Word1144 Word165 Word1159 Word9,2018-10-31,Word560 Word561 Word366 Word562,Doc1
Word16 Word17 Word3 Word7,70993,779.4,Word820 Word815,2018-07-31,Word563 Word366 Word562,NoDoc
Word106 Word107 Word7,82975-2,2496.0,Word118 Word791,2018-07-31,Word563 Word366 Word562,NoDoc
Word38 Word4 Word39,41497529,4100.0,Word1484 Word985,2018-06-30,Word563 Word121 Word579,NoDoc
Word41 Word125 Word34 Word5,4429,7500.0,Word255 Word278,2018-04-30,Word567 Word582 Word580 Word202 Word545,Doc1
Word16 Word17 Word3 Word7,71529,432.0,Word393 Word798,2018-08-31,Word563 Word366 Word562,NoDoc
Word8 Word9 Word10 Word11 Word5,4.80K+11,55.9,Word9 Word26,2017-12-01,Word563 Word564 Word9 Word26,NoDoc
Word96 Word3 Word4 Word5,76169,315.0,Word797 Word190,2018-04-01,Word563 Word564 Word9 Word26,NoDoc
Word348 Word274 Word7,FF000205872,-514.19,Word1351 Word1352,2018-10-31,Word571 Word52 Word657 Word457 Word13,NoDoc
Word30 Word31,646201,45.5,Word61,2018-03-01,Word563 Word564 Word9 Word26,NoDoc
Word156 Word157 Word7,1574626,112.18,Word1467 Word2070 Word1178,2017-12-01,Word563 Word575,NoDoc
Word162 Word7,NUUL09KBE18,10200.0,Word582 Word1225,2018-07-31,Word567 Word582 Word107,Doc1
Word137 Word138 Word7,LNAC6819,1680.0,Word905 Word791,2018-11-30,Word563 Word359,NoDoc
Word8 Word9 Word10 Word11 Word5,4.80I+11,2400.0,Word1357 Word776,2018-10-31,Word563 Word564 Word9 Word26,NoDoc
Word196 Word197 Word198 Word4 Word7,401I110218TBHANTL,112077.33,Word640 Word1002,2018-11-30,Word571 Word52 Word639 Word640 Word579,NoDoc
Word16 Word17 Word18 Word7,3018,1248.0,Word330 Word99 Word764 Word61,2018-02-01,Word563 Word564 Word9 Word26,NoDoc
Word137 Word138 Word7,ANFX6819,1680.0,Word905 Word791,2018-11-30,Word563 Word359,NoDoc
Word8 Word9 Word10 Word11 Word5,4.80U+11,55.9,Word9 Word26,2018-10-31,Word563 Word564 Word9 Word26,NoDoc
Word227 Word204 Word253 Word7,64565,1384.23,Word397 Word791,2018-09-30,Word567 Word582 Word366 Word562,Doc1
Word8 Word9 Word10 Word11 Word5,4.80Z+11,34480.0,Word9 Word26,2018-08-31,Word567 Word568 Word569 Word570,Doc1
Word42 Word43 Word5,8235,630.0,Word1120 Word355 Word806,2018-07-31,Word563 Word580 Word581 Word232,NoDoc
Word44 Word45 Word46,201805-00053-LY0,2570126.23,Word834 Word835 Word46,2018-06-30,Word563 Word660,NoDoc
Word38 Word4 Word39,41528103,3605.0,Word121 Word1062 Word45 Word1062 Word981,2018-11-30,Word563 Word121 Word579,NoDoc
Word110 Word22 Word4 Word5,OG51-28564,1028.5,Word123 Word190 Word1558 Word784,2018-11-30,Word701 Word99 Word614 Word366 Word562,Doc2
Word106 Word107 Word7,83025-1,3019.0,Word777 Word865 Word45 Word865 Word866,2018-04-30,Word563 Word366 Word562,NoDoc
Word96 Word3 Word4 Word5,63558,540.0,Word60 Word99 Word26,2018-02-01,Word563 Word564 Word9 Word26,NoDoc
Word90 Word91 Word92 Word7,111478-2,10536.55,Word202,2018-06-30,Word567 Word582 Word41 Word319,Doc1
Word19 Word20 Word21 Word22 Word23 Word5,11339,1250.69,Word575,2018-01-01,Word563 Word575,NoDoc
Word144 Word145 Word146 Word147 Word7,127853,2392.5,Word516 Word913,2018-09-30,Word576 Word366 Word562,Doc3
Word162 Word7,MHVY11GXD18,6183.0,Word582 Word943,2018-04-30,Word567 Word582 Word107,Doc1
Word78 Word79 Word11 Word5,D031418-10,4452.0,Word826 Word780,2018-04-01,Word563 Word564 Word9 Word26,NoDoc
Word30 Word31,651646,1820.0,Word60 Word99 Word26,2018-04-01,Word563 Word564 Word9 Word26,NoDoc
Word25 Word26,71318,320.0,Word9 Word785,2018-09-30,Word567 Word568 Word366 Word562,Doc1
Word96 Word3 Word4 Word5,57553,1046.0,Word305 Word132 Word190,2017-12-01,Word563 Word132 Word610,NoDoc
Word58 Word3 Word4 Word5,12827,460.0,Word994 Word1707,2018-03-01,Word563 Word366 Word562,NoDoc
Word219 Word220 Word34 Word5,1002-1003,35539.32,Word846 Word791 Word1062 Word45 Word967 Word911,2018-02-01,Word560 Word611 Word603 Word604 Word605 Word606,Doc1
Word217 Word3 Word10 Word5,DDD091518-1,4392.96,Word1281 Word9 Word26,2018-11-30,Word563 Word564 Word9 Word26,NoDoc
Word177 Word178 Word147 Word7,190BXF,7261.0,Word785 Word545,2018-04-01,Word563 Word366 Word562,NoDoc
Word101 Word102 Word103 Word7,110394,9323.13,Word1130 Word21 Word931,2018-01-01,Word588 Word568 Word451 Word545,Doc1
Word6 Word7,10685,3297.5,Word123 Word190,2018-07-31,Word563 Word580 Word581 Word232,NoDoc
Word19 Word20 Word21 Word22 Word23 Word5,20136,184.31,Word575 Word786,2018-11-30,Word563 Word575,NoDoc
Word8 Word9 Word10 Word11 Word5,4.80T+11,780.0,Word826 Word785,2018-10-31,Word563 Word564 Word9 Word26,NoDoc
Word74 Word75 Word44 Word5,PDH00128,-269111.58,Word840 Word841 Word842 Word843,2018-03-01,Word563 Word600 Word601 Word602,NoDoc
Word16 Word17 Word18 Word7,FK1461,1260.0,Word779 Word99 Word26,2018-09-30,Word563 Word564 Word9 Word26,NoDoc
Word16 Word17 Word18 Word7,3080,421.2,Word959 Word784 Word785,2018-03-01,Word563 Word564 Word9 Word26,NoDoc
Word33 Word34 Word35 Word7,108644-429,7316.65,Word56 Word4,2017-12-01,Word563 Word366 Word56 Word4,NoDoc
Word38 Word4 Word39,41516652,3500.0,Word1171 Word1107 Word794 Word659 Word1200,2018-09-30,Word563 Word121 Word579,NoDoc
Word48 Word3 Word4 Word5,IN20181681,900.0,Word132 Word878 Word642,2018-08-31,Word560 Word561 Word612,Doc1
Word16 Word17 Word18 Word7,5224,1360.8,Word959 Word784 Word785,2018-04-30,Word563 Word564 Word9 Word26,NoDoc
Word263 Word264 Word61 Word5,OH-2462,1415.25,Word599 Word191,2018-09-30,Word563 Word564 Word9 Word26,NoDoc
Word81 Word82 Word5,138585,849.4,Word643 Word82,2018-04-01,Word563 Word82 Word9 Word607,NoDoc
Word389 Word147 Word130,503831,605.0,Word307 Word836,2018-04-30,Word567 Word366 Word562,Doc1
Word16 Word17 Word18 Word7,SL746,11340.0,Word61,2018-08-31,Word563 Word564 Word9 Word26,NoDoc
Word16 Word17 Word18 Word7,LN154,10080.0,Word1198 Word784 Word785,2018-05-31,Word563 Word564 Word9 Word26,NoDoc
Word58 Word3 Word4 Word5,13017,17206.3,Word800 Word931 Word706,2018-05-31,Word563 Word366 Word562,NoDoc
Word16 Word17 Word3 Word7,71679,360.0,Word1326 Word605,2018-08-31,Word563 Word366 Word562,NoDoc
Word44 Word45 Word46,201811-00046,8799523.59,Word807 Word808 Word46,2018-12-31,Word563 Word580 Word202 Word592,NoDoc
Word24 Word22 Word4 Word5,23022,850.0,Word562,2018-11-30,Word563 Word132 Word610,NoDoc
Word33 Word34 Word35 Word7,108644-510,8718.7,Word1705 Word2113 Word967 Word808 Word909 Word1086,2018-01-01,Word563 Word366 Word56 Word4,NoDoc
Word25 Word26,081318-18,208.0,Word955 Word784 Word9 Word785,2018-11-30,Word560 Word561 Word366 Word562,Doc1
Word16 Word17 Word3 Word7,71030,240.0,Word994 Word1599 Word1637,2018-10-31,Word563 Word366 Word562,NoDoc
Word8 Word9 Word10 Word11 Word5,4.80N+11,111.8,Word61,2018-02-01,Word563 Word564 Word9 Word26,NoDoc
Word299 Word237 Word7,31519,36825.86,Word949 Word991 Word45 Word160 Word1094 Word808,2018-01-01,Word571 Word52 Word657 Word646 Word13,NoDoc
Word16 Word17 Word18 Word7,JJ1726,5040.0,Word796 Word785,2018-10-31,Word563 Word564 Word9 Word26,NoDoc
Word19 Word20 Word21 Word22 Word23 Word5,17869,74.99,Word633 Word575,2018-09-30,Word563 Word575,NoDoc
Word16 Word17 Word18 Word7,2736,702.0,,2018-02-01,Word563 Word564 Word9 Word26,NoDoc
Word42 Word43 Word5,8455,615.0,Word867 Word849,2018-10-31,Word563 Word366 Word562,NoDoc
Word85 Word86 Word87 Word5 Word88 Word16 Word17 Word3 Word7,65286,1050.0,Word1799 Word825 Word764 Word1800,2018-02-01,Word563 Word580 Word581 Word232,NoDoc
Word8 Word9 Word10 Word11 Word5,4.80P+11,75.0,Word569,2018-07-31,Word567 Word568 Word569 Word570,Doc1
Word16 Word17 Word18 Word7,6772,230.4,Word783 Word784 Word785,2018-05-31,Word563 Word564 Word9 Word26,NoDoc
Word50 Word51 Word4 Word5,1498,1360.0,Word826 Word785,2018-10-31,Word567 Word568 Word569 Word570,Doc1
Word16 Word17 Word18 Word7,4536,280.8,Word885 Word784 Word785,2018-05-31,Word563 Word564 Word9 Word26,NoDoc
Word90 Word91 Word92 Word7,108543.1,-10450.0,Word1242 Word1642 Word1643,2018-04-01,Word567 Word582 Word580 Word202 Word545,Doc1
Word16 Word17 Word18 Word7,6648,320.4,Word783 Word784 Word785,2018-05-31,Word563 Word564 Word9 Word26,NoDoc
Word90 Word91 Word92 Word7,114576,32839.0,Word592 Word856,2018-09-30,Word567 Word582 Word580 Word202 Word545,Doc1
Word50 Word51 Word4 Word5,1312,250.0,Word130 Word791,2018-08-31,Word567 Word582 Word580 Word202 Word545,Doc1
Word30 Word31,676902,130.0,Word61,2018-09-30,Word563 Word564 Word9 Word26,NoDoc
Word19 Word20 Word21 Word22 Word23 Word5,19282,688.65,Word633 Word575,2018-10-31,Word563 Word575,NoDoc
Word30 Word31,660093,48.0,Word978 Word780,2018-06-30,Word567 Word569 Word570,Doc1
Word122 Word123 Word21 Word124 Word5,XTO19880,20790.0,Word935 Word26,2018-07-31,Word563 Word564 Word9 Word26,NoDoc
Word16 Word17 Word18 Word7,VH121,11340.0,Word1663 Word784 Word785,2018-05-31,Word563 Word564 Word9 Word26,NoDoc
Word30 Word31,681313,815.5,Word1919 Word809 Word26,2018-10-31,Word563 Word564 Word9 Word26,NoDoc
Word179 Word180 Word181 Word182,MOFVP080118-XPO,-44473.31,Word979 Word836 Word980 Word45 Word981 Word808,2018-08-31,Word571 Word52 Word594 Word595 Word596 Word597,NoDoc
Word186 Word4 Word5,10069,47500.0,Word580 Word1260 Word791,2018-07-31,Word52 Word330 Word566,NoDoc
Word59 Word60 Word61 Word5,1238,198.0,Word826 Word785,2018-10-31,Word563 Word564 Word9 Word26,NoDoc
Word33 Word34 Word35 Word7,108644-871,1384.74,Word1412,2018-05-31,Word563 Word366 Word56 Word4,NoDoc
Word16 Word17 Word18 Word7,2051,117.0,Word338 Word1031 Word784 Word9,2017-12-01,Word563 Word564 Word9 Word26,NoDoc
Word8 Word9 Word10 Word11 Word5,4.80B+11,94.6,Word1409 Word784 Word568 Word650,2018-06-30,Word563 Word564 Word9 Word26,NoDoc
Word44 Word45 Word46,201806-00045,2829197.98,Word845 Word835 Word46,2018-07-31,Word563 Word174,NoDoc
Word42 Word43 Word5,8199,3840.0,Word9 Word1282 Word604,2018-07-31,Word563 Word580 Word581 Word232,NoDoc
Word101 Word102 Word103 Word7,111766,37234.28,Word861 Word1040,2018-05-31,Word576 Word366 Word562,Doc3
Word16 Word17 Word18 Word7,2758,1263.6,,2018-02-01,Word563 Word564 Word9 Word26,NoDoc
Word122 Word123 Word21 Word124 Word5,FCX21297,40320.0,Word826 Word785,2018-09-30,Word563 Word564 Word9 Word26,NoDoc
Word80 Word3 Word4,C134490,6200.0,Word202 Word592,2018-08-31,Word563 Word580 Word202 Word592,NoDoc
Word33 Word34 Word35 Word7,108644-1310,5338.8,Word2021 Word1086 Word808 Word1086 Word882,2018-10-31,Word563 Word366 Word56 Word4,NoDoc
Word16 Word17 Word18 Word7,2614,450.0,,2018-02-01,Word563 Word132 Word610,NoDoc
Word131 Word132 Word133 Word5,A21712004,65688.35,Word896 Word883 Word897 Word191,2018-02-01,Word563 Word564 Word9 Word26,NoDoc
Word106 Word107 Word7,82975-1,4864.0,Word1097 Word791,2018-03-01,Word563 Word366 Word562,NoDoc
Word41 Word125 Word34 Word5,4355,3350.0,Word278 Word702 Word772,2018-02-01,Word567 Word582 Word583 Word584 Word585 Word586,Doc1
Word38 Word4 Word39,41444045,3750.0,Word1173 Word857 Word794 Word1045 Word830,2017-12-01,Word563 Word121 Word579,NoDoc
Word16 Word17 Word3 Word7,71891,1080.0,Word1249 Word1250 Word679,2018-09-30,Word563 Word366 Word562,NoDoc
Word215 Word3 Word4 Word39,92629991,5000.0,Word1644 Word202 Word444 Word1645,2018-03-01,Word567 Word582 Word583 Word584 Word585 Word586,Doc1
Word16 Word17 Word3 Word7,71907,216.0,Word1326 Word805 Word605,2018-09-30,Word563 Word366 Word562,NoDoc
Word38 Word4 Word39,41488304,3750.0,Word792 Word1173 Word985 Word659,2018-03-01,Word563 Word121 Word579,NoDoc
Word101 Word102 Word103 Word7,113968,25776.6,Word1232 Word1233 Word1234,2018-12-31,Word588 Word568 Word451 Word545,Doc1
Word16 Word17 Word18 Word7,WG796,1260.0,Word1446 Word9,2018-08-31,Word567 Word568 Word569 Word570,Doc1
Word58 Word3 Word4 Word5,12946,1215.0,Word1205 Word1017 Word190,2018-06-30,Word288 Word626 Word627,NoDoc
Word30 Word31,653110,1691.0,Word60 Word99 Word26,2018-04-01,Word563 Word564 Word9 Word26,NoDoc
Word179 Word180 Word181 Word182,YZYET080118-CUT,-44473.31,Word979 Word836 Word980 Word45 Word981 Word808,2018-08-31,Word571 Word52 Word594 Word641,NoDoc
Word6 Word7,10733,750.0,Word711 Word1589 Word1847,2018-08-31,Word563 Word366 Word562,NoDoc
Word85 Word86 Word87 Word5 Word88 Word16 Word17 Word3 Word7,70114,909.3,Word994 Word868,2018-04-01,Word563 Word580 Word581 Word232,NoDoc
Word281 Word282 Word283 Word4 Word5,33849NVT,7403.0,Word185 Word283 Word41 Word591,2018-03-01,Word613 Word99 Word614 Word282 Word283 Word620,Doc2
Word151 Word152 Word22 Word13 Word7,U51693,5600.0,Word569 Word214 Word802 Word1833,2018-11-30,Word567 Word582 Word366 Word562,Doc1
Word101 Word102 Word103 Word7,110751,102944.64,Word861 Word862 Word2107,2018-02-01,Word576 Word366 Word562,Doc3
Word16 Word17 Word18 Word7,3749,320.4,Word783 Word784 Word785,2018-05-31,Word563 Word564 Word9 Word26,NoDoc
Word16 Word17 Word18 Word7,6953,519.6,Word783 Word784 Word785,2018-04-30,Word563 Word564 Word9 Word26,NoDoc
Word16 Word17 Word18 Word7,3071,925.6,Word785 Word330 Word99 Word764 Word26,2018-02-01,Word563 Word564 Word9 Word26,NoDoc
Word244 Word245,GDNMNHMSVC070918,1048.71,Word613 Word781 Word1095,2018-07-31,Word571 Word52 Word594 Word595 Word596 Word597,NoDoc
Word122 Word123 Word21 Word124 Word5,1052,1440.0,Word785 Word826,2018-11-30,Word563 Word564 Word9 Word26,NoDoc
Word41 Word125 Word34 Word5,196,9560.0,Word1748 Word1805,2018-02-01,Word567 Word582 Word580 Word202 Word545,Doc1
Word16 Word17 Word18 Word7,4083,117.0,Word1031 Word784 Word785,2018-03-01,Word563 Word564 Word9 Word26,NoDoc
Word76 Word77 Word5,52029939,15066.0,Word777 Word980 Word694 Word980 Word866 Word1808,2018-07-31,Word52 Word330 Word566,NoDoc
Word16 Word17 Word18 Word7,3331,561.6,Word924 Word784 Word785,2018-03-01,Word563 Word564 Word9 Word26,NoDoc
Word162 Word7,UAE15ROG18,10500.0,Word777 Word980 Word694 Word980 Word866,2018-07-31,Word567 Word582 Word107,Doc1
Word38 Word4 Word39,41440526,3750.0,Word1173 Word857 Word794 Word1045 Word830,2017-12-01,Word563 Word121 Word579,NoDoc
Word308 Word309 Word310,2018KOEUOMNATZJSMI,2760671.27,Word835 Word682 Word683 Word684,2018-10-31,Word563 Word682 Word683 Word684,NoDoc
Word240 Word276 Word3 Word4 Word5,4982,17390.0,Word711 Word1149,2018-04-01,Word563 Word580 Word581 Word232,NoDoc
Word96 Word3 Word4 Word5,76169,315.0,Word797 Word190,2018-04-01,Word563 Word564 Word9 Word26,NoDoc
Word8 Word9 Word10 Word11 Word5,4.80U+11,465.0,Word61,2018-09-30,Word563 Word564 Word9 Word26,NoDoc
Word8 Word9 Word10 Word11 Word5,4.80V+11,51.6,Word330 Word99 Word780,2018-05-31,Word563 Word564 Word9 Word26,NoDoc
Word16 Word17 Word18 Word7,GG1020,180.0,Word785 Word330 Word99,2018-09-30,Word563 Word564 Word9 Word26,NoDoc
Word113 Word114 Word115 Word7,147408,5452.5,Word1274 Word1275,2018-07-31,Word52 Word330 Word566,NoDoc
Word8 Word9 Word10 Word11 Word5,4.80J+11,720.0,Word61,2018-09-30,Word563 Word564 Word9 Word26,NoDoc
Word16 Word17 Word18 Word7,2035,304.2,Word564 Word9 Word26,2017-12-01,Word563 Word564 Word9 Word26,NoDoc
Word325 Word13 Word5,23301,11900.0,Word13 Word794,2018-10-31,Word52 Word330 Word566,NoDoc
Word30 Word31,669766,488.75,Word797 Word190,2018-08-31,Word563 Word564 Word9 Word26,NoDoc
Word42 Word43 Word5,8026,2280.0,Word804 Word805 Word806,2018-05-31,Word563 Word580 Word581 Word232,NoDoc
Word254 Word255 Word5,3005,23600.0,Word773 Word1796,2018-04-01,Word563 Word580 Word581 Word232,NoDoc
Word25 Word26,082218-10,520.0,Word9 Word785,2018-10-31,Word560 Word561 Word366 Word562,Doc1
Word30 Word31,669752,3060.0,Word797 Word809 Word1112 Word103,2018-08-31,Word560 Word561 Word366 Word562,Doc1
Word16 Word17 Word18 Word7,3176,1221.4,Word785 Word330 Word99 Word764 Word26,2018-02-01,Word563 Word564 Word9 Word26,NoDoc
Word85 Word86 Word87 Word5 Word88 Word16 Word17 Word3 Word7,70150,420.0,Word1595 Word539 Word1582,2018-04-01,Word563 Word580 Word581 Word232,NoDoc
Word40 Word41 Word4 Word5,1728,-16092.56,Word1364 Word1365,2018-06-30,Word567 Word582 Word41 Word319,Doc1
Word153 Word154 Word109 Word155 Word31,050218UDSDYOZBNNIDDZT,11197.24,Word1127,2018-06-30,Word563 Word564 Word9 Word26,NoDoc
Word16 Word17 Word18 Word7,AA1860,1080.0,Word783 Word784 Word165 Word948,2018-10-31,Word563 Word132 Word610,NoDoc
Word235,YBK101918ZPDWS,202138.22,Word639 Word684 Word1077 Word1320,2018-10-31,Word571 Word52 Word733 Word734 Word85 Word613,NoDoc
Word16 Word17 Word18 Word7,YR838,2520.0,Word1189 Word784 Word785,2018-07-31,Word563 Word564 Word9 Word26,NoDoc
Word134 Word61 Word45 Word39,WRW2017AJFOQMQR,50915.25,Word689 Word780 Word807 Word830,2018-01-01,Word563 Word564 Word9 Word26,NoDoc
Word175 Word176 Word5,P-1200,29750.0,Word202,2018-07-31,Word567 Word582 Word583 Word584 Word585 Word586,Doc1
Word85 Word86 Word87 Word5 Word88 Word16 Word17 Word3 Word7,65612,525.0,Word1291 Word1292,2018-02-01,Word563 Word580 Word581 Word232,NoDoc
Word58 Word3 Word4 Word5,13141,690.0,Word711 Word1599,2018-07-31,Word563 Word366 Word562,NoDoc
Word16 Word17 Word18 Word7,2214,360.0,Word1144 Word650 Word764 Word929,2018-02-01,Word563 Word564 Word9 Word26,NoDoc
Word311 Word99 Word393 Word44,Z1839113,4495.0,Word1484 Word991,2018-04-30,Word563 Word366 Word562,NoDoc
Word179 Word180 Word181 Word182,STWAW09282018,48705.93,Word979 Word836 Word694 Word45 Word911 Word808,2018-10-31,Word571 Word52 Word646 Word633 Word579,NoDoc
Word219 Word220 Word34 Word5,1017,58141.24,Word846 Word791 Word45 Word45 Word45 Word981,2018-02-01,Word560 Word611 Word603 Word604 Word605 Word606,Doc1
Word19 Word20 Word21 Word22 Word23 Word5,13858,384.58,Word868,2018-04-30,Word563 Word575,NoDoc
Word16 Word17 Word18 Word7,3936,140.4,Word783 Word784 Word785,2018-03-01,Word563 Word564 Word9 Word26,NoDoc
Word85 Word86 Word87 Word5 Word88 Word16 Word17 Word3 Word7,70152,630.0,Word987 Word9 Word278,2018-04-01,Word563 Word580 Word581 Word232,NoDoc
Word238 Word10 Word239 Word5,8173,2730.0,Word1083 Word1001 Word1084 Word1085,2018-11-30,Word563 Word174,NoDoc
Word217 Word3 Word10 Word5,IAE083118-1,16792.8,Word1281 Word9,2018-10-31,Word563 Word564 Word9 Word26,NoDoc
Word47 Word339 Word229 Word340 Word7,17-18448,75.05,Word1340 Word659 Word967 Word1020,2017-12-01,Word563 Word598 Word71,NoDoc
Word89 Word44 Word5,66389526,1597.75,Word1942,2018-03-01,Word563 Word608 Word609,NoDoc
Word38 Word4 Word39,41530461,3862.5,Word1484 Word985,2018-11-30,Word563 Word121 Word579,NoDoc
Word16 Word17 Word18 Word7,VW1309,5040.0,Word1935,2018-09-30,Word563 Word564 Word9 Word26,NoDoc
Word54 Word3 Word4,OQB65838,883.0,Word123 Word190,2018-08-31,Word563 Word564 Word9 Word26,NoDoc
Word349 Word3 Word4 Word350 Word351 Word333,88646,3588.0,Word1593 Word351,2018-09-30,Word52 Word330 Word566,NoDoc
Word30 Word31,14548,-48.0,Word1341 Word1342 Word1343 Word602,2018-11-30,Word563 Word564 Word9 Word26,NoDoc
Word33 Word34 Word35 Word7,108644-1408,3503.94,Word946,2018-11-30,Word563 Word366 Word56 Word4,NoDoc
Word73 Word4 Word5,6837,921.5,Word848 Word861 Word1400 Word1464,2018-11-30,Word563 Word366 Word562,NoDoc
Word19 Word20 Word21 Word22 Word23 Word5,16202,85.39,Word190 Word575,2018-07-31,Word563 Word575,NoDoc
Word73 Word4 Word5,1753,2022.5,Word838,2018-06-30,Word563 Word366 Word562,NoDoc
Word16 Word17 Word3 Word7,71926,240.0,Word1813 Word153 Word1439 Word1060 Word1814,2018-09-30,Word563 Word366 Word562,NoDoc
Word113 Word114 Word115 Word7,141714,1615.0,Word578 Word991,2018-02-01,Word560 Word561 Word612,Doc1
Word48 Word3 Word4 Word5,PW20183490,630.0,Word61,2018-10-31,Word563 Word564 Word9 Word26,NoDoc
Word6 Word7,10585,600.0,Word1181 Word1060 Word1182,2018-08-31,Word560 Word611 Word603 Word604 Word605 Word606,Doc1
Word19 Word20 Word21 Word22 Word23 Word5,16895,829.33,Word575 Word868,2018-08-31,Word563 Word575,NoDoc
Word221 Word222 Word128,11266,5088.0,Word744 Word1052 Word746 Word1639,2017-12-01,Word563 Word366 Word562,NoDoc
Word90 Word91 Word92 Word7,113480,30095.0,Word202 Word592,2018-08-31,Word567 Word582 Word41 Word319,Doc1
Word42 Word43 Word5,7818,942.5,Word330 Word914 Word806 Word1282 Word1149,2018-03-01,Word563 Word580 Word581 Word232,NoDoc
Word16 Word17 Word18 Word7,3261,1478.4,Word785 Word330 Word99 Word764 Word26,2018-02-01,Word563 Word564 Word9 Word26,NoDoc
Word376 Word377 Word44,100060507,4386.0,Word13 Word794,2018-10-31,Word52 Word330 Word566,NoDoc
Word16 Word17 Word18 Word7,3830,438.6,Word330 Word99 Word764 Word26,2018-03-01,Word567 Word568 Word569 Word570,Doc1
Word73 Word4 Word5,5796,3874.0,Word562 Word615 Word53,2018-10-31,Word563 Word366 Word562,NoDoc
Word276 Word441 Word442 Word443 Word5,040218GCJF01JMXW,2693.46,Word1738,2018-05-31,Word563 Word564 Word9 Word26,NoDoc
Word16 Word17 Word18 Word7,HP116,135.0,Word255 Word791,2018-05-31,Word563 Word564 Word9 Word26,NoDoc
Word42 Word43 Word5,8325,2520.0,Word900 Word805 Word806,2018-08-31,Word563 Word366 Word562,NoDoc
Word373 Word374 Word128,1803500451,1333.9,Word1495 Word1423 Word1424,2018-04-01,Word571 Word52 Word618 Word619 Word13,NoDoc
Word16 Word17 Word18 Word7,ZG923,1260.0,Word783 Word784 Word785,2018-08-31,Word563 Word564 Word9 Word26,NoDoc
Word16 Word17 Word3 Word7,71981,360.0,Word994 Word1595 Word84,2018-10-31,Word563 Word366 Word562,NoDoc
Word96 Word3 Word4 Word5,90002,3200.0,Word123 Word190,2018-09-30,Word563 Word564 Word9 Word26,NoDoc
Word8 Word9 Word10 Word11 Word5,4.80E+11,180.0,Word330 Word99 Word780,2018-08-31,Word563 Word564 Word9 Word26,NoDoc
Word19 Word20 Word21 Word22 Word23 Word5,20140,341.9,Word1174 Word1175 Word431 Word1176 Word1177,2018-11-30,Word563 Word575,NoDoc
Word44 Word45 Word46,201811-00046,8799523.59,Word807 Word808 Word46,2018-12-31,Word563 Word366 Word56 Word4,NoDoc
Word16 Word17 Word18 Word7,2025,1350.0,Word901 Word343,2018-01-01,Word567 Word568 Word569 Word570,Doc1
Word58 Word3 Word4 Word5,13280,1470.0,Word562,2018-08-31,Word567 Word582 Word366 Word562,Doc1
Word19 Word20 Word21 Word22 Word23 Word5,15732,153.09,Word575,2018-07-31,Word563 Word575,NoDoc
Word116 Word117 Word118 Word119 Word7,155663,921.2,Word562,2018-11-30,Word563 Word366 Word562,NoDoc
Word227 Word59 Word147,294-18,3690.0,Word611 Word800 Word805,2018-10-31,Word52 Word330 Word566,NoDoc
Word48 Word3 Word4 Word5,PM20181554,390.0,Word877,2018-06-30,Word563 Word564 Word9 Word26,NoDoc
Word109 Word61 Word7,329,4833.4,Word61,2018-10-31,Word563 Word564 Word9 Word26,NoDoc
Word106 Word107 Word7,83025-1,3019.0,Word777 Word865 Word45 Word865 Word866,2018-04-30,Word563 Word366 Word562,NoDoc
Word85 Word86 Word87 Word5 Word88 Word16 Word17 Word3 Word7,60093E,420.0,Word562,2018-03-01,Word288 Word626 Word627,NoDoc
Word41 Word125 Word34 Word5,168,14340.0,Word278 Word1619 Word895,2018-02-01,Word567 Word582 Word366 Word562,Doc1
Word16 Word17 Word18 Word7,5159,972.0,Word992 Word784 Word785,2018-04-30,Word563 Word564 Word9 Word26,NoDoc
Word134 Word61 Word45 Word39,RPH2018XBTGCLVU,43904.25,Word689 Word780,2018-04-30,Word563 Word564 Word9 Word26,NoDoc
Word30 Word31,668228,2236.0,Word826 Word780,2018-07-31,Word563 Word564 Word9 Word26,NoDoc
Word101 Word102 Word103 Word7,112946,12318.34,Word861 Word1130 Word931 Word1353,2018-07-31,Word576 Word674 Word675,Doc3
Word44 Word45 Word46,201811-00046,8799523.59,Word807 Word808 Word46,2018-12-31,Word563 Word220,NoDoc
Word196 Word197 Word198 Word4 Word7,401G121418ZUYKMXJ,121647.27,Word640 Word1002,2018-12-31,Word571 Word52 Word639 Word640 Word579,NoDoc
Word16 Word17 Word18 Word7,4291,1558.8,Word959 Word784 Word785,2018-04-30,Word563 Word564 Word9 Word26,NoDoc
Word85 Word86 Word87 Word5 Word88 Word16 Word17 Word3 Word7,66126,630.0,Word824 Word789 Word1504 Word278,2018-03-01,Word563 Word580 Word581 Word232,NoDoc
Word16 Word17 Word18 Word7,NY1079,180.0,Word1168 Word1169 Word201,2018-09-30,Word563 Word366 Word562,NoDoc
Word8 Word9 Word10 Word11 Word5,4.80C+11,361.2,Word1014 Word784 Word929,2018-04-30,Word563 Word564 Word9 Word26,NoDoc
Word346 Word5,120-10606,1704.0,Word562,2018-08-31,Word563 Word575,NoDoc
Word332 Word333,197138,15150.0,Word593 Word1017,2018-10-31,Word560 Word561 Word366 Word562,Doc1
Word30 Word31,646219,2250.5,Word826 Word780,2018-03-01,Word563 Word564 Word9 Word26,NoDoc
Word162 Word7,WXKZ10WAU18,13687.0,Word582 Word943,2018-06-30,Word567 Word582 Word107,Doc1
Word38 Word4 Word39,41513586,3500.0,Word1021 Word1022 Word659,2018-07-31,Word563 Word121 Word579,NoDoc
Word16 Word17 Word18 Word7,WL766,2520.0,Word1189 Word784 Word785,2018-07-31,Word563 Word564 Word9 Word26,NoDoc
Word486 Word487,2018009893,3485.0,Word60 Word99 Word26,2018-05-31,Word563 Word564 Word9 Word26,NoDoc
Word193 Word311 Word214 Word4 Word7,6210146363,680.0,Word123 Word190,2018-09-30,Word563 Word564 Word9 Word26,NoDoc
Word113 Word114 Word115 Word7,147409,6736.25,Word578 Word985,2018-07-31,Word560 Word561 Word366 Word562,Doc1
Word356 Word13,X3075,18719.0,Word846 Word991 Word695 Word45 Word866 Word808,2018-06-30,Word560 Word561 Word107,Doc1
Word24 Word22 Word4 Word5,22165,1120.0,Word255 Word650,2018-04-30,Word567 Word9 Word255,Doc1
Word16 Word17 Word18 Word7,3196,1520.4,Word924 Word784 Word785,2018-03-01,Word567 Word568 Word569 Word570,Doc1
Word62 Word63 Word18 Word7,214751B,200.0,Word338 Word60 Word99 Word764 Word780,2018-06-30,Word563 Word564 Word9 Word26,NoDoc
Word36 Word37 Word29,2132070,1062.48,Word1665 Word1666,2018-03-01,Word560 Word561 Word366 Word562,Doc1
Word16 Word17 Word18 Word7,EW666,1260.0,Word785 Word330 Word99 Word764 Word780,2018-07-31,Word563 Word564 Word9 Word26,NoDoc
Word73 Word4 Word5,1800428,9497.0,Word838 Word53,2018-02-01,Word563 Word589 Word590,NoDoc
Word131 Word132 Word133 Word5,M21807003,161147.43,Word1058 Word835 Word61 Word1046,2018-09-30,Word563 Word564 Word9 Word26,NoDoc
Word16 Word17 Word18 Word7,4908,630.0,Word338 Word1159 Word650,2018-04-30,Word563 Word564 Word9 Word26,NoDoc
Word16 Word17 Word18 Word7,AP1093,2520.0,Word884 Word784 Word785,2018-08-31,Word563 Word564 Word9 Word26,NoDoc
Word101 Word102 Word103 Word7,110385,5500.0,Word1130 Word931 Word656,2018-01-01,Word588 Word451 Word545,Doc1
Word42 Word43 Word5,8077,725.0,Word562,2018-06-30,Word563 Word580 Word581 Word232,NoDoc
Word33 Word34 Word35 Word7,108644-712,41275.01,Word562 Word45 Word1190 Word700 Word694,2018-03-01,Word563 Word366 Word56 Word4,NoDoc
Word24 Word22 Word4 Word5,21824,725.0,Word338 Word330 Word99,2018-03-01,Word567 Word568 Word569 Word570,Doc1
Word101 Word102 Word103 Word7,113449,5575.65,Word562 Word1388,2018-09-30,Word576 Word366 Word562,Doc3
Word16 Word17 Word18 Word7,4368,1543.2,Word885 Word784 Word785,2018-04-01,Word563 Word564 Word9 Word26,NoDoc
Word38 Word4 Word39,41512182,3862.5,Word792 Word1022 Word659,2018-07-31,Word563 Word121 Word579,NoDoc
Word543 Word109,WNZALH020218,274380.5,Word9 Word1719 Word1383 Word808,2018-02-01,Word576 Word9 Word23 Word179,Doc3
Word162 Word7,URT20PBL18,9175.0,Word582 Word1225,2018-05-31,Word567 Word582 Word107,Doc1
Word126 Word127 Word128,488644,59284.2,Word890 Word891 Word2005,2018-12-31,Word571 Word52 Word618 Word619 Word13,NoDoc
Word38 Word4 Word39,41464094,4100.0,Word1021 Word1131 Word659,2017-12-01,Word563 Word121 Word579,NoDoc
Word38 Word4 Word39,41474083,12900.0,Word1021 Word121 Word659,2018-01-01,Word563 Word121 Word579,NoDoc
Word19 Word20 Word21 Word22 Word23 Word5,16756,209.95,Word633 Word575,2018-08-31,Word563 Word575,NoDoc
Word48 Word3 Word4 Word5,AC20180326,270.0,Word877,2018-07-31,Word563 Word564 Word9 Word26,NoDoc
Word113 Word114 Word115 Word7,148503,3420.0,Word578 Word791,2018-08-31,Word52 Word330 Word566,NoDoc
Word42 Word43 Word5,7878,1010.0,Word1119 Word804 Word805 Word806,2018-04-01,Word563 Word580 Word581 Word232,NoDoc
Word24 Word22 Word4 Word5,22545,850.0,Word130,2018-06-30,Word567 Word568 Word569 Word570,Doc1
Word324 Word4,JE18-1967,-6786.68,Word694 Word695 Word160 Word817 Word1276 Word1277 Word1278,2018-08-31,Word671 Word561 Word160 Word694 Word695 Word160 Word593,Doc1
Word8 Word9 Word10 Word11 Word5,4.80Y+11,600.0,Word61,2018-06-30,Word563 Word564 Word9 Word26,NoDoc
Word44 Word45 Word46,201805-00053-CM0,2570126.23,Word834 Word835 Word46,2018-06-30,Word560 Word561 Word315 Word638,Doc1
Word528 Word529 Word5,050218SRDX01VLKC,2785.14,Word2018,2018-06-30,Word563 Word564 Word9 Word26,NoDoc
Word16 Word17 Word18 Word7,VE550,360.0,Word819 Word785,2018-07-31,Word567 Word568 Word569 Word570,Doc1
Word30 Word31,676824,48.0,Word26 Word569,2018-10-31,Word563 Word564 Word9 Word26,NoDoc
Word33 Word34 Word35 Word7,108644-1118,9055.07,Word562,2018-07-31,Word563 Word366 Word56 Word4,NoDoc
Word6 Word7,10689,3509.0,Word1795 Word789 Word773 Word1796,2018-07-31,Word563 Word366 Word562,NoDoc
Word42 Word43 Word5,8127,840.0,Word804 Word805 Word806,2018-06-30,Word563 Word580 Word581 Word232,NoDoc
Word179 Word180 Word181 Word182,NTBNJ080118-WXL,-44473.31,Word979 Word836 Word980 Word45 Word981 Word808,2018-08-31,Word563 Word660,NoDoc
Word19 Word20 Word21 Word22 Word23 Word5,16201,1383.34,Word817 Word818 Word805,2018-07-31,Word563 Word575,NoDoc
Word167 Word168 Word169,LSQOFN081018,102905.0,Word9 Word1059 Word1060 Word1058 Word835,2018-08-31,Word576 Word9 Word23 Word179,NoDoc
Word24 Word22 Word4 Word5,23421,1020.0,Word562 Word26 Word60 Word99,2018-11-30,Word563 Word132 Word610,NoDoc
Word8 Word9 Word10 Word11 Word5,4.80B+11,40.0,Word1496 Word784 Word568 Word650,2018-10-31,Word563 Word564 Word9 Word26,NoDoc
Word183 Word184 Word132 Word185 Word5,PJGSWLWOZLIL040218-060118,687.5,Word982 Word983 Word984 Word834 Word808,2018-07-31,Word571 Word52 Word636 Word637 Word579,NoDoc
Word308 Word309 Word310,2018FBSETWLJEOBZCW,2760671.27,Word835 Word682 Word683 Word684,2018-10-31,Word563 Word682 Word683 Word684,NoDoc
Word89 Word44 Word5,66752635,1681.35,Word1609,2018-06-30,Word563 Word608 Word609,NoDoc
Word16 Word17 Word18 Word7,QH605,1080.0,Word1189 Word784 Word785,2018-07-31,Word567 Word569 Word570,Doc1
Word16 Word17 Word3 Word7,70980,240.0,Word820 Word815,2018-07-31,Word563 Word366 Word562,NoDoc
Word33 Word34 Word35 Word7,108644-1415,2866.86,Word602 Word45 Word842 Word871 Word842 Word872,2018-11-30,Word563 Word366 Word56 Word4,NoDoc
Word44 Word45 Word46,201811-00046,8799523.59,Word807 Word808 Word46,2018-12-31,Word563 Word580 Word202 Word592,NoDoc
Word101 Word102 Word103 Word7,111297,7922.9,Word861 Word1107 Word862,2018-03-01,Word576 Word366 Word562,Doc3
Word113 Word114 Word115 Word7,141275,380.0,Word578 Word791,2018-02-01,Word560 Word611 Word612,Doc1
Word16 Word17 Word18 Word7,2087,152.1,,2018-02-01,Word563 Word564 Word9 Word26,NoDoc
Word8 Word9 Word10 Word11 Word5,4.80A+11,103.2,Word330 Word99 Word764 Word26,2018-06-30,Word563 Word564 Word9 Word26,NoDoc
Word187 Word188,ASB112018,59401.33,Word613 Word781 Word967 Word986 Word808,2018-11-30,Word571 Word52 Word572 Word573 Word574,NoDoc
Word162 Word7,LVHN16GDQ18,9075.0,Word13 Word794,2018-10-31,Word567 Word582 Word107,Doc1
Word227 Word59 Word147,2018-695,12612.5,Word1470 Word1471,2018-06-30,Word560 Word611 Word603 Word604 Word605 Word606,Doc1
Word16 Word17 Word18 Word7,XL1666,5040.0,Word879 Word785,2018-10-31,Word563 Word564 Word9 Word26,NoDoc
Word40 Word41 Word4 Word5,1850,1552.5,Word1981 Word803,2018-07-31,Word567 Word582 Word366 Word562,Doc1
Word16 Word17 Word3 Word7,71687,432.0,Word656,2018-08-31,Word563 Word366 Word562,NoDoc
Word16 Word17 Word18 Word7,2939,152.1,Word1031 Word784 Word785,2018-02-01,Word563 Word564 Word9 Word26,NoDoc
Word16 Word17 Word18 Word7,DZ901,180.0,Word783 Word784 Word785,2018-08-31,Word563 Word564 Word9 Word26,NoDoc
Word19 Word20 Word21 Word22 Word23 Word5,14411,199.89,Word633 Word575,2018-05-31,Word563 Word575,NoDoc
Word74 Word75 Word44 Word5,QAI00128,269111.58,Word840 Word841 Word842 Word843,2016-10-01,Word563 Word600 Word601 Word602,NoDoc
Word402 Word403 Word404 Word7,2675,2032.5,Word1159 Word9 Word1529,2018-09-30,Word52 Word330 Word566,NoDoc
Word16 Word17 Word18 Word7,LR111,900.0,Word1496 Word784 Word785,2018-05-31,Word563 Word564 Word9 Word26,NoDoc
Word8 Word9 Word10 Word11 Word5,4.80V+11,55.9,Word9 Word26,2018-10-31,Word563 Word564 Word9 Word26,NoDoc
Word33 Word34 Word35 Word7,108644-1396,2866.86,Word562,2018-11-30,Word563 Word366 Word56 Word4,NoDoc
Word166 Word5,1529,340.0,Word785 Word1031 Word784 Word165 Word779 Word99,2018-11-30,Word563 Word132 Word610,NoDoc
Word16 Word17 Word3 Word7,70831,680.0,Word255 Word1170,2018-06-30,Word288 Word626 Word627,NoDoc
Word16 Word17 Word18 Word7,WO1928,900.0,Word1490 Word1282 Word1149,2018-11-30,Word560 Word561 Word603 Word604 Word605 Word606,Doc1
Word101 Word102 Word103 Word7,113573,9077.86,Word562 Word1388,2018-09-30,Word576 Word366 Word562,Doc3
Word16 Word17 Word18 Word7,AZ1258,1080.0,Word785 Word904 Word764 Word26,2018-09-30,Word563 Word564 Word9 Word26,NoDoc
Word85 Word86 Word87 Word5 Word88 Word16 Word17 Word3 Word7,64817,52.52,Word944 Word945,2017-12-01,Word563 Word580 Word581 Word232,NoDoc
Word16 Word17 Word3 Word7,71928,216.0,Word797 Word190 Word798 Word963,2018-10-31,Word563 Word580 Word581 Word232,NoDoc
Word33 Word34 Word35 Word7,108644-1406,7458.48,Word1151 Word1152,2018-11-30,Word563 Word366 Word56 Word4,NoDoc
Word16 Word17 Word18 Word7,4953,630.0,Word1013,2018-04-01,Word563 Word564 Word9 Word26,NoDoc
Word219 Word220 Word34 Word5,1022,23737.5,Word846 Word991 Word883 Word45 Word911 Word808,2018-07-31,Word52 Word330 Word566,NoDoc
Word58 Word3 Word4 Word5,13204,7191.0,Word848 Word861 Word1146 Word1147,2018-07-31,Word567 Word582 Word366 Word562,Doc1
Word16 Word17 Word18 Word7,PI176,2520.0,Word924 Word784 Word785,2018-05-31,Word563 Word564 Word9 Word26,NoDoc
Word16 Word17 Word18 Word7,BY1265,360.0,Word800 Word1426,2018-09-30,Word563 Word564 Word9 Word26,NoDoc
Word59 Word60 Word61 Word5,887,2713.5,Word60 Word99 Word26,2018-03-01,Word563 Word564 Word9 Word26,NoDoc
Word186 Word4 Word5,11842,5500.0,Word1178 Word1432,2018-10-31,Word560 Word561 Word685 Word686 Word687 Word688,Doc1
Word19 Word20 Word21 Word22 Word23 Word5,14599,742.25,Word633 Word575,2018-05-31,Word563 Word575,NoDoc
Word131 Word132 Word133 Word5,N21808003,101806.9,Word1045 Word808 Word61 Word1046,2018-10-31,Word563 Word564 Word9 Word26,NoDoc
Word30 Word31,657484,48.0,Word826 Word780,2018-05-31,Word563 Word564 Word9 Word26,NoDoc
Word42 Word43 Word5,8289,975.0,Word562,2018-08-31,Word563 Word580 Word581 Word232,NoDoc
Word113 Word114 Word115 Word7,147188,1976.25,Word578 Word991,2018-06-30,Word560 Word561 Word612,Doc1
Word16 Word17 Word18 Word7,LO1368,360.0,Word819,2018-09-30,Word563 Word564 Word9 Word26,NoDoc
Word16 Word17 Word18 Word7,3747,961.2,Word959 Word784 Word785,2018-05-31,Word563 Word564 Word9 Word26,NoDoc
Word44 Word45 Word46,201811-00046,8799523.59,Word807 Word808 Word46,2018-12-31,Word563 Word575,NoDoc
Word30 Word31,676937,28.0,Word826 Word780,2018-10-31,Word563 Word564 Word9 Word26,NoDoc
Word113 Word114 Word115 Word7,152414,1282.5,Word578 Word125 Word797,2018-12-31,Word52 Word330 Word566,NoDoc
Word297 Word85 Word298 Word250 Word44,163612890,2352.24,Word1216 Word1217 Word1218 Word1219,2018-09-30,Word571 Word52 Word639 Word250 Word651,NoDoc
Word386 Word3 Word387 Word4 Word5,3.42O+12,28864.21,Word699 Word882 Word695 Word778,2018-06-30,Word563 Word598 Word71,NoDoc
Word162 Word7,GCKA30TGQ18,13265.0,Word13 Word842 Word847 Word842 Word911,2018-10-31,Word567 Word582 Word107,Doc1
Word16 Word17 Word18 Word7,6635,640.8,Word885 Word784 Word785,2018-05-31,Word563 Word564 Word9 Word26,NoDoc
Word16 Word17 Word18 Word7,QE1304,2520.0,Word926 Word784 Word785,2018-09-30,Word563 Word564 Word9 Word26,NoDoc
Word19 Word20 Word21 Word22 Word23 Word5,15185,1325.19,Word575,2018-06-30,Word563 Word575,NoDoc
Word19 Word20 Word21 Word22 Word23 Word5,11837,106.45,,2018-02-01,Word563 Word575,NoDoc
Word526 Word10,6120019085,6500.0,Word1963 Word1411 Word278,2018-07-31,Word563 Word580 Word581 Word232,NoDoc
Word30 Word31,677904,240.0,Word992 Word784 Word26 Word60 Word99,2018-10-31,Word563 Word564 Word9 Word26,NoDoc
Word30 Word31,639453,134.75,Word826 Word780,2018-01-01,Word563 Word564 Word9 Word26,NoDoc
Word16 Word17 Word18 Word7,RY750,180.0,Word1100 Word132,2018-07-31,Word563 Word132 Word610,NoDoc
Word16 Word17 Word18 Word7,NI1648,720.0,Word959 Word784,2018-10-31,Word563 Word564 Word9 Word26,NoDoc
Word162 Word7,LXYK20XVM18,13462.0,Word582 Word1225,2018-05-31,Word567 Word582 Word107,Doc1
Word217 Word3 Word10 Word5,IUQVP033118-1,10229.28,Word780 Word791,2018-05-31,Word563 Word564 Word9 Word26,NoDoc
Word19 Word20 Word21 Word22 Word23 Word5,18138,1128.34,Word1123,2018-09-30,Word563 Word575,NoDoc
Word16 Word17 Word18 Word7,2230,421.2,Word959 Word784 Word785,2018-01-01,Word563 Word564 Word9 Word26,NoDoc
Word16 Word17 Word18 Word7,5254,1579.2,Word885 Word784 Word785,2018-04-30,Word563 Word564 Word9 Word26,NoDoc
Word273 Word61,521,8646.0,Word61,2018-11-30,Word563 Word564 Word9 Word26,NoDoc
Word27 Word28 Word29 Word5,1059881,1948.92,Word1096 Word1537,2018-04-30,Word563 Word307,NoDoc
Word104 Word105 Word4 Word5,WVW/20875,1170.0,Word864 Word105,2018-03-01,Word563 Word174,NoDoc
Word177 Word178 Word147 Word7,180LSY,16880.0,Word2127 Word705 Word825,2018-03-01,Word576 Word366 Word562,Doc3
Word62 Word63 Word18 Word7,212888O,320.0,Word785 Word60 Word99 Word764 Word61,2018-03-01,Word563 Word564 Word9 Word26,NoDoc
Word96 Word3 Word4 Word5,79001,360.0,Word797 Word190,2018-06-30,Word563 Word366 Word562,NoDoc
Word74 Word75 Word44 Word5,ZXA00128,-269111.58,Word840 Word841 Word842 Word843,2018-03-01,Word563 Word600 Word601 Word602,NoDoc
Word16 Word17 Word18 Word7,IO1038,1080.0,Word785 Word330 Word99 Word780,2018-08-31,Word563 Word564 Word9 Word26,NoDoc
Word89 Word44 Word5,67016827,1430.0,Word644,2018-08-31,Word563 Word608 Word609,NoDoc
Word41 Word125 Word34 Word5,80,14710.0,Word709 Word799 Word888,2017-12-01,Word567 Word582 Word580 Word202 Word545,Doc1
Word16 Word17 Word18 Word7,2523,1123.2,,2018-02-01,Word563 Word564 Word9 Word26,NoDoc
Word38 Word4 Word39,41530067,4100.0,Word1484 Word985,2018-11-30,Word563 Word121 Word579,NoDoc
Word148 Word75 Word5,9145,26800.0,Word1260 Word908 Word45 Word882 Word700 Word883,2018-02-01,Word565 Word566,NoDoc
Word16 Word17 Word18 Word7,3815,238.5,Word596 Word784 Word785,2018-03-01,Word563 Word564 Word9 Word26,NoDoc
Word85 Word86 Word87 Word5 Word88 Word16 Word17 Word3 Word7,65591,630.0,Word994 Word674,2018-02-01,Word563 Word580 Word581 Word232,NoDoc
Word332 Word333,197329,17110.0,Word593 Word1017,2018-10-31,Word560 Word561 Word366 Word562,Doc1
Word16 Word17 Word18 Word7,6789,540.0,Word785 Word948 Word764 Word26,2018-06-30,Word563 Word564 Word9 Word26,NoDoc
Word16 Word17 Word18 Word7,NT1315,5040.0,Word796 Word785,2018-09-30,Word563 Word564 Word9 Word26,NoDoc
Word27 Word28 Word29 Word5,1085476,1000.0,Word130,2018-06-30,Word563 Word307,NoDoc
Word59 Word60 Word61 Word5,869,216.0,Word60 Word99 Word26,2018-03-01,Word563 Word564 Word9 Word26,NoDoc
Word16 Word17 Word18 Word7,ZK107,900.0,Word255 Word791,2018-05-31,Word563 Word564 Word9 Word26,NoDoc
Word363 Word364 Word181,KUXEVJXJHB100218,400000.0,Word1394 Word745 Word1395,2018-10-31,Word762 Word193 Word763 Word764 Word765 Word766 Word767,NoDoc
Word162 Word7,KQA20NJR18,9266.0,Word582 Word1093 Word791,2018-05-31,Word567 Word582 Word107,Doc1
Word19 Word20 Word21 Word22 Word23 Word5,11180,424.12,Word633 Word575,2017-12-01,Word563 Word575,NoDoc
Word30 Word31,657561,364.0,Word935 Word26,2018-05-31,Word563 Word564 Word9 Word26,NoDoc
Word16 Word17 Word3 Word7,70953,1415.0,Word562,2018-06-30,Word288 Word626 Word627,NoDoc
Word16 Word17 Word18 Word7,2597,1080.0,Word1013,2018-04-30,Word563 Word564 Word9 Word26,NoDoc
Word16 Word17 Word18 Word7,MU1316,5040.0,Word1497 Word784,2018-10-31,Word563 Word564 Word9 Word26,NoDoc
Word33 Word34 Word35 Word7,108644-1214,5854.06,Word562,2018-09-30,Word563 Word366 Word56 Word4,NoDoc
Word16 Word17 Word18 Word7,3449,108.0,Word783 Word784 Word785,2018-03-01,Word563 Word564 Word9 Word26,NoDoc
Word16 Word17 Word18 Word7,4908,630.0,Word338 Word1159 Word650,2018-04-30,Word563 Word564 Word9 Word26,NoDoc
Word42 Word43 Word5,8554,875.0,Word804 Word805 Word809 Word867 Word849,2018-11-30,Word567 Word582 Word366 Word562,Doc1
Word16 Word17 Word18 Word7,2627,540.0,,2018-02-01,Word563 Word580 Word581 Word232,NoDoc
Word62 Word63 Word18 Word7,215260T,2450.0,Word1139,2018-06-30,Word560 Word561 Word366 Word562,Doc1
Word16 Word17 Word18 Word7,4530,140.4,Word783 Word784 Word785,2018-04-01,Word563 Word564 Word9 Word26,NoDoc
Word16 Word17 Word18 Word7,4402,1888.8,Word942 Word784 Word785,2018-03-01,Word567 Word568 Word569 Word570,Doc1
Word254 Word255 Word5,3099,133224.0,Word1603 Word278,2018-11-30,Word567 Word650 Word9 Word255,Doc1
Word16 Word17 Word18 Word7,3018,1248.0,Word330 Word99 Word764 Word61,2018-02-01,Word563 Word564 Word9 Word26,NoDoc
Word48 Word3 Word4 Word5,RD20181678,22820.0,Word1993 Word718 Word877,2018-07-31,Word560 Word561 Word612,Doc1
Word59 Word60 Word61 Word5,757,3185.0,Word780 Word1031 Word784 Word826,2018-01-01,Word563 Word564 Word9 Word26,NoDoc
Word80 Word3 Word4,P156873,89681.0,Word562 Word1017 Word602 Word1079,2018-10-31,Word567 Word568 Word569 Word295,Doc1
Word160 Word161 Word61 Word45 Word39,1106-1,2860.0,Word338 Word935 Word172 Word1196,2018-10-31,Word567 Word568 Word569 Word570,Doc1
Word44 Word45 Word46,201806-00045,2829197.98,Word845 Word835 Word46,2018-07-31,Word671 Word561 Word160 Word694 Word695 Word160 Word593,Doc1
Word42 Word43 Word5,7407,1885.0,Word1488 Word9 Word1489,2017-12-01,Word576 Word366 Word562,Doc3
Word16 Word17 Word18 Word7,MX449,2800.0,Word330 Word99 Word764 Word26,2018-06-30,Word563 Word564 Word9 Word26,NoDoc
Word33 Word34 Word35 Word7,108644-1267,3684.45,Word562,2018-10-31,Word563 Word366 Word56 Word4,NoDoc
Word116 Word117 Word118 Word119 Word7,154526,576.0,Word51 Word794 Word562,2018-11-30,Word563 Word580 Word581 Word232,NoDoc
Word58 Word3 Word4 Word5,12900,560.0,Word994 Word832 Word84,2018-05-31,Word563 Word580 Word581 Word232,NoDoc
Word177 Word178 Word147 Word7,191MEK,12944.0,Word802 Word706 Word191,2018-04-01,Word563 Word366 Word562,NoDoc
Word160 Word161 Word61 Word45 Word39,1110-1,195.0,Word61,2018-10-31,Word563 Word564 Word9 Word26,NoDoc
Word47 Word3 Word4 Word39,2018008475,5163.5,Word60 Word99 Word764 Word26,2018-04-30,Word563 Word564 Word9 Word26,NoDoc
Word96 Word3 Word4 Word5,86476,1935.0,Word797 Word190,2018-07-31,Word563 Word132 Word610,NoDoc
Word47 Word3 Word4 Word39,2018014539,680.0,Word202,2018-07-31,Word567 Word650 Word9 Word255,Doc1
Word16 Word17 Word18 Word7,FK1369,720.0,Word819,2018-09-30,Word563 Word564 Word9 Word26,NoDoc
Word44 Word45 Word46,201806-00045,2829197.98,Word845 Word835 Word46,2018-07-31,Word563 Word580 Word202 Word592,NoDoc
Word16 Word17 Word3 Word7,71718,666.0,Word1314 Word1072 Word1315,2018-08-31,Word563 Word366 Word562,NoDoc
Word106 Word107 Word7,81215-18,3547.0,Word118 Word991,2018-03-01,Word576 Word118 Word708 Word662,Doc3
Word16 Word17 Word18 Word7,3319,427.2,Word785 Word330 Word99 Word764 Word26,2018-02-01,Word563 Word564 Word9 Word26,NoDoc
Word48 Word3 Word4 Word5,DC20174728,630.0,,2018-02-01,Word563 Word564 Word9 Word26,NoDoc
Word113 Word114 Word115 Word7,149815,1567.5,Word578 Word791,2018-09-30,Word52 Word330 Word566,NoDoc
Word208 Word209 Word155 Word7,F41962,461.5,Word156 Word798,2018-05-31,Word567 Word568 Word569 Word570,Doc1
Word106 Word107 Word7,86705-1,1994.58,Word13 Word791,2018-12-31,Word563 Word366 Word562,NoDoc
Word8 Word9 Word10 Word11 Word5,4.80R+11,3616.3,Word60 Word99 Word26,2018-05-31,Word563 Word564 Word9 Word26,NoDoc
Word16 Word17 Word18 Word7,2288,842.4,,2018-02-01,Word563 Word564 Word9 Word26,NoDoc
Word273 Word61,493,2665.0,Word564 Word9 Word1516,2018-08-31,Word563 Word564 Word9 Word26,NoDoc
Word218 Word22 Word4 Word5,11984,17325.0,Word1043 Word190,2018-07-31,Word567 Word582 Word366 Word562,Doc1
Word116 Word117 Word118 Word119 Word7,143549,1400.28,Word51 Word985 Word562,2018-09-30,Word563 Word366 Word562,NoDoc
Word16 Word17 Word18 Word7,KK950,675.0,Word125 Word966,2018-08-31,Word563 Word580 Word581 Word232,NoDoc
Word113 Word114 Word115 Word7,140774,1330.0,Word578 Word791,2018-01-01,Word560 Word561 Word315 Word577 Word642 Word644,Doc1
Word8 Word9 Word10 Word11 Word5,4.80R+11,7650.0,Word577 Word1376 Word170,2018-06-30,Word563 Word564 Word9 Word26,NoDoc
Word8 Word9 Word10 Word11 Word5,4.80W+11,55.9,Word929,2018-05-31,Word563 Word564 Word9 Word26,NoDoc
Word16 Word17 Word18 Word7,YY105,86940.0,Word190 Word965,2018-06-30,Word563 Word564 Word9 Word26,NoDoc
Word33 Word34 Word35 Word7,108644-1397,3919.59,Word946,2018-11-30,Word563 Word366 Word56 Word4,NoDoc
Word144 Word145 Word146 Word147 Word7,125278,3458.0,Word1617 Word562,2018-04-01,Word567 Word569 Word570,Doc1
Word6 Word7,10237,2080.0,Word711 Word1157,2018-01-01,Word576 Word366 Word562,Doc3
Word16 Word17 Word18 Word7,FB103,6300.0,Word330 Word99 Word764 Word26,2018-05-31,Word563 Word564 Word9 Word26,NoDoc
Word16 Word17 Word18 Word7,3991,1080.0,Word794 Word966,2018-04-30,Word563 Word564 Word9 Word26,NoDoc
Word16 Word17 Word18 Word7,DY1140,2520.0,Word61,2018-08-31,Word563 Word564 Word9 Word26,NoDoc
Word8 Word9 Word10 Word11 Word5,4.80H+11,111.8,Word61,2018-02-01,Word563 Word564 Word9 Word26,NoDoc
Word30 Word31,674240,1057.5,Word797 Word809,2018-09-30,Word560 Word561 Word366 Word562,Doc1
Word85 Word86 Word87 Word5 Word88 Word16 Word17 Word3 Word7,66206,420.0,Word899 Word805 Word605,2018-03-01,Word563 Word580 Word581 Word232,NoDoc
Word33 Word34 Word35 Word7,108644-642XT,-903.84,Word100 Word1506 Word45 Word883 Word45 Word909,2018-05-31,Word563 Word366 Word56 Word4,NoDoc
Word38 Word4 Word39,41490595,3750.0,Word1021 Word1386 Word659,2018-05-31,Word563 Word121 Word579,NoDoc
Word96 Word3 Word4 Word5,77661,801.25,Word1859 Word636 Word190,2018-06-30,Word567 Word582 Word580 Word202 Word545,Doc1
Word19 Word20 Word21 Word22 Word23 Word5,15799,170.52,Word633 Word575,2018-07-31,Word563 Word575,NoDoc
Word16 Word17 Word18 Word7,3230,1158.0,Word1053 Word330 Word99 Word764 Word780,2018-02-01,Word563 Word564 Word9 Word26,NoDoc
Word8 Word9 Word10 Word11 Word5,4.80Z+11,11352.0,Word569 Word26,2018-01-01,Word567 Word568 Word569 Word570,Doc1
Word16 Word17 Word18 Word7,6996,1034.4,Word924 Word784 Word785,2018-05-31,Word563 Word564 Word9 Word26,NoDoc
Word44 Word45 Word46,201805-00053-RD0,2570126.23,Word834 Word835 Word46,2018-06-30,Word560 Word561 Word740 Word741,Doc1
Word378 Word147 Word5,7709,4600.0,Word562,2017-12-01,Word563 Word580 Word581 Word232,NoDoc
Word38 Word4 Word39,41467856,6575.0,Word1021 Word1131 Word659,2017-12-01,Word563 Word121 Word579,NoDoc
Word16 Word17 Word18 Word7,VD1845,1080.0,Word819 Word785,2018-10-31,Word563 Word564 Word9 Word26,NoDoc
Word106 Word107 Word7,82325-1,625.0,Word969 Word791 Word967 Word847,2018-01-01,Word567 Word568 Word569 Word570,Doc1
Word73 Word4 Word5,1901,4270.0,Word653 Word53,2018-07-31,Word563 Word366 Word562,NoDoc
Word30 Word31,676897,48.0,Word26 Word569,2018-10-31,Word563 Word564 Word9 Word26,NoDoc
Word42 Word43 Word5,8152,725.0,Word562,2018-08-31,Word560 Word611 Word603 Word604 Word605 Word606,Doc1
Word74 Word75 Word44 Word5,LCO00128,269111.58,Word840 Word841 Word842 Word843,2016-10-01,Word563 Word600 Word601 Word602,NoDoc
Word33 Word34 Word35 Word7,108644-1309,1911.24,Word562 Word1086 Word808 Word1086 Word882 Word808,2018-10-31,Word563 Word366 Word56 Word4,NoDoc
Word33 Word34 Word35 Word7,108644-1218,7733.41,Word562,2018-09-30,Word563 Word366 Word56 Word4,NoDoc
Word38 Word4 Word39,41498419,2500.0,Word1484 Word985,2018-06-30,Word563 Word366 Word562,NoDoc
Word78 Word79 Word11 Word5,G033118-17,120.0,Word330 Word99 Word780 Word745 Word1712 Word835,2018-05-31,Word563 Word564 Word9 Word26,NoDoc
Word8 Word9 Word10 Word11 Word5,4.80O+11,4536.0,Word61,2018-11-30,Word563 Word564 Word9 Word26,NoDoc
Word96 Word3 Word4 Word5,78641,527.5,Word305 Word132 Word190,2018-06-30,Word563 Word608 Word609,NoDoc
Word16 Word17 Word18 Word7,6947,230.4,Word783 Word784 Word785,2018-05-31,Word563 Word564 Word9 Word26,NoDoc
Word186 Word4 Word5,10075,47500.0,Word580 Word1260 Word791,2018-07-31,Word52 Word330 Word566,NoDoc
Word160 Word161 Word61 Word45 Word39,785-1,48.0,,2018-02-01,Word563 Word564 Word9 Word26,NoDoc
Word179 Word180 Word181 Word182,EPLPVBB010818,12896.27,Word979 Word1005 Word909 Word45 Word831 Word830,2018-01-01,Word571 Word52 Word646 Word633 Word579,NoDoc
Word257 Word258 Word259 Word5,180403-12182,23400.0,Word259 Word1110 Word1111,2018-05-31,Word567 Word582 Word580 Word202 Word545,Doc1
Word16 Word17 Word18 Word7,3865,916.8,Word1124 Word784 Word785,2018-07-31,Word563 Word564 Word9 Word26,NoDoc
Word16 Word17 Word18 Word7,QI961,90.0,Word783 Word784 Word785,2018-08-31,Word563 Word564 Word9 Word26,NoDoc
Word381 Word3 Word4,BMS366197,22595.0,Word1449 Word4,2018-08-31,Word560 Word561 Word366 Word562,Doc1
Word16 Word17 Word18 Word7,3534,1383.0,Word61,2018-03-01,Word563 Word564 Word9 Word26,NoDoc
Word62 Word63 Word18 Word7,216694V,1500.0,Word259 Word791,2018-08-31,Word576 Word202 Word545,Doc3
Word346 Word5,120-10466,1944.0,Word1305 Word99 Word592,2018-06-30,Word576 Word366 Word562,Doc3
Word8 Word9 Word10 Word11 Word5,4.80V+11,51.6,Word783 Word784 Word568 Word650,2018-06-30,Word563 Word564 Word9 Word26,NoDoc
Word116 Word117 Word118 Word119 Word7,155119,705.0,Word51 Word791,2018-10-31,Word563 Word580 Word581 Word232,NoDoc
Word16 Word17 Word18 Word7,2650,456.3,,2018-02-01,Word563 Word564 Word9 Word26,NoDoc
Word80 Word3 Word4,U134738,19654.0,Word1079 Word1080,2018-07-31,Word563 Word366 Word562,NoDoc
Word16 Word17 Word18 Word7,MU1638,1080.0,Word61,2018-10-31,Word563 Word564 Word9 Word26,NoDoc
Word192 Word193 Word194,1809462,23870.22,Word1045 Word835 Word619 Word991,2018-10-31,Word560 Word611 Word603 Word604 Word605 Word606,Doc1
Word80 Word3 Word4,X106801,11625.0,Word562,2018-04-30,Word567 Word569 Word295,Doc1
Word62 Word63 Word18 Word7,212192S,240.0,Word60 Word99 Word764 Word61,2018-02-01,Word563 Word564 Word9 Word26,NoDoc
Word76 Word77 Word5,52031699,4205.0,Word1261 Word908,2018-10-31,Word52 Word330 Word566,NoDoc
Word40 Word41 Word4 Word5,2114,1860.0,Word802 Word278 Word1242 Word803,2018-08-31,Word567 Word582 Word366 Word562,Doc1
Word48 Word3 Word4 Word5,SW20180982,88.0,Word1028 Word9,2018-09-30,Word563 Word564 Word9 Word26,NoDoc
Word33 Word34 Word35 Word7,108644-643,4763.64,Word571 Word1739 Word909 Word778 Word45 Word695,2018-03-01,Word563 Word366 Word56 Word4,NoDoc
Word48 Word3 Word4 Word5,EK20181984,198.0,Word1117 Word2073 Word877,2018-07-31,Word567 Word568 Word569 Word570,Doc1
Word116 Word117 Word118 Word119 Word7,154245,808.68,Word562 Word1406 Word84,2018-10-31,Word563 Word580 Word581 Word232,NoDoc
Word8 Word9 Word10 Word11 Word5,4.80B+11,335.4,Word2047 Word978 Word924 Word568,2018-08-31,Word563 Word564 Word9 Word26,NoDoc
Word101 Word102 Word103 Word7,111086,21848.81,Word1130 Word931 Word562 Word2046,2018-03-01,Word576 Word366 Word562,Doc3
Word257 Word258 Word259 Word5,180703-12801,23400.0,Word1347 Word856,2018-07-31,Word567 Word582 Word580 Word202 Word545,Doc1
Word58 Word3 Word4 Word5,12981,345.0,Word562,2018-05-31,Word563 Word580 Word581 Word232,NoDoc
Word48 Word3 Word4 Word5,MB20183391,1230.0,Word954 Word454,2018-10-31,Word563 Word564 Word9 Word26,NoDoc
Word30 Word31,664517,6545.0,Word797 Word190,2018-07-31,Word560 Word561 Word366 Word562,Doc1
Word16 Word17 Word18 Word7,EA2004,900.0,Word338 Word959 Word784 Word165 Word948,2018-11-30,Word563 Word564 Word9 Word26,NoDoc
Word16 Word17 Word3 Word7,70998,480.0,Word848 Word849 Word964,2018-07-31,Word563 Word366 Word562,NoDoc
Word8 Word9 Word10 Word11 Word5,4.80V+11,51.6,Word783 Word784 Word568 Word650,2018-06-30,Word563 Word564 Word9 Word26,NoDoc
Word16 Word17 Word18 Word7,2472,180.0,Word132 Word610,2018-02-01,Word563 Word132 Word610,NoDoc
Word328 Word329 Word330 Word331 Word331 Word193,745428,487.5,Word744 Word1728,2018-07-31,Word560 Word746 Word747 Word571 Word571,Doc1
Word16 Word17 Word18 Word7,3138,899.4,Word924 Word784 Word785,2018-03-01,Word563 Word564 Word9 Word26,NoDoc
Word16 Word17 Word18 Word7,2259,927.0,Word992 Word784 Word785,2018-01-01,Word563 Word564 Word9 Word26,NoDoc
Word85 Word86 Word87 Word5 Word88 Word16 Word17 Word3 Word7,66180,315.0,Word899 Word805 Word605,2018-03-01,Word563 Word580 Word581 Word232,NoDoc
Word1 Word2 Word3 Word4 Word5,44912125,4550.0,Word771 Word772,2018-08-31,Word560 Word561 Word366 Word562,Doc1
Word54 Word3 Word4,JYN52412,2325.0,,2018-01-01,Word563 Word564 Word9 Word26,NoDoc
Word30 Word31,678836,22.0,Word61,2018-10-31,Word563 Word564 Word9 Word26,NoDoc
Word85 Word86 Word87 Word5 Word88 Word16 Word17 Word3 Word7,65975,262.52,Word899 Word805 Word605,2018-03-01,Word563 Word580 Word581 Word232,NoDoc
Word33 Word34 Word35 Word7,108644-1203,3993.2,Word562,2018-09-30,Word563 Word366 Word56 Word4,NoDoc
Word38 Word4 Word39,41513549,18500.0,Word1021 Word1022 Word659,2018-07-31,Word563 Word121 Word579,NoDoc
Word16 Word17 Word3 Word7,70670,680.0,Word2002 Word2003 Word1170,2018-06-30,Word288 Word626 Word627,NoDoc
Word137 Word138 Word7,VPYU4813,1680.0,Word1712 Word835 Word905 Word791,2018-04-01,Word563 Word359,NoDoc
Word8 Word9 Word10 Word11 Word5,4.80C+11,600.0,Word132 Word878 Word9,2018-07-31,Word563 Word564 Word9 Word26,NoDoc
Word58 Word3 Word4 Word5,12911,340.0,Word1534 Word1535,2018-04-30,Word563 Word366 Word562,NoDoc
Word38 Word4 Word39,41512646,22000.0,Word1021 Word1022 Word659,2018-07-31,Word563 Word121 Word579,NoDoc
Word42 Word43 Word5,7987,36000.0,Word773 Word774,2018-05-31,Word563 Word580 Word581 Word232,NoDoc
Word85 Word86 Word87 Word5 Word88 Word16 Word17 Word3 Word7,65140,275.0,,2018-01-01,Word563 Word580 Word581 Word232,NoDoc
Word42 Word43 Word5,7456,290.0,,2018-02-01,Word560 Word611 Word603 Word604 Word605 Word606,Doc1
Word96 Word3 Word4 Word5,65170,2500.0,Word1587 Word797 Word190,2018-02-01,Word567 Word582 Word580 Word202 Word545,Doc1
Word156 Word157 Word7,1553789,476.16,Word575,2017-12-01,Word563 Word608 Word609,NoDoc
Word6 Word7,10661,645.0,Word1080 Word806 Word202 Word1126,2018-08-31,Word560 Word561 Word580 Word202 Word545,Doc1
Word6 Word7,10321,470.0,Word806 Word1080 Word780 Word856,2018-02-01,Word560 Word561 Word580 Word202 Word545,Doc1
Word41 Word125 Word34 Word5,4312,9560.0,Word569 Word888 Word889,2018-02-01,Word567 Word582 Word580 Word202 Word545,Doc1
Word30 Word31,651643,182.0,Word60 Word99 Word26,2018-04-01,Word563 Word564 Word9 Word26,NoDoc
Word30 Word31,659977,340.0,Word797 Word190,2018-05-31,Word563 Word132 Word610,NoDoc
Word16 Word17 Word18 Word7,4624,1417.2,Word338 Word779 Word258 Word26,2018-04-30,Word563 Word564 Word9 Word26,NoDoc
Word240 Word200 Word3 Word4 Word5,Z18469,59500.0,Word278 Word772 Word888,2018-10-31,Word567 Word582 Word583 Word584 Word585 Word586,Doc1
Word16 Word17 Word18 Word7,XS1101,2520.0,Word884 Word784 Word785,2018-08-31,Word563 Word564 Word9 Word26,NoDoc
Word80 Word3 Word4,A139774,13420.0,Word592 Word856 Word562,2018-09-30,Word563 Word645 Word562,NoDoc
Word19 Word20 Word21 Word22 Word23 Word5,18560,318.08,Word633 Word575,2018-10-31,Word563 Word575,NoDoc
Word8 Word9 Word10 Word11 Word5,4.80N+11,103.2,Word1028,2018-06-30,Word563 Word564 Word9 Word26,NoDoc
Word16 Word17 Word18 Word7,GV610,2520.0,Word785 Word9,2018-07-31,Word563 Word564 Word9 Word26,NoDoc
Word8 Word9 Word10 Word11 Word5,4.80C+11,107.5,Word564 Word9 Word26,2017-12-01,Word563 Word564 Word9 Word26,NoDoc
Word38 Word4 Word39,41503665,4100.0,Word1171 Word1107 Word794 Word659 Word1295,2018-07-31,Word563 Word121 Word579,NoDoc
Word308 Word309 Word310,2018AKTXFBZNBJPGIL,2760671.27,Word835 Word682 Word683 Word684,2018-10-31,Word563 Word682 Word683 Word684,NoDoc
Word16 Word17 Word18 Word7,TX129,921.6,Word924 Word784 Word785,2018-05-31,Word563 Word564 Word9 Word26,NoDoc
Word356 Word13,J3071,19043.0,Word846 Word791 Word45 Word694 Word45 Word778,2018-01-01,Word565 Word566,NoDoc
Word113 Word114 Word115 Word7,143585,750.0,Word1144 Word791,2018-05-31,Word565 Word566,NoDoc
Word44 Word45 Word46,201811-00046,8799523.59,Word807 Word808 Word46,2018-12-31,Word560 Word561 Word82,Doc1
Word68 Word531,HBFJVYU083018,390.6,Word613 Word781 Word2027,2018-08-31,Word571 Word52 Word594 Word641,NoDoc
Word54 Word3 Word4,UTC53326,150.0,Word9 Word780,2018-02-01,Word563 Word564 Word9 Word26,NoDoc
Word179 Word180 Word181 Word182,GTDUV080118-JBJ,-44473.31,Word979 Word836 Word980 Word45 Word981 Word808,2018-08-31,Word571 Word52 Word594 Word641,NoDoc
Word16 Word17 Word18 Word7,BT1583,720.0,Word885 Word784,2018-10-31,Word567 Word568 Word569 Word570,Doc1
Word16 Word17 Word18 Word7,HE1112,1080.0,Word959 Word784 Word785,2018-08-31,Word563 Word564 Word9 Word26,NoDoc
Word318,4393832,2254.8,Word1255 Word65,2018-06-30,Word613 Word99 Word614 Word98 Word338 Word678,Doc2
Word19 Word20 Word21 Word22 Word23 Word5,20131,275.46,Word1670 Word1671 Word868,2018-11-30,Word563 Word575,NoDoc
Word162 Word7,JMIX18DDU18,6824.0,Word582 Word943,2018-08-31,Word567 Word582 Word107,Doc1
Word16 Word17 Word18 Word7,TA1562,270.0,Word61,2018-10-31,Word563 Word564 Word9 Word26,NoDoc
Word8 Word9 Word10 Word11 Word5,4.80D+11,60.0,Word61,2018-09-30,Word563 Word564 Word9 Word26,NoDoc
Word16 Word17 Word18 Word7,2672,152.1,Word785 Word330 Word99 Word764 Word61,2018-02-01,Word563 Word564 Word9 Word26,NoDoc
Word33 Word34 Word35 Word7,108644-637,8384.39,Word1026 Word883 Word1027 Word562,2018-03-01,Word563 Word366 Word56 Word4,NoDoc
Word85 Word86 Word87 Word5 Word88 Word16 Word17 Word3 Word7,70263,945.0,Word562,2018-04-30,Word563 Word366 Word562,NoDoc
Word16 Word17 Word3 Word7,71276,2133.0,Word800 Word1426 Word797 Word1427,2018-10-31,Word563 Word366 Word562,NoDoc
Word16 Word17 Word18 Word7,DZ1733,630.0,Word1379 Word785,2018-11-30,Word563 Word564 Word9 Word26,NoDoc
Word215 Word3 Word4 Word39,92625846,5000.0,Word444 Word56,2018-03-01,Word567 Word582 Word580 Word202 Word545,Doc1
Word286 Word287 Word288 Word39,51418061069,405.0,Word132 Word878 Word1323,2018-08-31,Word560 Word561 Word612,Doc1
Word269 Word270 Word44 Word39,20911,4995.53,Word1133 Word1134 Word1135,2018-01-01,Word571 Word52 Word657 Word661 Word662 Word663 Word664,NoDoc
Word42 Word43 Word5,8001,1490.0,Word1119 Word1120 Word806,2018-05-31,Word563 Word580 Word581 Word232,NoDoc
Word48 Word3 Word4 Word5,HV20183812,870.0,Word798 Word799 Word132 Word878 Word642,2018-11-30,Word563 Word564 Word9 Word26,NoDoc
Word30 Word31,671341,361.25,Word330 Word99 Word26,2018-08-31,Word563 Word564 Word9 Word26,NoDoc
Word8 Word9 Word10 Word11 Word5,4.80P+11,670.8,Word779 Word258 Word780,2017-12-01,Word567 Word568 Word569 Word570,Doc1
Word27 Word28 Word29 Word5,1157514,11259.36,Word1096 Word1985 Word706,2018-11-30,Word576 Word130 Word577 Word578,Doc3
Word179 Word180 Word181 Word182,OBWEW09282018,48705.93,Word979 Word836 Word694 Word45 Word911 Word808,2018-10-31,Word571 Word52 Word594 Word595 Word596 Word597,NoDoc
Word131 Word132 Word133 Word5,R21804001,75225.18,Word1061 Word61 Word1046,2018-06-30,Word563 Word564 Word9 Word26,NoDoc
Word223 Word60 Word65 Word4 Word7,3118,4246.0,Word65 Word791,2018-05-31,Word560 Word561 Word593 Word578 Word65,Doc1
Word131 Word132 Word133 Word5,M21807003,161147.43,Word1058 Word835 Word61 Word1046,2018-09-30,Word563 Word564 Word9 Word26,NoDoc
Word8 Word9 Word10 Word11 Word5,4.80M+11,175.0,Word132 Word1183 Word9,2018-09-30,Word567 Word568 Word569 Word570,Doc1
Word273 Word61,479,1535.0,Word826 Word780,2018-07-31,Word563 Word564 Word9 Word26,NoDoc
Word30 Word31,646196,42.0,Word826 Word780,2018-03-01,Word563 Word564 Word9 Word26,NoDoc
Word41 Word125 Word34 Word5,52,137080.0,Word592 Word295,2017-12-01,Word567 Word582 Word580 Word202 Word545,Doc1
Word33 Word34 Word35 Word7,108644-829,3715.14,Word562,2018-05-31,Word563 Word366 Word56 Word4,NoDoc
Word16 Word17 Word18 Word7,4612,1152.0,Word992 Word784 Word785,2018-04-30,Word563 Word564 Word9 Word26,NoDoc
Word16 Word17 Word18 Word7,VO348,360.0,Word1300 Word784 Word785,2018-06-30,Word563 Word132 Word610,NoDoc
Word58 Word3 Word4 Word5,13277,2110.0,Word516 Word791,2018-08-31,Word567 Word582 Word366 Word562,Doc1
Word166 Word5,1529,340.0,Word785 Word1031 Word784 Word165 Word779 Word99,2018-11-30,Word563 Word132 Word610,NoDoc
Word16 Word17 Word3 Word7,71529,432.0,Word393 Word798,2018-08-31,Word563 Word366 Word562,NoDoc
Word24 Word22 Word4 Word5,22451,1062.5,Word562 Word26,2018-06-30,Word567 Word568 Word569 Word570,Doc1
Word16 Word17 Word18 Word7,2278,1062.0,,2018-02-01,Word563 Word564 Word9 Word26,NoDoc
Word179 Word180 Word181 Word182,GBXZE080118-KPG,-44473.31,Word979 Word836 Word980 Word45 Word981 Word808,2018-08-31,Word571 Word52 Word636 Word372 Word575 Word613,NoDoc
Word16 Word17 Word18 Word7,MU477,2800.0,Word338 Word330 Word99 Word26,2018-06-30,Word563 Word564 Word9 Word26,NoDoc
Word73 Word4 Word5,3378,3977.0,Word762 Word145 Word562,2018-08-31,Word563 Word366 Word562,NoDoc
Word8 Word9 Word10 Word11 Word5,4.80S+11,75.0,Word569,2018-07-31,Word567 Word568 Word569 Word570,Doc1
Word16 Word17 Word18 Word7,4260,1260.0,Word899 Word805 Word810,2018-03-01,Word563 Word580 Word581 Word232,NoDoc
Word101 Word102 Word103 Word7,113886,2968.0,Word351 Word165 Word1072,2018-10-31,Word563 Word366 Word562,NoDoc
Word16 Word17 Word18 Word7,TE1661,5040.0,Word1803 Word784 Word764 Word26,2018-10-31,Word563 Word564 Word9 Word26,NoDoc
Word16 Word17 Word18 Word7,NW1040,720.0,Word785 Word330 Word99 Word780,2018-08-31,Word563 Word564 Word9 Word26,NoDoc
Word16 Word17 Word18 Word7,YD1915,5040.0,Word1235 Word785,2018-10-31,Word563 Word564 Word9 Word26,NoDoc
Word108 Word109 Word45 Word5,1155,36710.5,Word26 Word745,2018-04-01,Word563 Word564 Word9 Word26,NoDoc
Word38 Word4 Word39,41474396,3500.0,Word1021 Word121 Word659,2018-01-01,Word563 Word121 Word579,NoDoc
Word42 Word43 Word5,8353,568.5,Word931 Word876 Word2000,2018-09-30,Word560 Word561 Word366 Word562,Doc1
Word111 Word112 Word91 Word107 Word7,27076,5902.0,Word777 Word883 Word967 Word883 Word909,2018-06-30,Word567 Word582 Word107,Doc1
Word42 Word43 Word5,8013,870.0,Word804 Word805 Word806,2018-05-31,Word563 Word580 Word581 Word232,NoDoc
Word162 Word7,ENL10LVA18,8932.0,Word13 Word967 Word883 Word967 Word1062,2018-11-30,Word567 Word582 Word107,Doc1
Word96 Word3 Word4 Word5,92688,632.5,Word305 Word132 Word190 Word1193,2018-10-31,Word563 Word608 Word609,NoDoc
Word16 Word17 Word18 Word7,YB1144,2520.0,Word1189 Word784 Word785,2018-08-31,Word563 Word564 Word9 Word26,NoDoc
Word38 Word4 Word39,41481892,3500.0,Word121 Word791,2018-02-01,Word563 Word121 Word579,NoDoc
Word59 Word60 Word61 Word5,1109,49.5,Word1192 Word784 Word826,2018-08-31,Word563 Word564 Word9 Word26,NoDoc
Word16 Word17 Word18 Word7,HO1410,5040.0,Word1497 Word784,2018-10-31,Word563 Word564 Word9 Word26,NoDoc
Word106 Word107 Word7,84875-1,1025.42,Word949 Word791,2018-09-30,Word563 Word366 Word562,NoDoc
Word96 Word3 Word4 Word5,85722,90.0,Word1498 Word825,2018-07-31,Word563 Word580 Word581 Word232,NoDoc
Word38 Word4 Word39,41525622,24500.0,Word121 Word836,2018-10-31,Word563 Word121 Word579,NoDoc
Word16 Word17 Word18 Word7,HF1303,2520.0,Word1545 Word784 Word785,2018-09-30,Word563 Word564 Word9 Word26,NoDoc
Word83 Word84 Word44 Word7,41618-3-1,1915.35,Word850 Word827,2018-05-31,Word563 Word366 Word562,NoDoc
Word116 Word117 Word118 Word119 Word7,148679,562.43,Word51 Word794,2018-04-01,Word563 Word580 Word581 Word232,NoDoc
Word42 Word43 Word5,8151,3840.0,Word1327 Word190,2018-07-31,Word560 Word611 Word603 Word604 Word605 Word606,Doc1
Word196 Word197 Word198 Word4 Word7,401K082418KORSCOI,125517.38,Word640 Word1002,2018-08-31,Word571 Word52 Word639 Word640 Word579,NoDoc
Word16 Word17 Word18 Word7,4030,152.1,Word1031 Word784 Word785,2018-03-01,Word563 Word564 Word9 Word26,NoDoc
Word16 Word17 Word18 Word7,TS1112,1080.0,Word959 Word784 Word785,2018-08-31,Word563 Word564 Word9 Word26,NoDoc
Word144 Word145 Word146 Word147 Word7,124695,1155.0,Word516 Word1787 Word1090,2018-02-01,Word588 Word568 Word451 Word545,Doc1
Word54 Word98 Word4 Word7,18988,700.0,Word593 Word860,2018-09-30,Word560 Word561 Word366 Word562,Doc1
Word16 Word17 Word3 Word7,70602,105.0,Word987 Word799 Word278,2018-05-31,Word563 Word366 Word562,NoDoc
Word16 Word17 Word18 Word7,1885,1440.0,Word1524 Word2081,2017-12-01,Word563 Word580 Word202 Word592,NoDoc
Word116 Word117 Word118 Word119 Word7,148644,697.16,Word51 Word794,2018-07-31,Word563 Word366 Word562,NoDoc
Word8 Word9 Word10 Word11 Word5,4.80V+11,120.0,Word61,2018-07-31,Word563 Word564 Word9 Word26,NoDoc
Word44 Word45 Word46,201805-00053-LI0,2570126.23,Word834 Word835 Word46,2018-06-30,Word563 Word174,NoDoc
Word85 Word86 Word87 Word5 Word88 Word16 Word17 Word3 Word7,65606,105.0,Word1326 Word1484 Word1436,2018-02-01,Word563 Word580 Word581 Word232,NoDoc
Word8 Word9 Word10 Word11 Word5,4.80W+11,65.0,Word330 Word99 Word26,2018-07-31,Word567 Word568 Word569 Word570,Doc1
Word134 Word61 Word45 Word39,928-1,27.0,Word1286 Word636 Word826,2018-04-30,Word563 Word564 Word9 Word26,NoDoc
Word8 Word9 Word10 Word11 Word5,4.80G+11,120.0,Word885 Word784 Word785,2018-08-31,Word563 Word564 Word9 Word26,NoDoc
Word134 Word61 Word45 Word39,TIWAWI 2018 KTOSESKH,37930.95,Word1733 Word784 Word689 Word780,2018-10-31,Word563 Word564 Word9 Word26,NoDoc
Word19 Word20 Word21 Word22 Word23 Word5,14131,1344.91,Word575 Word868,2018-05-31,Word563 Word575,NoDoc
Word16 Word17 Word18 Word7,SR547,540.0,Word1367 Word784 Word785,2018-07-31,Word567 Word650 Word9 Word255,Doc1
Word556 Word130 Word5,100,6900.0,Word1580,2018-10-31,Word52 Word330 Word566,NoDoc
Word260 Word65 Word7,600702,1008.8,Word562,2018-11-30,Word563 Word366 Word562,NoDoc
Word19 Word20 Word21 Word22 Word23 Word5,18560,318.08,Word633 Word575,2018-10-31,Word563 Word575,NoDoc
Word78 Word79 Word11 Word5,A071418-07,384.0,Word330 Word99 Word26,2018-09-30,Word563 Word564 Word9 Word26,NoDoc
Word30 Word31,678836,22.0,Word61,2018-10-31,Word563 Word564 Word9 Word26,NoDoc
Word376 Word377 Word44,100060892,32500.0,Word13 Word791,2018-12-31,Word560 Word561 Word107,Doc1
Word16 Word17 Word18 Word7,2275,702.0,,2018-01-01,Word563 Word564 Word9 Word26,NoDoc
Word48 Word3 Word4 Word5,YT20180526,870.0,Word877,2018-07-31,Word563 Word564 Word9 Word26,NoDoc
Word90 Word91 Word92 Word7,109691,40275.5,Word857 Word757 Word2084,2018-03-01,Word567 Word582 Word580 Word202 Word545,Doc1
Word16 Word17 Word18 Word7,4367,1543.2,Word885 Word784 Word785,2018-04-01,Word563 Word564 Word9 Word26,NoDoc
Word38 Word4 Word39,41521644,3862.5,Word121 Word836,2018-09-30,Word563 Word121 Word579,NoDoc
Word533 Word3 Word4 Word75 Word39,LAQ_00109015,8455.0,Word2030 Word451,2018-03-01,Word565 Word566,NoDoc
Word137 Word138 Word7,YEEL5269,1680.0,Word834 Word835 Word905 Word791,2018-06-30,Word563 Word359,NoDoc
Word199 Word200 Word201 Word202 Word7,GBR-0025289,800.0,Word201 Word856,2018-08-31,Word563 Word580 Word202 Word592,NoDoc
Word16 Word17 Word18 Word7,BI2133,900.0,Word785 Word959 Word784 Word165 Word948,2018-11-30,Word563 Word564 Word9 Word26,NoDoc
Word16 Word17 Word18 Word7,4294,1489.2,Word885 Word784 Word785,2018-04-01,Word563 Word564 Word9 Word26,NoDoc
Word16 Word17 Word18 Word7,EI1651,3780.0,Word1414 Word785,2018-10-31,Word563 Word564 Word9 Word26,NoDoc
Word189 Word190 Word191 Word7,5451184,625.0,Word130 Word791,2018-08-31,Word560 Word561 Word551 Word4,Doc1
Word16 Word17 Word18 Word7,JD860,180.0,Word785 Word330 Word99,2018-08-31,Word563 Word564 Word9 Word26,NoDoc
Word16 Word17 Word18 Word7,1772,437.0,Word338 Word650 Word899 Word201,2017-12-01,Word563 Word564 Word9 Word26,NoDoc
Word116 Word117 Word118 Word119 Word7,155121,576.0,Word51 Word791,2018-10-31,Word563 Word580 Word581 Word232,NoDoc
Word16 Word17 Word18 Word7,3399,421.2,Word959 Word784 Word785,2018-03-01,Word563 Word564 Word9 Word26,NoDoc
Word78 Word79 Word11 Word5,C063018-11,48.0,Word568 Word650 Word780,2018-09-30,Word563 Word564 Word9 Word26,NoDoc
Word116 Word117 Word118 Word119 Word7,149587,409.5,Word51 Word794,2018-04-01,Word563 Word580 Word581 Word232,NoDoc
Word527 Word132 Word5,607898,7195.32,Word643 Word82,2018-05-31,Word560 Word561 Word82,Doc1
Word8 Word9 Word10 Word11 Word5,4.80N+11,180.0,Word330 Word99 Word780,2018-08-31,Word563 Word564 Word9 Word26,NoDoc
Word59 Word60 Word61 Word5,896,58.5,Word60 Word99 Word26,2018-03-01,Word563 Word564 Word9 Word26,NoDoc
Word16 Word17 Word18 Word7,3434,117.0,Word1031 Word784 Word785,2018-03-01,Word563 Word564 Word9 Word26,NoDoc
Word8 Word9 Word10 Word11 Word5,4.80B+11,53.75,Word1150 Word784 Word929,2018-02-01,Word563 Word564 Word9 Word26,NoDoc
Word16 Word17 Word18 Word7,2585,427.2,Word785 Word1275 Word764 Word26,2018-02-01,Word563 Word564 Word9 Word26,NoDoc
Word48 Word3 Word4 Word5,YK20180526,870.0,Word877,2018-07-31,Word563 Word564 Word9 Word26,NoDoc
Word16 Word17 Word18 Word7,2519,1175.4,Word783 Word784 Word785,2018-02-01,Word563 Word564 Word9 Word26,NoDoc
Word16 Word17 Word3 Word7,70965,360.0,Word820 Word821 Word815,2018-06-30,Word563 Word366 Word562,NoDoc
Word16 Word17 Word18 Word7,JL121,11340.0,Word1663 Word784 Word785,2018-05-31,Word563 Word564 Word9 Word26,NoDoc
Word16 Word17 Word18 Word7,3044,882.0,Word26,2018-03-01,Word563 Word564 Word9 Word26,NoDoc
Word110 Word22 Word4 Word5,WQ51-25084,807.5,Word887 Word577,2018-05-31,Word563 Word132 Word610,NoDoc
Word16 Word17 Word18 Word7,3017,1068.0,,2018-02-01,Word563 Word564 Word9 Word26,NoDoc
Word311 Word99 Word393 Word44,B1896461,4463.0,Word1484 Word202,2018-10-31,Word563 Word121 Word579,NoDoc
Word8 Word9 Word10 Word11 Word5,4.80M+11,47.3,Word61,2018-03-01,Word563 Word564 Word9 Word26,NoDoc
Word257 Word258 Word259 Word5,180703-12793,23400.0,Word1347 Word856,2018-07-31,Word567 Word582 Word580 Word202 Word545,Doc1
Word16 Word17 Word18 Word7,JU1149,270.0,Word61,2018-09-30,Word563 Word564 Word9 Word26,NoDoc
Word530 Word157 Word4 Word7,16869,704.0,Word2026 Word562,2018-09-30,Word560 Word561 Word366 Word562,Doc1
Word85 Word86 Word87 Word5 Word88 Word16 Word17 Word3 Word7,65452,840.0,Word1799 Word706,2018-02-01,Word563 Word366 Word562,NoDoc
Word89 Word44 Word5,66752635,1681.35,Word1609,2018-06-30,Word563 Word608 Word609,NoDoc
Word116 Word117 Word118 Word119 Word7,148343,552.89,Word994 Word204 Word889,2018-06-30,Word563 Word580 Word581 Word232,NoDoc
Word19 Word20 Word21 Word22 Word23 Word5,20040,726.28,Word1212 Word930 Word1213 Word330 Word193,2018-11-30,Word563 Word575,NoDoc
Word476 Word22 Word4 Word5,63293,30000.0,Word580 Word202 Word592,2018-07-31,Word567 Word582 Word41 Word319,Doc1
Word113 Word114 Word115 Word7,142380,2635.0,Word578 Word791,2018-02-01,Word560 Word561 Word612,Doc1
Word8 Word9 Word10 Word11 Word5,4.80N+11,600.0,Word783 Word784 Word577,2018-06-30,Word563 Word564 Word9 Word26,NoDoc
Word42 Word43 Word5,8452,1460.0,Word562 Word1257,2018-10-31,Word563 Word580 Word581 Word232,NoDoc
Word96 Word3 Word4 Word5,80316,810.0,Word797 Word190,2018-07-31,Word563 Word132 Word610,NoDoc
Word8 Word9 Word10 Word11 Word5,4.80L+11,361.2,Word779 Word258 Word26,2017-12-01,Word567 Word568 Word569 Word570,Doc1
Word160 Word161 Word61 Word45 Word39,1020-3,65.0,Word61,2018-06-30,Word563 Word564 Word9 Word26,NoDoc
Word96 Word3 Word4 Word5,63553,1550.0,,2018-02-01,Word563 Word132 Word610,NoDoc
Word8 Word9 Word10 Word11 Word5,4.80D+11,2347.8,Word1303 Word784 Word929,2018-04-30,Word563 Word564 Word9 Word26,NoDoc
Word160 Word161 Word61 Word45 Word39,766-3,65.0,,2018-01-01,Word563 Word564 Word9 Word26,NoDoc
Word149 Word289,WHFSZNN032818,1999.0,Word613 Word781 Word1186,2018-03-01,Word571 Word52 Word594 Word624 Word21 Word625,NoDoc
Word16 Word17 Word18 Word7,1847,726.3,Word1053 Word330 Word99 Word764 Word61,2018-02-01,Word563 Word564 Word9 Word26,NoDoc
Word16 Word17 Word18 Word7,3770,1329.6,Word783 Word784 Word785,2018-04-01,Word563 Word564 Word9 Word26,NoDoc
Word30 Word31,660098,240.0,Word61,2018-05-31,Word563 Word564 Word9 Word26,NoDoc
Word16 Word17 Word18 Word7,OL711,360.0,Word885 Word784 Word785,2018-07-31,Word563 Word564 Word9 Word26,NoDoc
Word16 Word17 Word18 Word7,3636,982.8,Word1014 Word784 Word785,2018-03-01,Word563 Word564 Word9 Word26,NoDoc
Word6 Word7,10332,520.0,Word1210 Word1211 Word780 Word659,2018-02-01,Word560 Word561 Word580 Word202 Word545,Doc1
Word90 Word91 Word92 Word7,106952,10647.5,Word204 Word1003 Word888,2018-01-01,Word567 Word582 Word580 Word202 Word545,Doc1
Word59 Word60 Word61 Word5,1135,99.0,Word1409 Word784 Word780,2018-08-31,Word563 Word564 Word9 Word26,NoDoc
Word41 Word125 Word34 Word5,4423,3350.0,Word1404 Word822 Word702 Word805,2018-04-30,Word567 Word582 Word583 Word584 Word585 Word586,Doc1
Word273 Word61,458,15913.0,Word826 Word780,2018-04-01,Word567 Word568 Word569 Word570,Doc1
Word41 Word125 Word34 Word5,4331,3350.0,Word278 Word822 Word702 Word822,2018-02-01,Word567 Word582 Word583 Word584 Word585 Word586,Doc1
Word48 Word3 Word4 Word5,JT20180855,1890.0,Word201 Word2057,2018-07-31,Word563 Word564 Word9 Word26,NoDoc
Word116 Word117 Word118 Word119 Word7,153431,938.72,Word51 Word125,2018-07-31,Word563 Word580 Word581 Word232,NoDoc
Word42 Word43 Word5,8173,4560.0,Word1283 Word1284,2018-07-31,Word52 Word330 Word566,NoDoc
Word111 Word112 Word91 Word107 Word7,27071,5340.0,Word846 Word791,2018-06-30,Word567 Word582 Word107,Doc1
Word19 Word20 Word21 Word22 Word23 Word5,14765,12.72,Word1866,2018-05-31,Word563 Word575,NoDoc
Word85 Word86 Word87 Word5 Word88 Word16 Word17 Word3 Word7,66064,315.0,Word338 Word1868 Word764 Word766 Word1893,2018-03-01,Word563 Word580 Word581 Word232,NoDoc
Word16 Word17 Word18 Word7,RD880,900.0,Word1100 Word757 Word201,2018-08-31,Word567 Word582 Word366 Word562,Doc1
Word85 Word86 Word87 Word5 Word88 Word16 Word17 Word3 Word7,64795,105.0,Word944 Word945,2017-12-01,Word563 Word580 Word581 Word232,NoDoc
Word8 Word9 Word10 Word11 Word5,4.80I+11,360.0,Word330 Word99 Word26,2018-07-31,Word563 Word564 Word9 Word26,NoDoc
Word131 Word132 Word133 Word5,T21805002,136463.39,Word826 Word780,2018-07-31,Word563 Word564 Word9 Word26,NoDoc
Word16 Word17 Word18 Word7,5266,1394.4,Word924 Word784 Word785,2018-05-31,Word567 Word568 Word569 Word570,Doc1
Word148 Word75 Word5,8231,11728.0,Word315 Word908,2018-02-01,Word560 Word561 Word107,Doc1
Word44 Word45 Word46,201811-00046,8799523.59,Word807 Word808 Word46,2018-12-31,Word671 Word561 Word699 Word695 Word45 Word700 Word593,Doc1
Word160 Word161 Word61 Word45 Word39,1174-2,60.0,Word783 Word776,2018-10-31,Word567 Word568 Word569 Word570,Doc1
Word76 Word77 Word5,52027441,7625.0,Word777 Word865 Word872 Word865 Word981,2018-04-01,Word560 Word561 Word107,Doc1
Word27 Word28 Word29 Word5,1043774US,-3267.04,Word130 Word791,2018-04-30,Word576 Word130 Word577 Word578,Doc3
Word162 Word7,SPX05KNH18,10500.0,Word582 Word1225,2018-08-31,Word567 Word582 Word107,Doc1
Word186 Word4 Word5,7430,55500.0,Word580 Word1260 Word791,2018-02-01,Word565 Word566,NoDoc
Word90 Word91 Word92 Word7,110106,27216.0,Word581,2018-04-30,Word567 Word582 Word580 Word202 Word545,Doc1
Word101 Word102 Word103 Word7,111890,160.32,Word861 Word802 Word1602,2018-05-31,Word565 Word566,NoDoc
Word167 Word168 Word169,AOEXKXLSEPPZV040218,9471.0,Word9 Word1059 Word1060 Word1583,2018-04-01,Word563 Word580 Word581 Word232,NoDoc
Word33 Word34 Word35 Word7,108644-1370,2866.86,Word56 Word562,2018-10-31,Word563 Word366 Word56 Word4,NoDoc
Word16 Word17 Word18 Word7,3979,1170.0,Word1013 Word966,2018-04-01,Word563 Word564 Word9 Word26,NoDoc
Word42 Word43 Word5,7632,870.0,Word804 Word805 Word806,2018-02-01,Word563 Word366 Word562,NoDoc
Word16 Word17 Word3 Word7,70501,315.0,Word562,2018-05-31,Word563 Word580 Word581 Word232,NoDoc
Word177 Word178 Word147 Word7,234DXV,2235.0,Word711 Word706,2018-06-30,Word563 Word366 Word562,NoDoc
Word8 Word9 Word10 Word11 Word5,4.80D+11,516.0,Word330 Word99 Word764 Word26,2018-06-30,Word563 Word564 Word9 Word26,NoDoc
Word24 Word22 Word4 Word5,22053,632.0,Word826 Word780,2018-04-30,Word567 Word568 Word569 Word570,Doc1
Word73 Word4 Word5,1800946,1612.0,Word762 Word145 Word1051,2018-03-01,Word576 Word589 Word653 Word654 Word591,Doc3
Word144 Word145 Word146 Word147 Word7,124079,2091.4,Word1259 Word1017 Word545,2017-12-01,Word567 Word582 Word366 Word562,Doc1
Word8 Word9 Word10 Word11 Word5,4.80A+11,25.8,Word1124 Word784 Word568 Word650,2018-01-01,Word563 Word564 Word9 Word26,NoDoc
Word16 Word17 Word18 Word7,LS2196,900.0,Word2011 Word132,2018-11-30,Word563 Word132 Word610,NoDoc
Word299 Word237 Word7,31747,23110.23,Word949 Word991 Word699 Word694 Word866 Word808,2018-04-30,Word571 Word52 Word657 Word292 Word13,NoDoc
Word113 Word114 Word115 Word7,149392,1828.75,Word578 Word985,2018-09-30,Word560 Word561 Word315 Word577 Word642 Word644,Doc1
Word6 Word7,10497,125.0,Word806 Word1080 Word856,2018-06-30,Word560 Word561 Word580 Word202 Word545,Doc1
Word33 Word34 Word35 Word7,108644-1260GO,2684.4,Word562,2018-11-30,Word563 Word366 Word56 Word4,NoDoc
Word85 Word86 Word87 Word5 Word88 Word16 Word17 Word3 Word7,65951,340.99,Word824 Word789 Word1032,2018-03-01,Word563 Word366 Word562,NoDoc
Word38 Word4 Word39,41474634,3500.0,Word1021 Word121 Word659,2018-01-01,Word563 Word121 Word579,NoDoc
Word16 Word17 Word18 Word7,IT1343,540.0,Word1558 Word784 Word785,2018-09-30,Word563 Word366 Word562,NoDoc
Word16 Word17 Word18 Word7,JS1727,360.0,Word941 Word785,2018-10-31,Word563 Word564 Word9 Word26,NoDoc
Word113 Word114 Word115 Word7,146140,552.5,Word578 Word791,2018-05-31,Word560 Word561 Word612,Doc1
Word16 Word17 Word18 Word7,4044,1080.0,Word1013,2018-04-30,Word563 Word564 Word9 Word26,NoDoc
Word22 Word451 Word452 Word7,46099,443.96,Word1967,2018-08-31,Word563 Word366 Word562,NoDoc
Word16 Word17 Word18 Word7,MT941,1260.0,Word924 Word784 Word785,2018-08-31,Word563 Word564 Word9 Word26,NoDoc
Word16 Word17 Word18 Word7,3411,185.4,Word783 Word784 Word785,2018-03-01,Word563 Word564 Word9 Word26,NoDoc
Word44 Word45 Word46,201806-00045,2829197.98,Word845 Word835 Word46,2018-07-31,Word563 Word359,NoDoc
Word85 Word86 Word87 Word5 Word88 Word16 Word17 Word3 Word7,59826L,1050.0,Word1032 Word825,2018-04-01,Word563 Word580 Word581 Word232,NoDoc
Word129 Word130 Word5,H-0007,800.0,Word1100 Word1415,2018-10-31,Word563 Word564 Word9 Word26,NoDoc
Word96 Word3 Word4 Word5,86475,2070.0,Word123 Word190,2018-07-31,Word563 Word564 Word9 Word26,NoDoc
Word379 Word380 Word87 Word34 Word7,1753012-1,216090.0,Word845 Word835 Word1064 Word1440,2018-07-31,Word630 Word719 Word720,NoDoc
Word16 Word17 Word18 Word7,HW1708,270.0,Word941 Word785,2018-10-31,Word563 Word564 Word9 Word26,NoDoc
Word241 Word418 Word39,092818-1.1,16774.78,Word1045 Word835 Word609,2018-11-30,Word571 Word52 Word618 Word619 Word13,NoDoc
Word373 Word374 Word128,1803500238,145.0,Word890 Word1423 Word1424,2018-02-01,Word571 Word52 Word618 Word619 Word13,NoDoc
Word16 Word17 Word18 Word7,EI1076,450.0,Word975 Word978 Word1355 Word650,2018-08-31,Word563 Word564 Word9 Word26,NoDoc
Word41 Word49 Word7,3497,6675.0,Word657 Word980 Word700 Word980 Word716 Word1592 Word160,2018-08-31,Word560 Word611 Word603 Word604 Word605 Word606,Doc1
Word16 Word17 Word18 Word7,1841,540.0,Word338 Word1064 Word132,2018-02-01,Word563 Word132 Word610,NoDoc
Word16 Word17 Word18 Word7,TJ449,2800.0,Word330 Word99 Word764 Word26,2018-06-30,Word563 Word564 Word9 Word26,NoDoc
Word160 Word161 Word61 Word45 Word39,860-5,260.0,Word61,2018-03-01,Word563 Word564 Word9 Word26,NoDoc
Word58 Word3 Word4 Word5,13003,690.0,Word931 Word1466,2018-05-31,Word563 Word366 Word562,NoDoc
Word6 Word7,10825,2730.0,Word968 Word190 Word305 Word306,2018-10-31,Word576 Word632 Word9 Word23 Word179,Doc3
Word96 Word3 Word4 Word5,57327,280.0,Word564 Word9 Word26,2017-12-01,Word563 Word564 Word9 Word26,NoDoc
Word134 Word61 Word45 Word39,KCTJ2018QTFEHGGB,9588.15,Word689 Word780,2018-09-30,Word563 Word564 Word9 Word26,NoDoc
Word73 Word4 Word5,3378,3977.0,Word762 Word145 Word562,2018-08-31,Word563 Word366 Word562,NoDoc
Word30 Word31,671336,1170.0,Word330 Word99 Word26,2018-08-31,Word563 Word564 Word9 Word26,NoDoc
Word27 Word28 Word29 Word5,1106925,4931.88,Word130 Word791,2018-07-31,Word576 Word130 Word577 Word578,Doc3
Word59 Word60 Word61 Word5,883,54.0,Word60 Word99 Word26,2018-03-01,Word563 Word564 Word9 Word26,NoDoc
Word8 Word170 Word10 Word5,490-7948-013,930.0,Word9 Word878 Word642,2018-07-31,Word563 Word564 Word9 Word26,NoDoc
Word85 Word86 Word87 Word5 Word88 Word16 Word17 Word3 Word7,70384,315.0,Word562,2018-04-01,Word563 Word366 Word562,NoDoc
Word78 Word79 Word11 Word5,RT073118-09,26285.6,Word1702 Word9,2018-09-30,Word567 Word568 Word569 Word570,Doc1
Word16 Word17 Word18 Word7,3514,505.8,Word885 Word784 Word785,2018-03-01,Word563 Word564 Word9 Word26,NoDoc
Word38 Word4 Word39,41479704,4100.0,Word792 Word793 Word794 Word795,2018-02-01,Word563 Word121 Word579,NoDoc
Word30 Word31,653638,48.0,Word60 Word99 Word26,2018-04-30,Word563 Word564 Word9 Word26,NoDoc
Word40 Word41 Word4 Word5,1699,3950.0,Word802 Word1404 Word1620 Word1621,2018-06-30,Word567 Word582 Word580 Word202 Word545,Doc1
Word8 Word9 Word10 Word11 Word5,4.80X+11,51.6,Word783 Word784 Word568 Word650,2018-04-30,Word563 Word564 Word9 Word26,NoDoc
Word42 Word43 Word5,7768,1160.0,Word804 Word805 Word806,2018-03-01,Word563 Word580 Word581 Word232,NoDoc
Word30 Word31,641555,154.0,Word797 Word190,2018-03-01,Word563 Word564 Word9 Word26,NoDoc
Word83 Word84 Word44 Word7,20818-8-1,1913.13,Word850 Word65,2018-05-31,Word563 Word580 Word581 Word232,NoDoc
Word16 Word17 Word18 Word7,CB468,800.0,Word330 Word99 Word764 Word780,2018-06-30,Word567 Word568 Word569 Word570,Doc1
Word16 Word17 Word18 Word7,WY1258,1080.0,Word785 Word904 Word764 Word26,2018-09-30,Word563 Word564 Word9 Word26,NoDoc
Word293 Word4 Word165 Word47 Word7,919312,4453.25,Word612 Word4,2018-03-01,Word613 Word99 Word614 Word98 Word338 Word678,Doc2
Word16 Word17 Word3 Word7,71276,2133.0,Word800 Word1426 Word797 Word1427,2018-10-31,Word563 Word366 Word562,NoDoc
Word90 Word91 Word92 Word7,112814,17153.0,Word545,2018-08-31,Word588 Word582 Word738 Word545,Doc1
Word33 Word34 Word35 Word7,108644-1442,6094.74,Word602 Word52 Word842 Word871 Word1062 Word695,2018-11-30,Word563 Word366 Word56 Word4,NoDoc
Word30 Word31,676923,5084.5,Word978 Word780,2018-10-31,Word567 Word568 Word569 Word570,Doc1
Word16 Word17 Word18 Word7,3431,865.8,Word959 Word784 Word785,2018-03-01,Word563 Word564 Word9 Word26,NoDoc
Word16 Word17 Word18 Word7,4534,140.4,Word783 Word784 Word785,2018-04-30,Word563 Word564 Word9 Word26,NoDoc
Word38 Word4 Word39,41524470,3500.0,Word121 Word836,2018-09-30,Word563 Word121 Word579,NoDoc
Word96 Word3 Word4 Word5,77817,600.0,Word797 Word190,2018-07-31,Word613 Word99 Word614 Word366 Word562,Doc2
Word217 Word3 Word10 Word5,QDVPX043018-1,37286.4,Word1281 Word9,2018-06-30,Word563 Word564 Word9 Word26,NoDoc
Word48 Word3 Word4 Word5,UQ20183929,870.0,Word1542 Word99 Word798 Word799,2018-11-30,Word563 Word564 Word9 Word26,NoDoc
Word80 Word3 Word4,P134738,19654.0,Word1079 Word1080,2018-07-31,Word563 Word366 Word562,NoDoc
Word78 Word79 Word11 Word5,V011418-14,52.0,Word1031 Word784 Word568 Word650,2018-02-01,Word563 Word564 Word9 Word26,NoDoc
Word30 Word31,672183,48.0,Word26 Word1012,2018-09-30,Word563 Word564 Word9 Word26,NoDoc
Word217 Word3 Word10 Word5,ULT053118-1,26465.76,Word1053 Word650 Word780 Word764 Word61,2018-07-31,Word563 Word564 Word9 Word26,NoDoc
Word199 Word200 Word201 Word202 Word7,LLU-0020232,22684.0,Word757 Word201,2018-01-01,Word567 Word582 Word580 Word202 Word545,Doc1
Word16 Word17 Word3 Word7,71639,648.0,Word1828 Word706 Word789 Word1829 Word1801,2018-08-31,Word563 Word366 Word562,NoDoc
Word74 Word75 Word44 Word5,VFN00128,-269111.58,Word840 Word841 Word842 Word843,2018-03-01,Word563 Word600 Word601 Word602,NoDoc
Word16 Word17 Word3 Word7,71976,240.0,Word1761 Word852 Word801,2018-10-31,Word563 Word366 Word562,NoDoc
Word44 Word45 Word46,201806-00045,2829197.98,Word845 Word835 Word46,2018-07-31,Word563 Word220,NoDoc
Word16 Word17 Word18 Word7,EK566,4200.0,Word993 Word784 Word785,2018-07-31,Word563 Word564 Word9 Word26,NoDoc
Word16 Word17 Word18 Word7,5058,699.6,Word783 Word784 Word785,2018-04-01,Word563 Word564 Word9 Word26,NoDoc
Word85 Word86 Word87 Word5 Word88 Word16 Word17 Word3 Word7,64603,39.64,Word851 Word852 Word278,2017-12-01,Word563 Word580 Word581 Word232,NoDoc
Word223 Word60 Word65 Word4 Word7,3078,4213.0,Word99 Word1330 Word1823,2018-04-01,Word560 Word561 Word593 Word578 Word65,Doc1
Word166 Word5,1525,170.0,Word1031 Word894 Word123 Word190,2018-11-30,Word563 Word564 Word9 Word26,NoDoc
Word96 Word3 Word4 Word5,75511,900.0,Word797 Word190,2018-07-31,Word563 Word564 Word9 Word26,NoDoc
Word312 Word313 Word314 Word315 Word5,PYF1001364,256309.01,Word1246 Word791,2018-06-30,Word560 Word561 Word315 Word638,Doc1
Word16 Word17 Word18 Word7,2989,540.0,Word961 Word132 Word255,2018-02-01,Word563 Word564 Word9 Word26,NoDoc
Word30 Word31,652136,288.0,Word60 Word99 Word26,2018-04-30,Word563 Word564 Word9 Word26,NoDoc
Word109 Word61 Word7,229,6456.0,Word689 Word780 Word9,2018-05-31,Word563 Word564 Word9 Word26,NoDoc
Word38 Word4 Word39,41467623,3500.0,Word1021 Word1131 Word659,2017-12-01,Word563 Word121 Word579,NoDoc
Word48 Word3 Word4 Word5,HG20183002,888.0,Word877 Word132 Word878 Word642,2018-09-30,Word560 Word561 Word612,Doc1
Word33 Word34 Word35 Word7,108644-1362,4640.07,Word562,2018-10-31,Word563 Word366 Word56 Word4,NoDoc
Word8 Word9 Word10 Word11 Word5,4.80R+11,120.0,Word330 Word99 Word26,2018-07-31,Word563 Word564 Word9 Word26,NoDoc
Word78 Word79 Word11 Word5,H073118-10,144.0,Word780 Word1057 Word1058 Word866 Word981,2018-09-30,Word563 Word564 Word9 Word26,NoDoc
Word113 Word114 Word115 Word7,150147,1805.0,Word578 Word791,2018-09-30,Word560 Word561 Word366 Word562,Doc1
Word16 Word17 Word18 Word7,5171,972.0,Word992 Word784 Word785,2018-05-31,Word563 Word564 Word9 Word26,NoDoc
Word16 Word17 Word18 Word7,KN1126,1080.0,Word338 Word61,2018-08-31,Word563 Word564 Word9 Word26,NoDoc
Word16 Word17 Word18 Word7,MI177,10080.0,Word1517 Word784 Word785,2018-06-30,Word563 Word564 Word9 Word26,NoDoc
Word16 Word17 Word18 Word7,3267,1182.8,Word1428 Word784 Word785,2018-03-01,Word567 Word569 Word570,Doc1
Word101 Word102 Word103 Word7,112472,171390.49,Word861 Word862 Word863,2018-06-30,Word576 Word366 Word562,Doc3
Word50 Word51 Word4 Word5,1623,1317.5,Word338 Word992 Word784 Word568 Word9,2018-11-30,Word563 Word564 Word9 Word26,NoDoc
Word44 Word45 Word46,201805-00053-FZ0,2570126.23,Word834 Word835 Word46,2018-06-30,Word288 Word626 Word627,NoDoc
Word96 Word3 Word4 Word5,90465,350.0,Word123 Word190,2018-09-30,Word563 Word132 Word610,NoDoc
Word54 Word3 Word4,FKM52390,862.5,,2018-01-01,Word563 Word564 Word9 Word26,NoDoc
Word50 Word51 Word4 Word5,1228,7152.5,Word1178 Word805 Word757 Word1072,2018-07-31,Word567 Word582 Word366 Word562,Doc1
Word367 Word368 Word369,VBCV171278954,80.0,Word1398 Word791,2018-05-31,Word563 Word174,NoDoc
Word16 Word17 Word18 Word7,NG118,12600.0,Word1615 Word784 Word785,2018-05-31,Word563 Word564 Word9 Word26,NoDoc
Word44 Word45 Word46,201811-00046,8799523.59,Word807 Word808 Word46,2018-12-31,Word560 Word561 Word315 Word638,Doc1
Word16 Word17 Word18 Word7,3076,1000.8,,2018-02-01,Word563 Word564 Word9 Word26,NoDoc
Word235,6024692-00,936.42,Word1691 Word119 Word910 Word1692,2018-06-30,Word571 Word52 Word733 Word742 Word579,NoDoc
Word208 Word209 Word155 Word7,G47538,7712.5,Word132 Word1183 Word1323,2018-07-31,Word560 Word561 Word612,Doc1
Word59 Word60 Word61 Word5,1232,16.5,Word826 Word785,2018-10-31,Word563 Word564 Word9 Word26,NoDoc
Word217 Word3 Word10 Word5,VVH061518-1,18336.0,Word785 Word61,2018-08-31,Word563 Word564 Word9 Word26,NoDoc
Word30 Word31,655529,96.0,Word60 Word99 Word26,2018-04-30,Word563 Word564 Word9 Word26,NoDoc
Word16 Word17 Word18 Word7,JL260,10080.0,Word785 Word1822,2018-06-30,Word563 Word564 Word9 Word26,NoDoc
Word16 Word17 Word18 Word7,3991,1080.0,Word794 Word966,2018-04-30,Word563 Word564 Word9 Word26,NoDoc
Word16 Word17 Word18 Word7,3838,324.0,Word959 Word784 Word785,2018-03-01,Word563 Word564 Word9 Word26,NoDoc
Word42 Word43 Word5,8119,885.0,Word876 Word950,2018-06-30,Word576 Word366 Word562,Doc3
Word96 Word3 Word4 Word5,58778K,1770.0,Word305 Word132 Word190 Word1193,2017-12-01,Word563 Word132 Word610,NoDoc
Word42 Word43 Word5,7621,930.0,Word1119 Word848 Word1912 Word804 Word914,2018-02-01,Word563 Word580 Word581 Word232,NoDoc
Word16 Word17 Word18 Word7,FM669,360.0,Word885 Word784 Word785,2018-07-31,Word567 Word568 Word569 Word570,Doc1
Word446 Word447,TNSEPN110818,815.01,Word613 Word781 Word1751,2018-11-30,Word571 Word52 Word594 Word696,NoDoc
Word8 Word9 Word10 Word11 Word5,4.80F+11,51.6,Word783 Word784 Word568 Word650,2018-03-01,Word563 Word564 Word9 Word26,NoDoc
Word38 Word4 Word39,41500996,3500.0,Word1171 Word1022 Word794 Word745,2018-06-30,Word563 Word121 Word579,NoDoc
Word16 Word17 Word18 Word7,IN1699,3780.0,Word1414 Word785,2018-10-31,Word563 Word564 Word9 Word26,NoDoc
Word6 Word7,10636,2500.0,Word1181 Word1060 Word1182,2018-08-31,Word560 Word611 Word603 Word604 Word605 Word606,Doc1
Word48 Word3 Word4 Word5,UV20183182,52.0,Word1028 Word9,2018-10-31,Word563 Word564 Word9 Word26,NoDoc
Word89 Word44 Word5,66635383,17984.0,Word644,2018-05-31,Word563 Word608 Word609,NoDoc
Word44 Word45 Word46,201805-00053-RK0,2570126.23,Word834 Word835 Word46,2018-06-30,Word563 Word575,NoDoc
Word388 Word4,AHH0219,1340.59,Word292 Word791,2018-10-31,Word563 Word619,NoDoc
Word415 Word397 Word4 Word5,U00006485,41063.79,Word1775 Word1776 Word1777,2018-04-01,Word567 Word730,Doc1
Word16 Word17 Word3 Word7,70754,240.0,Word562,2018-06-30,Word563 Word366 Word562,NoDoc
Word33 Word34 Word35 Word7,108644-1308,78345.58,Word1285 Word1086 Word967 Word1086 Word830,2018-10-31,Word563 Word366 Word56 Word4,NoDoc
Word16 Word17 Word18 Word7,UI852,2520.0,Word785 Word904,2018-08-31,Word563 Word564 Word9 Word26,NoDoc
Word48 Word3 Word4 Word5,WC20173197,45.5,Word1031 Word784 Word785,2018-08-31,Word563 Word564 Word9 Word26,NoDoc
Word1 Word2 Word3 Word4 Word5,44912133,3575.0,Word771 Word772,2018-08-31,Word560 Word561 Word366 Word562,Doc1
Word58 Word3 Word4 Word5,12968,1120.0,Word978 Word702 Word805,2018-05-31,Word567 Word582 Word366 Word562,Doc1
Word85 Word86 Word87 Word5 Word88 Word16 Word17 Word3 Word7,65859,52.52,Word562,2018-03-01,Word563 Word580 Word581 Word232,NoDoc
Word16 Word17 Word18 Word7,4964,320.4,Word783 Word784 Word785,2018-05-31,Word563 Word564 Word9 Word26,NoDoc
Word261 Word262,123450,108.0,Word61,2018-03-01,Word563 Word564 Word9 Word26,NoDoc
Word162 Word7,TGBA22QMG18,13228.0,Word582 Word1225,2018-08-31,Word52 Word330 Word566,NoDoc
Word219 Word220 Word34 Word5,1021,36420.8,Word846 Word991 Word695 Word45 Word981 Word808,2018-06-30,Word560 Word611 Word603 Word604 Word605 Word606,Doc1
Word16 Word17 Word18 Word7,2272,230.4,,2018-01-01,Word563 Word564 Word9 Word26,NoDoc
Word73 Word4 Word5,1804164,552.74,Word633 Word115,2018-07-31,Word563 Word575,NoDoc
Word30 Word31,647021,539.0,Word826 Word780,2018-03-01,Word563 Word564 Word9 Word26,NoDoc
Word137 Word138 Word7,YRGS5026,1680.0,Word984 Word835 Word905 Word791,2018-05-31,Word563 Word359,NoDoc
Word24 Word22 Word4 Word5,22783,595.0,Word578 Word330 Word99 Word26 Word60 Word99,2018-11-30,Word563 Word564 Word9 Word26,NoDoc
Word58 Word3 Word4 Word5,12754,1207.5,Word1420 Word2079,2018-02-01,Word563 Word580 Word581 Word232,NoDoc
Word38 Word4 Word39,41478440,4100.0,Word121 Word791,2018-02-01,Word563 Word121 Word579,NoDoc
Word30 Word31,647016,385.0,Word123 Word190,2018-03-01,Word563 Word564 Word9 Word26,NoDoc
Word16 Word17 Word18 Word7,3400,432.0,Word924 Word784 Word785,2018-03-01,Word563 Word564 Word9 Word26,NoDoc
Word163 Word3 Word4 Word5 Word52 Word164 Word165 Word163 Word3 Word4,12389714559,83100.0,Word214 Word794 Word99 Word947,2018-05-31,Word567 Word582 Word41 Word319,Doc1
Word160 Word161 Word61 Word45 Word39,770-1,96.0,Word60 Word99 Word26,2018-01-01,Word563 Word564 Word9 Word26,NoDoc
Word134 Word61 Word45 Word39,IFVGJNWKF 2018 XJEOXOII,39288.6,Word689 Word26,2018-11-30,Word563 Word564 Word9 Word26,NoDoc
Word16 Word17 Word18 Word7,KI1666,5040.0,Word879 Word785,2018-10-31,Word563 Word564 Word9 Word26,NoDoc
Word16 Word17 Word18 Word7,TT820,13860.0,Word1501 Word784 Word785,2018-08-31,Word563 Word564 Word9 Word26,NoDoc
Word16 Word17 Word18 Word7,3144,326.7,Word899 Word810,2018-03-01,Word563 Word564 Word9 Word26,NoDoc
Word144 Word145 Word146 Word147 Word7,125272,990.0,Word1090 Word99 Word913,2018-04-01,Word576 Word366 Word562,Doc3
Word19 Word20 Word21 Word22 Word23 Word5,14848,48.59,Word633 Word575,2018-05-31,Word563 Word575,NoDoc
Word85 Word86 Word87 Word5 Word88 Word16 Word17 Word3 Word7,65820,210.0,Word1477 Word1436 Word191,2018-03-01,Word563 Word366 Word562,NoDoc
Word41 Word125 Word34 Word5,118,36080.0,Word1318 Word99 Word1305,2017-12-01,Word567 Word582 Word583 Word584 Word585 Word586,Doc1
Word16 Word17 Word18 Word7,5219,859.2,Word885 Word784 Word785,2018-04-30,Word563 Word564 Word9 Word26,NoDoc
Word44 Word45 Word46,201806-00045,2829197.98,Word845 Word835 Word46,2018-07-31,Word563 Word587,NoDoc
Word137 Word138 Word7,MAZG5575,1680.0,Word905,2018-07-31,Word563 Word359,NoDoc
Word8 Word9 Word10 Word11 Word5,4.80X+11,223.6,Word564 Word9 Word26,2017-12-01,Word563 Word564 Word9 Word26,NoDoc
Word48 Word3 Word4 Word5,RM20183087,44.0,Word1028 Word9,2018-12-31,Word563 Word564 Word9 Word26,NoDoc
Word54 Word3 Word4,UTJ57050,495.0,Word797 Word809 Word99 Word895,2018-03-01,Word563 Word132 Word610,NoDoc
Word38 Word4 Word39,41487364,3862.5,Word792 Word1173 Word985 Word659,2018-03-01,Word563 Word121 Word579,NoDoc
Word85 Word86 Word87 Word5 Word88 Word16 Word17 Word3 Word7,64606,39.64,Word851 Word852 Word278,2017-12-01,Word563 Word580 Word581 Word232,NoDoc
Word85 Word86 Word87 Word5 Word88 Word16 Word17 Word3 Word7,66171,315.0,Word899 Word805 Word605,2018-03-01,Word563 Word580 Word581 Word232,NoDoc
Word78 Word79 Word11 Word5,I101418-09,48.0,Word61,2018-11-30,Word563 Word564 Word9 Word26,NoDoc
Word254 Word255 Word5,3019,6000.0,Word1178 Word773 Word1796,2018-04-30,Word563 Word580 Word581 Word232,NoDoc
Word116 Word117 Word118 Word119 Word7,143196,308.0,Word51 Word794,2018-07-31,Word563 Word366 Word562,NoDoc
Word33 Word34 Word35 Word7,108644-957,3503.94,Word562,2018-06-30,Word563 Word366 Word56 Word4,NoDoc
Word78 Word79 Word11 Word5,N031418-11,240.0,Word330 Word99 Word764 Word780,2018-04-30,Word567 Word569 Word570,Doc1
Word261 Word262,136679,39360.0,Word569,2018-11-30,Word567 Word568 Word569 Word570,Doc1
Word30 Word31,660095,48.0,Word978 Word780,2018-05-31,Word563 Word564 Word9 Word26,NoDoc
Word16 Word17 Word3 Word7,71510,800.02,Word800 Word132 Word810,2018-07-31,Word288 Word626 Word627,NoDoc
Word16 Word17 Word18 Word7,FJ125,13860.0,Word1387 Word784 Word785,2018-05-31,Word563 Word564 Word9 Word26,NoDoc
Word113 Word114 Word115 Word7,149947,8797.5,Word578 Word791,2018-09-30,Word52 Word330 Word566,NoDoc
Word38 Word4 Word39,41486535,22000.0,Word792 Word1173 Word985 Word659,2018-03-01,Word563 Word121 Word579,NoDoc
Word160 Word161 Word61 Word45 Word39,843-2,336.0,,2018-02-01,Word563 Word564 Word9 Word26,NoDoc
Word74 Word75 Word44 Word5,MKN00128,-269111.58,Word840 Word841 Word842 Word843,2018-03-01,Word563 Word600 Word601 Word602,NoDoc
Word113 Word114 Word115 Word7,145327,498.75,Word511 Word878,2018-04-30,Word563 Word580 Word581 Word232,NoDoc
Word16 Word17 Word18 Word7,QG1305,2520.0,Word993 Word784 Word785,2018-09-30,Word563 Word564 Word9 Word26,NoDoc
Word42 Word43 Word5,8561,1000.0,Word1283 Word1284 Word833 Word338,2018-11-30,Word563 Word366 Word562,NoDoc
Word42 Word43 Word5,8289,975.0,Word562,2018-08-31,Word563 Word580 Word581 Word232,NoDoc
Word62 Word63 Word18 Word7,211442V,600.0,Word60 Word99 Word764 Word780,2018-01-01,Word563 Word564 Word9 Word26,NoDoc
Word8 Word9 Word10 Word11 Word5,4.80T+11,162.5,Word61,2018-10-31,Word563 Word564 Word9 Word26,NoDoc
Word16 Word17 Word18 Word7,4417,1329.6,Word783 Word784 Word785,2018-04-01,Word563 Word564 Word9 Word26,NoDoc
Word19 Word20 Word21 Word22 Word23 Word5,11791,451.93,Word868,2018-04-01,Word563 Word575,NoDoc
Word16 Word17 Word18 Word7,1819,432.0,Word924 Word784 Word785,2017-12-01,Word563 Word564 Word9 Word26,NoDoc
Word73 Word4 Word5,3559,3046.0,Word762 Word21 Word145 Word1051,2018-08-31,Word563 Word615 Word211,NoDoc
Word38 Word4 Word39,41479668,3750.0,Word121 Word791,2018-02-01,Word563 Word121 Word579,NoDoc
Word16 Word17 Word18 Word7,2835,608.4,,2018-01-01,Word563 Word564 Word9 Word26,NoDoc
Word480 Word481 Word119,FIYUTR020218,11414.8,Word9 Word1719 Word1383 Word808,2018-02-01,Word576 Word9 Word23 Word179,Doc3
Word16 Word17 Word18 Word7,OR1192,2520.0,Word1189 Word784 Word785,2018-09-30,Word563 Word564 Word9 Word26,NoDoc
Word62 Word63 Word18 Word7,212647N,200.0,Word785 Word61,2018-02-01,Word563 Word564 Word9 Word26,NoDoc
Word140 Word3 Word34,10077,17762.0,Word846 Word791 Word45 Word778 Word700 Word883,2018-02-01,Word565 Word566,NoDoc
Word70 Word47 Word71 Word72 Word7,286076,12749.52,Word865 Word808 Word699 Word808,2018-05-31,Word563 Word598 Word71,NoDoc
Word160 Word161 Word61 Word45 Word39,1146-3,60.0,Word61,2018-10-31,Word563 Word564 Word9 Word26,NoDoc
Word177 Word178 Word147 Word7,263YKY,8731.0,Word876 Word1499,2018-08-31,Word52 Word330 Word566,NoDoc
Word8 Word9 Word10 Word11 Word5,4.80M+11,54.0,Word338 Word330 Word99,2018-11-30,Word563 Word564 Word9 Word26,NoDoc
Word16 Word17 Word18 Word7,4469,1093.2,Word885 Word784 Word785,2018-04-01,Word563 Word564 Word9 Word26,NoDoc
Word16 Word17 Word18 Word7,2832,152.1,,2018-01-01,Word563 Word564 Word9 Word26,NoDoc
Word44 Word45 Word46,201806-00045,2829197.98,Word845 Word835 Word46,2018-07-31,Word563 Word676,NoDoc
Word8 Word9 Word10 Word11 Word5,4.80P+11,258.0,Word330 Word99 Word26,2018-06-30,Word563 Word564 Word9 Word26,NoDoc
Word16 Word17 Word3 Word7,71147,240.0,Word837 Word278,2018-10-31,Word563 Word580 Word581 Word232,NoDoc
Word54 Word3 Word4,TBL52412,2325.0,,2018-01-01,Word563 Word564 Word9 Word26,NoDoc
Word137 Word138 Word7,XZIJ4275,1680.0,Word1019 Word1020 Word905 Word794,2017-12-01,Word563 Word359,NoDoc
Word19 Word20 Word21 Word22 Word23 Word5,18138,1128.34,Word1123,2018-09-30,Word563 Word575,NoDoc
Word16 Word17 Word18 Word7,2755,225.0,Word1013 Word789 Word1551,2018-02-01,Word563 Word564 Word9 Word26,NoDoc
Word16 Word17 Word18 Word7,4424,1080.9,Word1348 Word784 Word785,2018-04-30,Word563 Word564 Word9 Word26,NoDoc
Word217 Word3 Word10 Word5,KQQ091518-1,4392.96,Word1281 Word9 Word26,2018-11-30,Word563 Word564 Word9 Word26,NoDoc
Word16 Word17 Word18 Word7,TU753,630.0,Word975 Word9,2018-08-31,Word567 Word568 Word569 Word570,Doc1
Word47 Word3 Word4 Word39,2018016626,3797.0,Word562,2018-08-31,Word567 Word650 Word757 Word758 Word759,Doc1
Word356 Word13,I3077,17815.0,Word846 Word791,2018-07-31,Word560 Word561 Word107,Doc1
Word365 Word366 Word4 Word7,96187,119.55,Word1133 Word1396,2018-09-30,Word571 Word52 Word372 Word579,NoDoc
Word148 Word75 Word5,EVN34955,12726.0,Word13 Word794,2018-11-30,Word52 Word330 Word566,NoDoc
Word151 Word152 Word22 Word13 Word7,P50926,19200.0,Word978 Word214 Word802 Word1833,2018-07-31,Word567 Word582 Word366 Word562,Doc1
Word54 Word3 Word4,ISF52804,1562.5,,2018-01-01,Word563 Word564 Word9 Word26,NoDoc
Word19 Word20 Word21 Word22 Word23 Word5,13239,252.69,Word1467 Word84,2018-03-01,Word563 Word575,NoDoc
Word16 Word17 Word3 Word7,71676,1188.0,Word886 Word887 Word278,2018-08-31,Word563 Word366 Word562,NoDoc
Word8 Word9 Word10 Word11 Word5,4.80D+11,51.6,Word330 Word99 Word764 Word780,2018-06-30,Word563 Word564 Word9 Word26,NoDoc
Word16 Word17 Word18 Word7,OE1606,900.0,Word961 Word132 Word201,2018-10-31,Word563 Word132 Word610,NoDoc
Word48 Word3 Word4 Word5,YI20183927,432.0,Word1028 Word9,2018-11-30,Word563 Word564 Word9 Word26,NoDoc
Word394 Word395,80764,85360.0,Word1246 Word1062 Word45 Word1062 Word699,2018-11-30,Word560 Word561 Word366 Word562,Doc1
Word44 Word45 Word46,201811-00046,8799523.59,Word807 Word808 Word46,2018-12-31,Word563 Word608 Word609,NoDoc
Word318,4485695,2535.86,Word1255 Word827,2018-09-30,Word52 Word330 Word566,NoDoc
Word85 Word86 Word87 Word5 Word88 Word16 Word17 Word3 Word7,64909,105.0,Word1677 Word855 Word654,2017-12-01,Word563 Word580 Word581 Word232,NoDoc
Word33 Word34 Word35 Word7,108644-1196,29085.63,Word1266 Word641,2018-09-30,Word563 Word366 Word56 Word4,NoDoc
Word16 Word17 Word18 Word7,PM1923,1440.0,Word785 Word1159 Word9,2018-11-30,Word560 Word561 Word366 Word562,Doc1
Word74 Word75 Word44 Word5,NFY00128,269111.58,Word840 Word841 Word842 Word843,2016-10-01,Word563 Word600 Word601 Word602,NoDoc
Word16 Word17 Word18 Word7,FG1142,2520.0,Word942 Word784 Word785,2018-08-31,Word563 Word564 Word9 Word26,NoDoc
Word16 Word17 Word18 Word7,4088,1260.0,Word132 Word255,2018-03-01,Word563 Word132 Word610,NoDoc
Word171 Word172 Word173 Word174 Word7,UE135221,1400.0,Word743 Word969 Word13,2018-12-31,Word563 Word174,NoDoc
Word16 Word17 Word18 Word7,4911,949.2,Word973 Word1321 Word191,2018-04-30,Word563 Word564 Word9 Word26,NoDoc
Word50 Word51 Word4 Word5,1325,3150.0,Word338 Word779 Word258 Word1199 Word780,2018-08-31,Word567 Word568 Word569 Word570,Doc1
Word116 Word117 Word118 Word119 Word7,154524,480.0,Word51 Word794 Word562,2018-11-30,Word563 Word580 Word581 Word232,NoDoc
Word16 Word17 Word18 Word7,3140,1162.8,Word785 Word330 Word99 Word764 Word61,2018-03-01,Word563 Word564 Word9 Word26,NoDoc
Word179 Word180 Word181 Word182,DBNPZ09282018,48705.93,Word979 Word836 Word694 Word45 Word911 Word808,2018-10-31,Word563 Word575,NoDoc
Word89 Word44 Word5,66942678,2758.8,Word1474,2018-07-31,Word563 Word608 Word609,NoDoc
Word16 Word17 Word18 Word7,2290,1404.0,Word884 Word784 Word785,2018-02-01,Word563 Word564 Word9 Word26,NoDoc
Word73 Word4 Word5,2928,14287.0,Word653 Word53,2018-08-31,Word576 Word589 Word653 Word654 Word591,Doc3
Word85 Word86 Word87 Word5 Word88 Word16 Word17 Word3 Word7,65106,222.52,Word1526 Word1314 Word1527 Word605,2018-01-01,Word563 Word580 Word581 Word232,NoDoc
Word30 Word31,672186,48.0,Word826 Word780,2018-08-31,Word563 Word564 Word9 Word26,NoDoc
Word16 Word17 Word18 Word7,3503,1203.0,Word785 Word330 Word99 Word764 Word26,2018-02-01,Word563 Word564 Word9 Word26,NoDoc
Word179 Word180 Word181 Word182,MMZNH080118,44473.31,Word330 Word1004 Word1005 Word980 Word45 Word981 Word808,2018-08-31,Word571 Word52 Word594 Word641,NoDoc
Word385 Word7,11815,6600.0,Word315 Word1483,2018-02-01,Word560 Word561 Word315 Word638,Doc1
Word16 Word17 Word18 Word7,SF122,15120.0,Word1269 Word784 Word785,2018-05-31,Word563 Word564 Word9 Word26,NoDoc
Word210 Word211 Word5,2316,1916.01,Word1017 Word190 Word562,2018-09-30,Word563 Word615 Word211,NoDoc
Word59 Word60 Word61 Word5,1234,132.0,Word826 Word785,2018-10-31,Word563 Word564 Word9 Word26,NoDoc
Word179 Word180 Word181 Word182,GVCJJ080118,44473.31,Word330 Word1004 Word1005 Word980 Word45 Word981 Word808,2018-08-31,Word571 Word52 Word594 Word696,NoDoc
Word16 Word17 Word18 Word7,3289,1394.4,Word61,2018-03-01,Word563 Word564 Word9 Word26,NoDoc
Word16 Word17 Word18 Word7,3926,1304.4,Word785 Word330 Word99 Word764 Word26,2018-03-01,Word567 Word569 Word570,Doc1
Word85 Word86 Word87 Word5 Word88 Word16 Word17 Word3 Word7,70428,735.0,Word562,2018-05-31,Word563 Word580 Word581 Word232,NoDoc
Word96 Word3 Word4 Word5,80318,1665.0,Word1524 Word1032,2018-07-31,Word563 Word366 Word562,NoDoc
Word16 Word17 Word18 Word7,HG1615,450.0,Word785 Word569,2018-10-31,Word563 Word564 Word9 Word26,NoDoc
Word50 Word51 Word4 Word5,1648,680.0,Word797 Word338 Word959 Word894 Word165 Word330 Word99,2018-11-30,Word563 Word564 Word9 Word26,NoDoc
Word111 Word112 Word91 Word107 Word7,27111,21697.0,Word13 Word794,2018-11-30,Word567 Word582 Word107,Doc1
Word47 Word3 Word4 Word5,2018022110,804.0,Word123 Word190 Word26,2018-09-30,Word563 Word564 Word9 Word26,NoDoc
Word140 Word3 Word34,10081,17761.0,Word908 Word695 Word866 Word831 Word808,2018-06-30,Word560 Word561 Word107,Doc1
Word19 Word20 Word21 Word22 Word23 Word5,18584,7.54,Word575,2018-09-30,Word563 Word580 Word581 Word232,NoDoc
Word134 Word61 Word45 Word39,ZKWAO2018JTPJGKRW,3522.15,Word689 Word26 Word1061,2018-07-31,Word563 Word564 Word9 Word26,NoDoc
Word324 Word4,18-4129,36921.76,Word716 Word865 Word160 Word1509 Word695 Word1276 Word154 Word865,2018-04-30,Word565 Word566,NoDoc
Word116 Word117 Word118 Word119 Word7,155118,576.0,Word51 Word791,2018-10-31,Word563 Word580 Word581 Word232,NoDoc
Word16 Word17 Word18 Word7,OD123,360.0,Word794 Word1403,2018-05-31,Word563 Word580 Word581 Word232,NoDoc
Word16 Word17 Word18 Word7,WZ784,1125.0,Word1013,2018-09-30,Word563 Word132 Word610,NoDoc
Word16 Word17 Word18 Word7,3505,213.6,Word785 Word330 Word99 Word764 Word26,2018-03-01,Word563 Word564 Word9 Word26,NoDoc
Word108 Word109 Word45 Word5,1150,28002.5,Word60 Word99 Word26,2018-01-01,Word563 Word564 Word9 Word26,NoDoc
Word16 Word17 Word3 Word7,72013,1255.5,Word994 Word1623 Word1503 Word789 Word1624,2018-11-30,Word563 Word366 Word562,NoDoc
Word48 Word3 Word4 Word5,AE20174084,195.5,Word877 Word780 Word779 Word258,2018-01-01,Word563 Word564 Word9 Word26,NoDoc
Word74 Word75 Word44 Word5,ZLC00128,-269111.58,Word840 Word841 Word842 Word843,2018-03-01,Word563 Word600 Word601 Word602,NoDoc
Word16 Word17 Word18 Word7,3527,1174.8,Word785 Word330 Word99 Word764 Word61,2018-02-01,Word567 Word568 Word569 Word570,Doc1
Word405 Word406,10806384,-8503.0,Word1530 Word1531,2018-03-01,Word728 Word729 Word250 Word646,NoDoc
Word42 Word43 Word5,8400,740.0,Word804 Word805 Word806,2018-09-30,Word52 Word330 Word566,NoDoc
Word42 Word43 Word5,8075,1155.0,Word900 Word805 Word806,2018-06-30,Word563 Word580 Word581 Word232,NoDoc
Word42 Word43 Word5,8105,1840.0,Word804 Word805 Word806,2018-06-30,Word563 Word580 Word581 Word232,NoDoc
Word83 Word84 Word44 Word7,21418-3-1,2017.31,Word850 Word853,2018-06-30,Word563 Word366 Word562,NoDoc
Word16 Word17 Word18 Word7,QT348,360.0,Word1300 Word784 Word785,2018-06-30,Word563 Word132 Word610,NoDoc
Word74 Word75 Word44 Word5,WHN00128,-269111.58,Word840 Word841 Word842 Word843,2018-03-01,Word563 Word600 Word601 Word602,NoDoc
Word40 Word41 Word4 Word5,1794,4150.0,Word802 Word278 Word1242 Word803,2018-08-31,Word567 Word582 Word366 Word562,Doc1
Word16 Word17 Word18 Word7,QJ1903,1620.0,Word785 Word132 Word878 Word642,2018-11-30,Word560 Word561 Word366 Word562,Doc1
Word19 Word20 Word21 Word22 Word23 Word5,18632,124.37,Word575,2018-10-31,Word563 Word575,NoDoc
Word426 Word427 Word71 Word72 Word7,20707-11202018,486.1,Word1629,2018-12-31,Word52 Word330 Word566,NoDoc
Word286 Word287 Word288 Word39,51418081377,805.0,Word1457 Word1170,2018-09-30,Word560 Word561 Word366 Word562,Doc1
Word33 Word34 Word35 Word7,108644-1334,78179.17,Word562,2018-10-31,Word563 Word366 Word56 Word4,NoDoc
Word30 Word31,672062,3735.0,Word797 Word190,2018-08-31,Word560 Word561 Word366 Word562,Doc1
Word16 Word17 Word18 Word7,FN1727,360.0,Word941 Word785,2018-10-31,Word563 Word564 Word9 Word26,NoDoc
Word16 Word17 Word18 Word7,DC1911,1260.0,Word819 Word785,2018-10-31,Word563 Word564 Word9 Word26,NoDoc
Word273 Word61,473,6525.0,Word60 Word99 Word780,2018-06-30,Word563 Word564 Word9 Word26,NoDoc
Word177 Word178 Word147 Word7,243YUM,8694.0,Word1587 Word802 Word1310,2018-07-31,Word576 Word366 Word562,Doc3
Word48 Word3 Word4 Word5,CP20180744,450.0,Word877,2018-06-30,Word560 Word561 Word612,Doc1
Word16 Word17 Word3 Word7,70708,1039.2,Word562,2018-06-30,Word563 Word366 Word562,NoDoc
Word16 Word17 Word3 Word7,71966,720.0,Word2089 Word989 Word2090,2018-10-31,Word563 Word366 Word562,NoDoc
Word166 Word5,1556,1275.0,Word961 Word132,2018-11-30,Word563 Word132 Word610,NoDoc
Word116 Word117 Word118 Word119 Word7,154249,414.56,Word51 Word791,2018-10-31,Word563 Word580 Word581 Word232,NoDoc
Word33 Word34 Word35 Word7,108644-976,3989.07,Word562,2018-06-30,Word563 Word366 Word56 Word4,NoDoc
Word33 Word34 Word35 Word7,108644-1359,3440.88,Word562,2018-10-31,Word563 Word366 Word56 Word4,NoDoc
Word42 Word43 Word5,7902,3335.0,Word800 Word605,2018-04-01,Word563 Word580 Word581 Word232,NoDoc
Word116 Word117 Word118 Word119 Word7,149456,503.5,Word51 Word794,2018-04-01,Word563 Word580 Word581 Word232,NoDoc
Word58 Word3 Word4 Word5,13003,690.0,Word931 Word1466,2018-05-31,Word563 Word366 Word562,NoDoc
Word50 Word51 Word4 Word5,1638,2040.0,Word797 Word190 Word338 Word904,2018-11-30,Word567 Word582 Word366 Word562,Doc1
Word36 Word37 Word29,2252941,435.42,Word130 Word791,2018-09-30,Word560 Word561 Word366 Word562,Doc1
Word96 Word3 Word4 Word5,60304,1440.0,Word1053 Word779 Word258 Word764 Word26,2018-01-01,Word563 Word564 Word9 Word26,NoDoc
Word199 Word200 Word201 Word202 Word7,SOL-0021560,14527.0,Word1043 Word190,2018-03-01,Word567 Word580 Word202 Word545,Doc1
Word192 Word193 Word194,1804462,7998.97,Word619 Word791,2018-05-31,Word565 Word566,NoDoc
Word33 Word34 Word35 Word7,108644-780,10336.14,Word1202 Word1266 Word641,2018-04-30,Word563 Word366 Word56 Word4,NoDoc
Word16 Word17 Word18 Word7,OI1097,5040.0,Word1501 Word784 Word785,2018-08-31,Word563 Word564 Word9 Word26,NoDoc
Word73 Word4 Word5,5487,490.0,Word839 Word53 Word190,2018-10-31,Word563 Word366 Word562,NoDoc
Word110 Word22 Word4 Word5,OY51-25162,1109.5,Word797 Word190,2018-06-30,Word52 Word330 Word566,NoDoc
Word8 Word9 Word10 Word11 Word5,4.80J+11,1497.5,Word330 Word99 Word26,2018-10-31,Word563 Word564 Word9 Word26,NoDoc
Word16 Word17 Word18 Word7,3783,1080.0,Word1013,2018-07-31,Word563 Word564 Word9 Word26,NoDoc
Word396 Word132 Word185 Word397 Word4 Word7,91092276,82925.0,Word1391 Word1515 Word1177,2018-04-01,Word567 Word582 Word583 Word584 Word585 Word586,Doc1
Word16 Word17 Word3 Word7,70522,315.0,Word800 Word805 Word810,2018-05-31,Word563 Word366 Word562,NoDoc
Word8 Word9 Word10 Word11 Word5,4.80L+11,181.25,Word1150 Word784 Word330 Word99 Word1150 Word784 Word779,2018-11-30,Word563 Word564 Word9 Word26,NoDoc
Word16 Word17 Word18 Word7,GZ968,990.0,Word125 Word966,2018-08-31,Word563 Word564 Word9 Word26,NoDoc
Word16 Word17 Word18 Word7,4626,1158.0,Word783 Word784 Word785,2018-04-30,Word563 Word564 Word9 Word26,NoDoc
Word8 Word9 Word10 Word11 Word5,4.80Q+11,480.0,Word942 Word784 Word568,2018-08-31,Word563 Word564 Word9 Word26,NoDoc
Word19 Word20 Word21 Word22 Word23 Word5,12848,751.23,Word1122 Word1123,2018-03-01,Word563 Word575,NoDoc
Word113 Word114 Word115 Word7,146321,3000.0,Word1323,2018-06-30,Word560 Word561 Word612,Doc1
Word386 Word3 Word387 Word4 Word5,3.42R+12,28864.21,Word699 Word882 Word695 Word778,2018-06-30,Word563 Word598 Word71,NoDoc
Word38 Word4 Word39,41509702,18500.0,Word792 Word1022 Word659,2018-07-31,Word563 Word121 Word579,NoDoc
Word113 Word114 Word115 Word7,150948,1377.5,Word578 Word794,2018-09-30,Word560 Word561 Word612,Doc1
Word54 Word3 Word4,XJO52242,1350.0,,2018-01-01,Word563 Word564 Word9 Word26,NoDoc
Word186 Word4 Word5,9045,12200.0,Word1178 Word1432 Word1508,2018-05-31,Word560 Word561 Word685 Word686 Word687 Word688,Doc1
Word144 Word145 Word146 Word147 Word7,124501,3052.5,,2018-02-01,Word576 Word366 Word562,Doc3
Word58 Word3 Word4 Word5,13270,705.0,Word833 Word800 Word611,2018-08-31,Word567 Word568 Word366 Word562,Doc1
Word129 Word130 Word5,K-0012,480.0,Word893 Word894 Word785,2018-10-31,Word563 Word564 Word9 Word26,NoDoc
Word16 Word17 Word18 Word7,JG968,990.0,Word125 Word966,2018-08-31,Word563 Word564 Word9 Word26,NoDoc
Word97 Word91 Word4 Word5,18-10096,1080.0,Word797 Word190,2018-09-30,Word563 Word564 Word9 Word26,NoDoc
Word219 Word220 Word34 Word5,1018,36995.48,Word846 Word991 Word700 Word45 Word700 Word160 Word808,2018-03-01,Word560 Word722 Word723 Word724 Word571 Word571,Doc1
Word76 Word77 Word5,52027765,14100.0,Word777 Word699 Word865 Word699 Word1062,2018-05-31,Word560 Word561 Word107,Doc1
Word83 Word84 Word44 Word7,20818-8-1,1913.13,Word850 Word65,2018-05-31,Word563 Word580 Word581 Word232,NoDoc
Word8 Word9 Word10 Word11 Word5,4.80T+11,516.0,Word884 Word784 Word568 Word650,2018-06-30,Word563 Word564 Word9 Word26,NoDoc
Word83 Word84 Word44 Word7,113017-8-1,1231.55,Word850 Word65,2018-01-01,Word563 Word580 Word581 Word232,NoDoc
Word81 Word82 Word5,141958,400.7,Word643 Word82,2018-07-31,Word563 Word82 Word9 Word607,NoDoc
Word19 Word20 Word21 Word22 Word23 Word5,19287,379.54,Word633 Word575,2018-10-31,Word563 Word575,NoDoc
Word134 Word61 Word45 Word39,IMFVG2018ZHFOSCGY,15348.6,Word689 Word780 Word1712 Word835,2018-05-31,Word563 Word564 Word9 Word26,NoDoc
Word349 Word3 Word4 Word350 Word351 Word333,89001,3168.0,Word351 Word1519 Word1892,2018-10-31,Word52 Word330 Word566,NoDoc
Word113 Word114 Word115 Word7,143235,1828.75,Word578,2018-03-01,Word563 Word580 Word581 Word232,NoDoc
Word113 Word114 Word115 Word7,142154,7713.75,Word578 Word791,2018-04-30,Word560 Word561 Word366 Word562,Doc1
Word111 Word112 Word91 Word107 Word7,26975,10326.0,Word846 Word791,2018-01-01,Word567 Word582 Word107,Doc1
Word85 Word86 Word87 Word5 Word88 Word16 Word17 Word3 Word7,65441,315.0,Word1050 Word1051,2018-02-01,Word563 Word366 Word562,NoDoc
Word30 Word31,657689,1253.75,Word123 Word190,2018-05-31,Word563 Word132 Word610,NoDoc
Word483 Word484,DBPAKJA110618,15404.12,Word613 Word781 Word1885,2018-11-30,Word571 Word52 Word594 Word696,NoDoc
Word16 Word17 Word18 Word7,YN510,300.0,Word785 Word330 Word99 Word764 Word26,2018-06-30,Word567 Word568 Word569 Word570,Doc1
Word16 Word17 Word18 Word7,2291,1263.6,Word1189 Word784 Word785,2018-02-01,Word563 Word564 Word9 Word26,NoDoc
Word8 Word9 Word10 Word11 Word5,4.80R+11,4416.1,Word1930 Word784 Word929,2018-04-30,Word563 Word564 Word9 Word26,NoDoc
Word44 Word45 Word46,201806-00045,2829197.98,Word845 Word835 Word46,2018-07-31,Word560 Word561 Word44 Word587,Doc1
Word113 Word114 Word115 Word7,146545,1021.25,Word578 Word991,2018-05-31,Word563 Word580 Word581 Word232,NoDoc
Word16 Word17 Word18 Word7,NT1453,360.0,Word1462 Word785,2018-09-30,Word563 Word564 Word9 Word26,NoDoc
Word36 Word37 Word29,2281061,1184.9,Word130 Word791,2018-09-30,Word52 Word330 Word566,NoDoc
Word16 Word17 Word18 Word7,3212,1304.4,Word26,2018-03-01,Word567 Word568 Word569 Word570,Doc1
Word227 Word204 Word253 Word7,60564,1492.5,Word397 Word791,2018-06-30,Word567 Word582 Word583 Word584 Word585 Word586,Doc1
Word166 Word5,1499,170.0,Word123 Word809 Word1150 Word784 Word330 Word99,2018-11-30,Word563 Word564 Word9 Word26,NoDoc
Word227 Word315 Word44 Word39,90000594,391548.84,Word1246 Word791,2018-06-30,Word560 Word561 Word315 Word638,Doc1
Word24 Word22 Word4 Word5,22743,850.0,Word562,2018-07-31,Word563 Word564 Word9 Word26,NoDoc
Word16 Word17 Word18 Word7,5110,753.6,Word338 Word330 Word99 Word26,2018-04-30,Word563 Word564 Word9 Word26,NoDoc
Word160 Word161 Word61 Word45 Word39,1108-1,3900.0,Word61,2018-11-30,Word567 Word568 Word569 Word570,Doc1
Word16 Word17 Word18 Word7,GZ176,2520.0,Word924 Word784 Word785,2018-05-31,Word563 Word564 Word9 Word26,NoDoc
Word16 Word17 Word18 Word7,PV1175,1260.0,Word1379,2018-08-31,Word563 Word564 Word9 Word26,NoDoc
Word16 Word17 Word3 Word7,71801,480.0,Word255 Word706,2018-09-30,Word563 Word366 Word562,NoDoc
Word25 Word26,042318-25,54.0,Word785 Word9,2018-06-30,Word563 Word564 Word9 Word26,NoDoc
Word219 Word220 Word34 Word5,1016,40896.57,Word846 Word791 Word909 Word45 Word909 Word981,2018-02-01,Word563 Word220,NoDoc
Word101 Word102 Word103 Word7,111239,13055.0,Word1130 Word931 Word562,2018-03-01,Word576 Word366 Word562,Doc3
Word137 Word138 Word7,PCBP5026,1680.0,Word984 Word835 Word905 Word791,2018-05-31,Word563 Word359,NoDoc
Word30 Word31,676136,2108.0,Word61,2018-09-30,Word567 Word568 Word569 Word570,Doc1
Word33 Word34 Word35 Word7,108644-614,1484.5,,2018-02-01,Word563 Word366 Word56 Word4,NoDoc
Word74 Word75 Word44 Word5,QVW00128,269111.58,Word840 Word841 Word842 Word843,2016-10-01,Word563 Word600 Word601 Word602,NoDoc
Word85 Word86 Word87 Word5 Word88 Word16 Word17 Word3 Word7,65654,52.52,Word851 Word855 Word654,2018-02-01,Word563 Word580 Word581 Word232,NoDoc
Word8 Word9 Word10 Word11 Word5,4.80W+11,1200.0,Word1321 Word1376 Word170,2018-06-30,Word563 Word564 Word9 Word26,NoDoc
Word195 Word5,DC145187,5348.0,Word1486 Word562,2018-08-31,Word563 Word366 Word56 Word4,NoDoc
Word162 Word7,ZO10HXO18,12543.0,Word582 Word908 Word791,2018-04-30,Word567 Word107,Doc1
Word319 Word315 Word44,40702047-002,504110.04,Word1246 Word791,2018-02-01,Word560 Word561 Word315 Word638,Doc1
Word38 Word4 Word39,41506444,4223.0,Word1171 Word1107 Word794 Word659 Word1295,2018-07-31,Word563 Word121 Word579,NoDoc
Word286 Word287 Word288 Word39,51217121450,26880.0,Word288 Word791,2018-03-01,Word288 Word626 Word627,NoDoc
Word464 Word22 Word4 Word7,1186572,142000.0,Word702 Word1331 Word791,2018-05-31,Word565 Word566,NoDoc
Word101 Word102 Word103 Word7,113603,45082.53,Word562 Word1388,2018-09-30,Word576 Word366 Word562,Doc3
Word16 Word17 Word18 Word7,QZ1912,360.0,Word819 Word785,2018-10-31,Word563 Word564 Word9 Word26,NoDoc
Word8 Word9 Word10 Word11 Word5,4.80W+11,279.5,Word9 Word26,2017-12-01,Word563 Word564 Word9 Word26,NoDoc
Word16 Word17 Word18 Word7,2717,421.2,Word330 Word99 Word764 Word26,2018-02-01,Word563 Word564 Word9 Word26,NoDoc
Word16 Word17 Word3 Word7,71821,259.8,Word994 Word873,2018-09-30,Word563 Word366 Word562,NoDoc
Word89 Word44 Word5,66389605,1764.4,Word1609,2018-03-01,Word563 Word608 Word609,NoDoc
Word85 Word86 Word87 Word5 Word88 Word16 Word17 Word3 Word7,64788,105.0,Word1258 Word945,2017-12-01,Word563 Word580 Word581 Word232,NoDoc
Word8 Word9 Word10 Word11 Word5,4.80U+11,60.0,Word783 Word784 Word568 Word650,2018-07-31,Word563 Word564 Word9 Word26,NoDoc
Word16 Word17 Word18 Word7,LJ1500,180.0,Word1524 Word757 Word1072,2018-10-31,Word563 Word366 Word562,NoDoc
Word6 Word7,10495G,1125.0,Word511 Word1145,2018-06-30,Word567 Word582 Word366 Word562,Doc1
Word62 Word63 Word18 Word7,215971B,2360.0,Word511 Word123 Word190,2018-08-31,Word560 Word561 Word612,Doc1
Word367 Word368 Word369,VGVD180105085,480.0,Word1398 Word791,2018-05-31,Word563 Word174,NoDoc
Word54 Word3 Word4,CCF54505,294.0,Word797 Word190 Word99 Word602,2018-01-01,Word563 Word564 Word9 Word26,NoDoc
Word73 Word4 Word5,6200,24853.0,Word562 Word1674 Word951 Word1675,2018-10-31,Word563 Word589 Word590,NoDoc
Word16 Word17 Word3 Word7,71284,240.0,Word900 Word805 Word2099,2018-10-31,Word563 Word366 Word562,NoDoc
Word30 Word31,649986,2103.75,Word330 Word99 Word26,2018-03-01,Word563 Word580 Word581 Word232,NoDoc
Word308 Word309 Word310,2018KMDFOFSCLCUMOE,2760671.27,Word835 Word682 Word683 Word684,2018-10-31,Word563 Word682 Word683 Word684,NoDoc
Word144 Word145 Word146 Word147 Word7,125252,931.0,Word1178 Word1032 Word864,2018-04-01,Word563 Word366 Word562,NoDoc
Word166 Word5,1502,212.5,Word330 Word99 Word26,2018-11-30,Word563 Word564 Word9 Word26,NoDoc
Word73 Word4 Word5,6200,24853.0,Word562 Word1674 Word951 Word1675,2018-10-31,Word563 Word589 Word590,NoDoc
Word73 Word4 Word5,6229,295.0,Word839 Word53 Word190,2018-10-31,Word563 Word366 Word562,NoDoc
Word166 Word5,1556,1275.0,Word961 Word132,2018-11-30,Word563 Word132 Word610,NoDoc
Word30 Word31,674234,4320.0,Word123 Word190,2018-09-30,Word560 Word561 Word366 Word562,Doc1
Word16 Word17 Word18 Word7,VK688,2520.0,Word1465 Word784 Word785,2018-07-31,Word563 Word564 Word9 Word26,NoDoc
Word47 Word3 Word4 Word39,2018009584,255.0,Word60 Word99 Word26,2018-05-31,Word563 Word564 Word9 Word26,NoDoc
Word96 Word3 Word4 Word5,80325,225.0,Word1169 Word1072,2018-06-30,Word563 Word132 Word610,NoDoc
Word85 Word86 Word87 Word5 Word88 Word16 Word17 Word3 Word7,65899,52.52,Word1680 Word1681,2018-03-01,Word563 Word580 Word581 Word232,NoDoc
Word33 Word34 Word35 Word7,108644-666,5273.64,Word562,2018-03-01,Word563 Word366 Word56 Word4,NoDoc
Word208 Word209 Word155 Word7,R46567,864.0,Word1028 Word760,2018-05-31,Word567 Word568 Word569 Word570,Doc1
Word158 Word159,VJSARTW032318,196.57,Word613 Word781 Word933,2018-05-31,Word571 Word52 Word594 Word628,NoDoc
Word76 Word77 Word5,52032432,4205.0,Word13 Word794,2018-11-30,Word52 Word330 Word566,NoDoc
Word16 Word17 Word18 Word7,6586,320.4,Word783 Word784 Word785,2018-05-31,Word563 Word564 Word9 Word26,NoDoc
Word212 Word213 Word214 Word125 Word119 Word39,74217,85.0,Word1018 Word190,2017-12-01,Word563 Word366 Word562,NoDoc
Word358 Word359,203012140,3105.0,Word1377 Word740 Word1378,2018-03-01,Word560 Word561 Word580 Word202 Word545,Doc1
Word30 Word31,661926,96.0,Word26 Word935,2018-06-30,Word563 Word564 Word9 Word26,NoDoc
Word546 Word307 Word7,2384,43000.0,Word702 Word772 Word2063,2018-08-31,Word560 Word561 Word315 Word638,Doc1
Word134 Word61 Word45 Word39,1192-2,35.0,Word61,2018-11-30,Word563 Word564 Word9 Word26,NoDoc
Word16 Word17 Word18 Word7,QJ253,540.0,Word1326 Word1444,2018-06-30,Word563 Word366 Word562,NoDoc
Word30 Word31,677898,96.0,Word978 Word780,2018-10-31,Word563 Word564 Word9 Word26,NoDoc
Word62 Word63 Word18 Word7,211437I,1680.0,Word338 Word61,2018-01-01,Word563 Word564 Word9 Word26,NoDoc
Word58 Word3 Word4 Word5,12760,230.0,Word562,2018-03-01,Word563 Word580 Word581 Word232,NoDoc
Word42 Word43 Word5,7424,4480.0,Word9 Word2040 Word804 Word805 Word1327,2018-01-01,Word565 Word566,NoDoc
Word16 Word17 Word18 Word7,3976,1788.0,Word992 Word784 Word785,2018-04-30,Word563 Word564 Word9 Word26,NoDoc
Word286 Word287 Word288 Word39,51218032151,5600.0,Word1695 Word26,2018-05-31,Word560 Word561 Word612,Doc1
Word261 Word262,121295,108.0,Word330 Word99 Word26,2018-03-01,Word563 Word564 Word9 Word26,NoDoc
Word16 Word17 Word18 Word7,2479,842.4,Word787 Word784 Word785,2018-02-01,Word563 Word564 Word9 Word26,NoDoc
Word109 Word61 Word7,238,3875.0,Word785 Word779 Word99,2018-07-31,Word560 Word611 Word603 Word604 Word605 Word606,Doc1
Word328 Word329 Word330 Word331 Word331 Word193,745430,829.41,Word1905 Word1906,2018-07-31,Word647 Word746 Word715,NoDoc
Word6 Word7,10698,2500.0,Word1181 Word1060 Word1182 Word1471,2018-09-30,Word560 Word561 Word366 Word562,Doc1
Word81 Word82 Word5,141958,400.7,Word643 Word82,2018-07-31,Word563 Word82 Word9 Word607,NoDoc
Word41 Word125 Word34 Word5,4441,1750.0,Word255 Word278,2018-05-31,Word567 Word582 Word580 Word202 Word545,Doc1
Word113 Word114 Word115 Word7,144927,3230.0,Word578 Word791,2018-04-30,Word560 Word561 Word366 Word562,Doc1
Word16 Word17 Word18 Word7,4295,1378.8,Word959 Word784 Word785,2018-04-01,Word563 Word564 Word9 Word26,NoDoc
Word44 Word45 Word46,201811-00046,8799523.59,Word807 Word808 Word46,2018-12-31,Word560 Word561 Word315 Word638,Doc1
Word16 Word17 Word3 Word7,71746,480.0,Word1565 Word592,2018-09-30,Word563 Word366 Word562,NoDoc
Word33 Word34 Word35 Word7,108644-1070,6463.08,Word895,2018-08-31,Word563 Word366 Word56 Word4,NoDoc
Word58 Word3 Word4 Word5,12825,230.0,Word2096 Word868 Word2097,2018-03-01,Word563 Word366 Word562,NoDoc
Word101 Word102 Word103 Word7,111291,24.0,Word1595 Word1060 Word1867 Word1868,2018-03-01,Word565 Word566,NoDoc
Word8 Word9 Word10 Word11 Word5,4.80X+11,25.8,Word1028,2018-06-30,Word563 Word564 Word9 Word26,NoDoc
Word16 Word17 Word18 Word7,4147,1927.2,Word1014 Word784 Word785,2018-04-01,Word563 Word564 Word9 Word26,NoDoc
Word16 Word17 Word18 Word7,2829,882.0,Word992 Word784 Word785,2018-01-01,Word563 Word564 Word9 Word26,NoDoc
Word30 Word31,676032,315.0,Word123 Word190,2018-09-30,Word567 Word568 Word569 Word570,Doc1
Word44 Word45 Word46,201806-00045,2829197.98,Word845 Word835 Word46,2018-07-31,Word567 Word582 Word580 Word202 Word545,Doc1
Word40 Word41 Word4 Word5,1853,2570.0,Word1981 Word803,2018-07-31,Word567 Word582 Word580 Word202 Word545,Doc1
Word430 Word431 Word432,AAXIKUXCFRQRFQ100218,92604.92,Word1664 Word789 Word1413 Word660,2018-10-31,Word52 Word330 Word566,NoDoc
Word85 Word86 Word87 Word5 Word88 Word16 Word17 Word3 Word7,70193,735.0,Word562,2018-04-30,Word563 Word366 Word562,NoDoc
Word16 Word17 Word18 Word7,2189,140.4,Word783 Word784 Word785,2018-01-01,Word563 Word564 Word9 Word26,NoDoc
Word85 Word86 Word87 Word5 Word88 Word16 Word17 Word3 Word7,65951,340.99,Word824 Word789 Word1032,2018-03-01,Word563 Word366 Word562,NoDoc
Word356 Word13,D3070,19077.0,Word846 Word791,2018-01-01,Word560 Word561 Word107,Doc1
Word85 Word86 Word87 Word5 Word88 Word16 Word17 Word3 Word7,70397,1136.63,Word994 Word868 Word789 Word650 Word1563,2018-05-31,Word563 Word580 Word581 Word232,NoDoc
Word290 Word291 Word292 Word5,ESCNLV100218X,439403.16,Word9 Word1059 Word2064 Word835,2018-10-31,Word52 Word330 Word411 Word692,NoDoc
Word30 Word31,678838,288.0,Word61,2018-10-31,Word563 Word564 Word9 Word26,NoDoc
Word80 Word3 Word4,V156873,89681.0,Word562 Word1017 Word602 Word1079,2018-10-31,Word567 Word568 Word569 Word295,Doc1
Word16 Word17 Word3 Word7,71231,722.0,Word1608 Word705 Word706 Word9 Word331,2018-10-31,Word563 Word366 Word562,NoDoc
Word78 Word79 Word11 Word5,MHI0048,40.0,Word338 Word1159 Word9,2018-08-31,Word563 Word564 Word9 Word26,NoDoc
Word16 Word17 Word18 Word7,3981,249.6,Word783 Word784 Word785,2018-04-01,Word563 Word564 Word9 Word26,NoDoc
Word116 Word117 Word118 Word119 Word7,148345,8261.14,Word581 Word1257,2018-11-30,Word563 Word580 Word581 Word232,NoDoc
Word16 Word17 Word18 Word7,3950,140.4,Word783 Word784 Word785,2018-03-01,Word563 Word564 Word9 Word26,NoDoc
Word167 Word168 Word169,NOGYENBWGDQCW040218,9471.0,Word9 Word1059 Word1060 Word1583,2018-04-01,Word563 Word580 Word581 Word232,NoDoc
Word30 Word31,653638,48.0,Word60 Word99 Word26,2018-04-30,Word563 Word564 Word9 Word26,NoDoc
Word16 Word17 Word18 Word7,DJ187,10080.0,Word865 Word1073 Word61,2018-06-30,Word563 Word564 Word9 Word26,NoDoc
Word223 Word60 Word65 Word4 Word7,3816,650.0,Word827 Word791,2018-09-30,Word560 Word561 Word593 Word578 Word65,Doc1
Word85 Word86 Word87 Word5 Word88 Word16 Word17 Word3 Word7,65530,210.0,Word820 Word2019,2018-02-01,Word563 Word366 Word562,NoDoc
Word208 Word209 Word155 Word7,G42291,1139.0,Word156 Word798,2018-04-01,Word567 Word568 Word569 Word570,Doc1
Word131 Word132 Word133 Word5,N21806002,172753.23,Word845 Word61,2018-09-30,Word563 Word564 Word9 Word26,NoDoc
Word42 Word43 Word5,7817,4780.0,Word650 Word809 Word1112 Word103,2018-03-01,Word567 Word366 Word562,Doc1
Word42 Word43 Word5,7906,3262.5,Word562,2018-04-01,Word563 Word580 Word581 Word232,NoDoc
Word134 Word61 Word45 Word39,SOXOP2018EYNBDAMP,3522.15,Word689 Word26 Word1061,2018-07-31,Word563 Word564 Word9 Word26,NoDoc
Word6 Word7,10327,520.0,Word1210 Word1211 Word780 Word659,2018-03-01,Word560 Word561 Word580 Word202 Word545,Doc1
Word19 Word20 Word21 Word22 Word23 Word5,14685,1150.38,Word868,2018-06-30,Word563 Word575,NoDoc
Word24 Word22 Word4 Word5,23420,850.0,Word562,2018-11-30,Word567 Word582 Word366 Word562,Doc1
Word8 Word9 Word10 Word11 Word5,4.80W+11,268.75,Word1106 Word784 Word1107 Word918,2018-02-01,Word563 Word564 Word9 Word26,NoDoc
Word19 Word20 Word21 Word22 Word23 Word5,17690,78.23,Word190 Word575,2018-08-31,Word563 Word575,NoDoc
Word19 Word20 Word21 Word22 Word23 Word5,13973,581.39,Word575 Word868,2018-04-30,Word563 Word575,NoDoc
Word89 Word44 Word5,67138945,28881.6,Word644,2018-10-31,Word563 Word608 Word609,NoDoc
Word96 Word3 Word4 Word5,88063,900.0,Word123 Word190,2018-08-31,Word563 Word132 Word610,NoDoc
Word382 Word132 Word155 Word5,20180412,19200.0,Word846 Word791,2018-04-30,Word567 Word582 Word107,Doc1
Word223 Word60 Word65 Word4 Word7,3314,3053.5,Word827 Word791,2018-07-31,Word560 Word561 Word593 Word578 Word65,Doc1
Word33 Word34 Word35 Word7,108644-704,8870.4,Word258 Word474 Word45 Word716 Word45 Word1074,2018-03-01,Word563 Word366 Word562,NoDoc
Word8 Word9 Word10 Word11 Word5,4.80U+11,51.6,Word783 Word784 Word568 Word650,2018-06-30,Word563 Word564 Word9 Word26,NoDoc
Word8 Word9 Word10 Word11 Word5,4.80E+11,1990.0,Word61,2018-10-31,Word563 Word564 Word9 Word26,NoDoc
Word24 Word22 Word4 Word5,23425,255.0,Word9 Word578 Word330 Word99,2018-11-30,Word563 Word564 Word9 Word26,NoDoc
Word8 Word9 Word10 Word11 Word5,4.80N+11,55.9,Word1028,2018-05-31,Word563 Word564 Word9 Word26,NoDoc
Word8 Word9 Word10 Word11 Word5,4.80G+11,2400.0,Word132 Word1183 Word642,2018-11-30,Word563 Word564 Word9 Word26,NoDoc
Word8 Word9 Word10 Word11 Word5,4.80T+11,240.0,Word330 Word99 Word26,2018-08-31,Word563 Word564 Word9 Word26,NoDoc
Word54 Word98 Word4 Word7,18602,600.0,Word1120 Word1015 Word1179 Word1683,2018-09-30,Word560 Word561 Word580 Word202 Word545,Doc1
Word16 Word17 Word18 Word7,OA1187,360.0,Word785 Word330 Word99,2018-08-31,Word563 Word564 Word9 Word26,NoDoc
Word308 Word309 Word310,2018VBOETRPGHTGYNJ,2760671.27,Word835 Word682 Word683 Word684,2018-10-31,Word563 Word682 Word683 Word684,NoDoc
Word436 Word7,12157950,4205.0,Word338 Word1689 Word954 Word1690,2018-02-01,Word567 Word582 Word580 Word202 Word545,Doc1
Word85 Word86 Word87 Word5 Word88 Word16 Word17 Word3 Word7,70193,735.0,Word562,2018-04-30,Word563 Word366 Word562,NoDoc
Word134 Word61 Word45 Word39,YEN2018XXLJQRHQ,43904.25,Word689 Word780,2018-04-30,Word563 Word564 Word9 Word26,NoDoc
Word16 Word17 Word18 Word7,4542,1090.8,Word959 Word784 Word785,2018-04-30,Word563 Word564 Word9 Word26,NoDoc
Word58 Word3 Word4 Word5,12787,862.5,Word824 Word789 Word1600,2018-03-01,Word563 Word366 Word562,NoDoc
Word16 Word17 Word18 Word7,3247,432.0,Word924 Word784 Word785,2018-03-01,Word563 Word564 Word9 Word26,NoDoc
Word116 Word117 Word118 Word119 Word7,155124,300.25,Word562 Word1262 Word1263,2018-10-31,Word563 Word580 Word581 Word232,NoDoc
Word85 Word86 Word87 Word5 Word88 Word16 Word17 Word3 Word7,70390,210.0,Word1335 Word605,2018-04-01,Word563 Word366 Word562,NoDoc
Word44 Word45 Word46,201811-00046,8799523.59,Word807 Word808 Word46,2018-12-31,Word671 Word561 Word738 Word545,Doc1
Word16 Word17 Word18 Word7,CF1845,1080.0,Word819 Word785,2018-10-31,Word563 Word564 Word9 Word26,NoDoc
Word113 Word114 Word115 Word7,146305,498.75,Word578 Word791,2018-05-31,Word563 Word580 Word581 Word232,NoDoc
Word113 Word114 Word115 Word7,148117,8336.25,Word578 Word791,2018-08-31,Word560 Word561 Word366 Word562,Doc1
Word390 Word359 Word7,EEMBEQQBHJ00002-110118,529.2,Word681 Word1491,2018-11-30,Word571 Word52 Word372 Word617 Word579,NoDoc
Word96 Word3 Word4 Word5,88059,540.0,Word785 Word287 Word764 Word1622,2018-08-31,Word563 Word564 Word9 Word26,NoDoc
Word162 Word7,GELO14CEO18,9655.0,Word846 Word791 Word45 Word1062 Word45 Word909,2018-02-01,Word567 Word107,Doc1
Word54 Word3 Word4,URX53711,337.5,Word797 Word190 Word99 Word602,2018-01-01,Word563 Word564 Word9 Word26,NoDoc
Word59 Word60 Word61 Word5,1223,1584.0,Word826 Word785,2018-10-31,Word563 Word564 Word9 Word26,NoDoc
Word8 Word9 Word10 Word11 Word5,4.80H+11,120.0,Word330 Word99 Word780,2018-08-31,Word563 Word564 Word9 Word26,NoDoc
Word8 Word9 Word10 Word11 Word5,4.80N+11,357.5,Word61,2018-09-30,Word563 Word564 Word9 Word26,NoDoc
Word40 Word41 Word4 Word5,1874,1948.0,Word802 Word278 Word1242 Word803,2018-07-31,Word567 Word582 Word366 Word562,Doc1
Word42 Word43 Word5,8411,760.0,Word1283 Word832,2018-09-30,Word560 Word561 Word366 Word562,Doc1
Word40 Word41 Word4 Word5,2070,3938.0,Word802 Word278,2018-08-31,Word567 Word582 Word366 Word562,Doc1
Word30 Word31,669421,336.0,Word826 Word780,2018-07-31,Word567 Word568 Word569 Word570,Doc1
Word16 Word17 Word18 Word7,SP223,7560.0,Word172 Word1196 Word764 Word780,2018-06-30,Word563 Word564 Word9 Word26,NoDoc
Word16 Word17 Word18 Word7,2770,1371.6,Word330 Word99 Word764 Word61,2018-02-01,Word563 Word564 Word9 Word26,NoDoc
Word293 Word4 Word165 Word47 Word7,57230,2183.5,Word612 Word4,2018-04-01,Word613 Word99 Word614 Word98 Word338 Word678,Doc2
Word33 Word34 Word35 Word7,108644-1320MC,1854.0,Word562 Word1710 Word1711 Word258 Word160 Word967 Word160 Word882,2018-10-31,Word563 Word366 Word56 Word4,NoDoc
Word44 Word45 Word46,201805-00053-JQ0,2570126.23,Word834 Word835 Word46,2018-06-30,Word563 Word580 Word202 Word592,NoDoc
Word83 Word84 Word44 Word7,21418-3-1,2017.31,Word850 Word853,2018-06-30,Word563 Word366 Word562,NoDoc
Word96 Word3 Word4 Word5,88784,1125.0,Word797 Word190,2018-09-30,Word563 Word132 Word610,NoDoc
Word16 Word17 Word18 Word7,5063,1170.0,Word1013 Word966,2018-04-01,Word563 Word564 Word9 Word26,NoDoc
Word6 Word7,10734,770.0,Word1144 Word1245 Word1279,2018-08-31,Word563 Word366 Word562,NoDoc
Word210 Word211 Word5,2225,2926.07,Word1175 Word1874 Word1875 Word1080,2018-09-30,Word563 Word615 Word211,NoDoc
Word195 Word5,GM131095,4664.63,Word1708 Word2106 Word1062 Word909 Word1062 Word808,2017-12-01,Word563 Word366 Word56 Word4,NoDoc
Word89 Word44 Word5,67068450,3511.2,Word1474,2018-10-31,Word563 Word608 Word609,NoDoc
Word356 Word13,R3078,16475.0,Word846 Word791,2018-08-31,Word52 Word330 Word566,NoDoc
Word212 Word213 Word214 Word125 Word119 Word39,76527,617.5,Word1018 Word809,2018-06-30,Word613 Word99 Word614 Word366 Word562,Doc2
Word19 Word20 Word21 Word22 Word23 Word5,13427,253.59,Word633 Word575,2018-04-01,Word563 Word575,NoDoc
Word16 Word17 Word18 Word7,CU1232,90.0,Word1333 Word650 Word1334 Word801,2018-09-30,Word563 Word366 Word562,NoDoc
Word16 Word17 Word18 Word7,1390,1244.7,Word1931 Word784 Word785,2017-12-01,Word567 Word569 Word570,Doc1
Word134 Word61 Word45 Word39,GPXOOKPQT 2018 DQBYHSVD,39288.6,Word689 Word26,2018-11-30,Word563 Word564 Word9 Word26,NoDoc
Word74 Word75 Word44 Word5,VKC00128,269111.58,Word840 Word841 Word842 Word843,2016-10-01,Word563 Word600 Word601 Word602,NoDoc
Word16 Word17 Word18 Word7,5234,640.8,Word885 Word784 Word785,2018-05-31,Word563 Word564 Word9 Word26,NoDoc
Word16 Word17 Word18 Word7,3229,1293.0,,2018-02-01,Word563 Word564 Word9 Word26,NoDoc
Word30 Word31,676922,457.0,Word797 Word190,2018-10-31,Word567 Word582 Word366 Word562,Doc1
Word48 Word3 Word4 Word5,EC20182991,40.0,Word568 Word650,2018-09-30,Word563 Word564 Word9 Word26,NoDoc
Word16 Word17 Word18 Word7,5113,1417.2,Word885 Word784 Word785,2018-04-30,Word563 Word564 Word9 Word26,NoDoc
Word166 Word5,1624,3272.5,Word956 Word894 Word123 Word809,2018-11-30,Word563 Word564 Word9 Word26,NoDoc
Word16 Word17 Word18 Word7,3180,1124.4,Word785 Word330 Word99 Word764 Word61,2018-02-01,Word563 Word564 Word9 Word26,NoDoc
Word106 Word107 Word7,83065-3,5375.0,Word777 Word699 Word717 Word699 Word911,2018-05-31,Word576 Word118 Word708 Word662,Doc3
Word219 Word220 Word34 Word5,1016,40896.57,Word846 Word791 Word909 Word45 Word909 Word981,2018-02-01,Word563 Word220,NoDoc
Word113 Word114 Word115 Word7,152023,807.5,Word511 Word1012,2018-12-31,Word52 Word330 Word566,NoDoc
Word48 Word3 Word4 Word5,UT20182756,130.0,Word1146 Word9,2018-09-30,Word560 Word561 Word366 Word562,Doc1
Word16 Word17 Word18 Word7,2383,1263.6,,2018-01-01,Word563 Word564 Word9 Word26,NoDoc
Word148 Word75 Word5,11695,14376.0,Word846 Word991,2018-04-01,Word560 Word561 Word315 Word638,Doc1
Word19 Word20 Word21 Word22 Word23 Word5,17137,925.56,Word633 Word575,2018-08-31,Word563 Word575,NoDoc
Word299 Word237 Word7,31726,21199.08,Word949 Word991 Word699 Word700 Word699 Word160,2018-04-01,Word571 Word52 Word657 Word646 Word13,NoDoc
Word286 Word287 Word288 Word39,51218042611,6450.0,Word132 Word1183 Word1731,2018-06-30,Word560 Word561 Word612,Doc1
Word16 Word17 Word18 Word7,6628,961.2,Word959 Word784 Word785,2018-05-31,Word563 Word564 Word9 Word26,NoDoc
Word58 Word3 Word4 Word5,12753,517.5,Word1877 Word2103,2018-02-01,Word563 Word580 Word581 Word232,NoDoc
Word48 Word3 Word4 Word5,BY20173390,175.0,Word1452 Word784 Word785,2018-08-31,Word563 Word564 Word9 Word26,NoDoc
Word546 Word307 Word7,2467,198000.0,Word702 Word1331,2018-10-31,Word52 Word330 Word566,NoDoc
Word134 Word61 Word45 Word39,765-1,54.0,Word61,2018-01-01,Word563 Word564 Word9 Word26,NoDoc
Word101 Word102 Word103 Word7,112200,74552.6,Word562 Word1567,2018-06-30,Word576 Word366 Word562,Doc3
Word33 Word34 Word35 Word7,108644-440,5017.85,Word100 Word1370 Word967 Word699 Word967 Word1062,2017-12-01,Word563 Word366 Word56 Word4,NoDoc
Word324 Word4,18-6445,234523.82,Word695 Word45 Word700 Word830 Word1329 Word1277 Word1330,2018-06-30,Word671 Word561 Word699 Word695 Word45 Word700 Word593,Doc1
Word30 Word31,677919,728.0,Word26 Word60 Word99 Word130,2018-10-31,Word563 Word564 Word9 Word26,NoDoc
Word186 Word4 Word5,9687,55500.0,Word315 Word985,2018-07-31,Word560 Word561 Word315 Word638,Doc1
Word272 Word29 Word5,WO-2018034,850.0,Word130 Word791,2018-03-01,Word613 Word99 Word614 Word98 Word338 Word678,Doc2
Word70 Word47 Word71 Word72 Word7,287399,12935.72,Word699 Word830 Word695 Word831 Word808,2018-06-30,Word563 Word598 Word71,NoDoc
Word16 Word17 Word18 Word7,3030,702.0,Word785 Word330 Word99 Word764 Word61,2018-02-01,Word563 Word564 Word9 Word26,NoDoc
Word41 Word125 Word34 Word5,216,3587.5,Word1237 Word21 Word802,2018-02-01,Word567 Word582 Word580 Word202 Word545,Doc1
Word16 Word17 Word18 Word7,ZX1603,180.0,Word338 Word783 Word784,2018-10-31,Word563 Word564 Word9 Word26,NoDoc
Word16 Word17 Word18 Word7,4521,1149.6,Word783 Word784 Word785,2018-04-01,Word563 Word564 Word9 Word26,NoDoc
Word8 Word9 Word10 Word11 Word5,4.80T+11,17.2,Word817 Word784 Word568 Word650,2018-04-30,Word563 Word564 Word9 Word26,NoDoc
Word6 Word7,10491O,1125.0,Word1480 Word772 Word1157,2018-05-31,Word576 Word736 Word539 Word580 Word737,Doc3
Word16 Word17 Word18 Word7,PN1567,450.0,Word1462 Word785,2018-10-31,Word563 Word564 Word9 Word26,NoDoc
Word225 Word9 Word226 Word5,LZUUMS073118,576412.2,Word9 Word1413 Word539 Word834 Word845,2018-08-31,Word567 Word650 Word9 Word255,Doc1
Word8 Word9 Word10 Word11 Word5,4.80Y+11,120.0,Word330 Word99 Word26,2018-10-31,Word563 Word564 Word9 Word26,NoDoc
Word19 Word20 Word21 Word22 Word23 Word5,14544,28.34,Word1154 Word1155 Word84,2018-11-30,Word563 Word575,NoDoc
Word110 Word22 Word4 Word5,HT51-24421,850.0,Word1321 Word578,2018-04-01,Word563 Word564 Word9 Word26,NoDoc
Word219 Word220 Word34 Word5,1002-1003,35539.32,Word846 Word791 Word1062 Word45 Word967 Word911,2018-02-01,Word560 Word611 Word603 Word604 Word605 Word606,Doc1
Word38 Word4 Word39,41491494-QZFP,50.0,Word1021 Word1974 Word659 Word1975,2018-09-30,Word563 Word121 Word579,NoDoc
Word33 Word34 Word35 Word7,108644-606,7082.23,Word1708 Word1876 Word909 Word717 Word909 Word831,2018-02-01,Word563 Word366 Word56 Word4,NoDoc
Word44 Word45 Word46,201806-00045,2829197.98,Word845 Word835 Word46,2018-07-31,Word563 Word51 Word372 Word579,NoDoc
Word16 Word17 Word18 Word7,5067,860.4,Word783 Word784 Word785,2018-04-30,Word563 Word564 Word9 Word26,NoDoc
Word74 Word75 Word44 Word5,XTL00128,269111.58,Word840 Word841 Word842 Word843,2016-10-01,Word563 Word600 Word601 Word602,NoDoc
Word16 Word17 Word18 Word7,4411,1857.6,Word787 Word784 Word785,2018-04-01,Word563 Word564 Word9 Word26,NoDoc
Word116 Word117 Word118 Word119 Word7,149782,1618.34,Word51 Word794,2018-04-01,Word563 Word580 Word581 Word232,NoDoc
Word265 Word52 Word266,2V18GMHDPZG-HRWKWMZNF,15000.0,Word1128 Word1129 Word659,2018-10-31,Word571 Word52 Word657 Word658 Word165 Word599 Word659,NoDoc
Word33 Word34 Word35 Word7,108644-1319,8023.2,Word562 Word895 Word940,2018-10-31,Word563 Word366 Word56 Word4,NoDoc
Word85 Word86 Word87 Word5 Word88 Word16 Word17 Word3 Word7,66243,420.0,Word338 Word1657,2018-03-01,Word563 Word580 Word581 Word232,NoDoc
Word30 Word31,644085,45.5,Word826 Word780,2018-02-01,Word563 Word564 Word9 Word26,NoDoc
Word16 Word17 Word18 Word7,4562,1857.6,Word787 Word784 Word785,2018-04-01,Word563 Word564 Word9 Word26,NoDoc
Word402 Word403 Word404 Word7,2670,715.0,Word1159 Word9 Word1529,2018-09-30,Word560 Word561 Word366 Word562,Doc1
Word19 Word20 Word21 Word22 Word23 Word5,12539,1485.93,Word575,2018-03-01,Word563 Word575,NoDoc
Word96 Word3 Word4 Word5,63344,700.0,Word305 Word132 Word190,2018-02-01,Word563 Word580 Word202 Word592,NoDoc
Word162 Word7,SZJD02KHP18,15115.0,Word13 Word967 Word1074 Word909 Word1104,2018-12-31,Word567 Word582 Word107,Doc1
Word162 Word7,DRF13MYS18,30302.0,Word1143 Word1062 Word1190 Word967 Word716,2018-11-30,Word567 Word582 Word107,Doc1
Word8 Word9 Word10 Word11 Word5,4.80H+11,722.4,Word779 Word258 Word26,2017-12-01,Word567 Word568 Word569 Word570,Doc1
Word73 Word4 Word5,5487,490.0,Word839 Word53 Word190,2018-10-31,Word563 Word366 Word562,NoDoc
Word208 Word209 Word155 Word7,O42931,1537.5,Word132 Word1183 Word1323,2018-03-01,Word560 Word561 Word612,Doc1
Word59 Word60 Word61 Word5,1225,121.0,Word826 Word785,2018-10-31,Word563 Word564 Word9 Word26,NoDoc
Word16 Word17 Word3 Word7,70944,449.25,Word562,2018-06-30,Word563 Word366 Word562,NoDoc
Word16 Word17 Word3 Word7,70478,420.0,Word899 Word805 Word132 Word810,2018-05-31,Word563 Word580 Word581 Word232,NoDoc
Word299 Word237 Word7,32371,19448.49,Word949 Word991 Word160 Word1190 Word694 Word700 Word808,2018-09-30,Word571 Word52 Word657 Word681 Word371 Word13,NoDoc
Word80 Word3 Word4,Z134743,19654.0,Word592 Word562,2018-08-31,Word563 Word366 Word562,NoDoc
Word33 Word34 Word35 Word7,108644-1199,8580.73,Word562 Word946,2018-09-30,Word563 Word366 Word56 Word4,NoDoc
Word16 Word17 Word3 Word7,70910,1039.2,Word876 Word815 Word2070,2018-06-30,Word563 Word366 Word562,NoDoc
Word19 Word20 Word21 Word22 Word23 Word5,13428,1149.14,Word633 Word575,2018-04-01,Word563 Word575,NoDoc
Word16 Word17 Word18 Word7,VL1529,180.0,Word783 Word784 Word785,2018-10-31,Word563 Word564 Word9 Word26,NoDoc
Word58 Word3 Word4 Word5,12799,1265.0,Word824 Word789 Word816 Word825,2018-03-01,Word563 Word366 Word562,NoDoc
Word6 Word7,10719,1092.5,Word711 Word773 Word774,2018-08-31,Word563 Word366 Word562,NoDoc
Word25 Word26,012418-1,40.0,Word9 Word785 Word539 Word1282,2018-02-01,Word563 Word564 Word9 Word26,NoDoc
Word44 Word45 Word46,201811-00046,8799523.59,Word807 Word808 Word46,2018-12-31,Word560 Word561 Word699 Word695 Word45 Word700 Word718,Doc1
Word8 Word9 Word10 Word11 Word5,4.80O+11,5025.0,Word26 Word9 Word569,2018-10-31,Word567 Word568 Word569 Word570,Doc1
Word48 Word3 Word4 Word5,IY20173196,170.0,Word783 Word784 Word785,2018-08-31,Word563 Word564 Word9 Word26,NoDoc
Word367 Word368 Word369,QIWZ180105085,480.0,Word1398 Word791,2018-05-31,Word563 Word174,NoDoc
Word41 Word125 Word34 Word5,4388,2200.0,Word255 Word278,2018-03-01,Word567 Word582 Word580 Word202 Word545,Doc1
Word257 Word258 Word259 Word5,171120-11183,27300.0,Word259 Word1110 Word1111,2017-12-01,Word567 Word582 Word580 Word202 Word545,Doc1
Word166 Word5,1570,340.0,Word123 Word190,2018-11-30,Word563 Word564 Word9 Word26,NoDoc
Word25 Word26,090718-8,1104.0,Word61,2018-10-31,Word563 Word564 Word9 Word26,NoDoc
Word16 Word17 Word18 Word7,GI1298,2520.0,Word942 Word784 Word785,2018-09-30,Word563 Word564 Word9 Word26,NoDoc
Word324 Word4,18-6610,45078.51,Word700 Word980 Word160 Word883 Word695 Word1522 Word1722 Word1523,2018-06-30,Word588 Word568 Word490,Doc1
Word44 Word45 Word46,201811-00046,8799523.59,Word807 Word808 Word46,2018-12-31,Word563 Word580 Word581 Word232,NoDoc
Word134 Word61 Word45 Word39,CAQR2018OFXNDSLN,9588.15,Word689 Word780,2018-09-30,Word563 Word564 Word9 Word26,NoDoc
Word16 Word17 Word18 Word7,IK705,270.0,Word1063 Word784 Word785,2018-07-31,Word563 Word564 Word9 Word26,NoDoc
Word221 Word222 Word128,11771,10758.0,Word744 Word1052,2018-11-30,Word52 Word330 Word566,NoDoc
Word162 Word7,XMHO13GNR18,11976.0,Word582 Word1225,2018-05-31,Word567 Word582 Word107,Doc1
Word110 Word22 Word4 Word5,XC51-24222,382.5,Word338 Word9 Word764 Word61,2018-04-01,Word563 Word564 Word9 Word26,NoDoc
Word257 Word258 Word259 Word5,180501-12371,31200.0,Word259 Word1110 Word1111,2018-06-30,Word567 Word582 Word580 Word202 Word545,Doc1
Word137 Word138 Word7,ICMH5026,1680.0,Word984 Word835 Word905 Word791,2018-05-31,Word563 Word359,NoDoc
Word50 Word51 Word4 Word5,1379,892.5,Word797 Word190,2018-08-31,Word563 Word580 Word581 Word232,NoDoc
Word134 Word61 Word45 Word39,928-1,27.0,Word1286 Word636 Word826,2018-04-30,Word563 Word564 Word9 Word26,NoDoc
Word48 Word3 Word4 Word5,DZ20180514,482.0,Word954 Word454,2018-07-31,Word563 Word564 Word9 Word26,NoDoc
Word42 Word43 Word5,8176,1885.0,Word562,2018-09-30,Word560 Word611 Word612,Doc1
Word16 Word17 Word18 Word7,LC1276,9446.0,Word787 Word784 Word785,2018-09-30,Word567 Word568 Word569 Word570,Doc1
Word58 Word3 Word4 Word5,13189,2295.0,Word1243 Word580 Word593 Word1244,2018-07-31,Word567 Word582 Word580 Word202 Word545,Doc1
Word129 Word130 Word5,H-0008,1280.0,Word1100 Word801,2018-10-31,Word563 Word132 Word610,NoDoc
Word261 Word262,128944,216.0,Word330 Word99 Word26,2018-07-31,Word563 Word564 Word9 Word26,NoDoc
Word70 Word47 Word71 Word72 Word7,284754,12368.79,Word700 Word808 Word865 Word808,2018-03-01,Word563 Word598 Word71,NoDoc
Word8 Word9 Word10 Word11 Word5,4.80J+11,720.0,Word2087,2018-08-31,Word563 Word564 Word9 Word26,NoDoc
Word16 Word17 Word18 Word7,3016,1293.0,Word785 Word330 Word99 Word764 Word61,2018-02-01,Word563 Word564 Word9 Word26,NoDoc
Word166 Word5,1525,170.0,Word1031 Word894 Word123 Word190,2018-11-30,Word563 Word564 Word9 Word26,NoDoc
Word166 Word5,1490,255.0,Word123 Word809 Word1150 Word784 Word330 Word99,2018-11-30,Word563 Word564 Word9 Word26,NoDoc
Word186 Word4 Word5,8796,4500.0,Word1954 Word1469,2018-05-31,Word565 Word566,NoDoc
Word16 Word17 Word3 Word7,71674,432.0,Word562,2018-08-31,Word563 Word366 Word562,NoDoc
Word19 Word20 Word21 Word22 Word23 Word5,18569,315.72,Word575,2018-10-31,Word563 Word575,NoDoc
Word8 Word9 Word10 Word11 Word5,4.80F+11,420.0,Word2045,2018-10-31,Word563 Word564 Word9 Word26,NoDoc
Word8 Word9 Word10 Word11 Word5,4.80Y+11,34.4,Word779 Word258 Word9 Word26,2018-06-30,Word563 Word564 Word9 Word26,NoDoc
Word30 Word31,662050,4951.25,Word1490 Word1282 Word1149,2018-06-30,Word560 Word611 Word603 Word604 Word605 Word606,Doc1
Word44 Word45 Word46,201805-00053-ZF0,2570126.23,Word834 Word835 Word46,2018-06-30,Word563 Word250,NoDoc
Word33 Word34 Word35 Word7,108644-722,10661.14,Word562 Word946,2018-03-01,Word563 Word366 Word562,NoDoc
Word30 Word31,653415,132.0,Word61,2018-04-30,Word563 Word564 Word9 Word26,NoDoc
Word16 Word17 Word18 Word7,QS1572,1400.0,Word787 Word784,2018-10-31,Word563 Word564 Word9 Word26,NoDoc
Word19 Word20 Word21 Word22 Word23 Word5,18842,98.72,Word575 Word1001 Word20,2018-10-31,Word563 Word575,NoDoc
Word16 Word17 Word3 Word7,72102,1080.0,Word1105 Word20 Word825 Word764 Word1780,2018-11-30,Word563 Word366 Word562,NoDoc
Word33 Word34 Word35 Word7,108644-1398,6896.48,Word946,2018-11-30,Word563 Word366 Word56 Word4,NoDoc
Word19 Word20 Word21 Word22 Word23 Word5,16417,175.0,Word1459 Word1460 Word1461,2018-07-31,Word563 Word575,NoDoc
Word50 Word51 Word4 Word5,1339,5372.5,Word130 Word1030,2018-08-31,Word567 Word582 Word580 Word202 Word545,Doc1
Word85 Word86 Word87 Word5 Word88 Word16 Word17 Word3 Word7,65917,681.98,Word562,2018-03-01,Word563 Word580 Word581 Word232,NoDoc
Word162 Word7,XGQF12KZT18,14892.0,Word582 Word943,2018-08-31,Word567 Word582 Word107,Doc1
Word16 Word17 Word18 Word7,6634,320.4,Word783 Word784 Word785,2018-05-31,Word563 Word564 Word9 Word26,NoDoc
Word144 Word145 Word146 Word147 Word7,128043,2392.5,Word516 Word913,2018-10-31,Word576 Word366 Word562,Doc3
Word62 Word63 Word18 Word7,214754T,1430.0,Word338 Word190 Word1139,2018-06-30,Word560 Word561 Word366 Word562,Doc1
Word16 Word17 Word18 Word7,ND923,1260.0,Word783 Word784 Word785,2018-08-31,Word563 Word564 Word9 Word26,NoDoc
Word48 Word3 Word4 Word5,GJ20183929,870.0,Word1542 Word99 Word798 Word799,2018-11-30,Word563 Word564 Word9 Word26,NoDoc
Word30 Word31,659977,340.0,Word797 Word190,2018-05-31,Word563 Word132 Word610,NoDoc
Word219 Word220 Word34 Word5,1017,58141.24,Word846 Word791 Word45 Word45 Word45 Word981,2018-02-01,Word563 Word220,NoDoc
Word19 Word20 Word21 Word22 Word23 Word5,15557,1317.37,Word633 Word575,2018-09-30,Word563 Word575,NoDoc
Word131 Word132 Word133 Word5,K21808003,101806.9,Word1045 Word808 Word61 Word1046,2018-10-31,Word563 Word564 Word9 Word26,NoDoc
Word96 Word3 Word4 Word5,77475,1170.0,Word123 Word190,2018-05-31,Word563 Word580 Word581 Word232,NoDoc
Word30 Word31,666803,12.0,Word61,2018-07-31,Word563 Word564 Word9 Word26,NoDoc
Word16 Word17 Word3 Word7,70547,1050.0,Word562,2018-05-31,Word563 Word580 Word581 Word232,NoDoc
Word85 Word86 Word87 Word5 Word88 Word16 Word17 Word3 Word7,64760,52.52,Word562 Word1569 Word789 Word1386,2017-12-01,Word563 Word580 Word581 Word232,NoDoc
Word113 Word114 Word115 Word7,146742,736.25,Word578 Word991,2018-05-31,Word563 Word580 Word581 Word232,NoDoc
Word19 Word20 Word21 Word22 Word23 Word5,15943,160.89,Word2044,2018-07-31,Word563 Word575,NoDoc
Word16 Word17 Word18 Word7,YC125,13860.0,Word1387 Word784 Word785,2018-05-31,Word563 Word564 Word9 Word26,NoDoc
Word74 Word75 Word44 Word5,VVN00128,269111.58,Word840 Word841 Word842 Word843,2016-10-01,Word563 Word600 Word601 Word602,NoDoc
Word16 Word17 Word18 Word7,2191,140.4,Word783 Word784 Word785,2018-01-01,Word563 Word564 Word9 Word26,NoDoc
Word322 Word323 Word4 Word5,318106,970.99,Word568 Word592,2018-05-31,Word576 Word674 Word675,Doc3
Word19 Word20 Word21 Word22 Word23 Word5,15799,170.52,Word633 Word575,2018-07-31,Word563 Word575,NoDoc
Word16 Word17 Word18 Word7,4612,1152.0,Word992 Word784 Word785,2018-04-30,Word563 Word564 Word9 Word26,NoDoc
Word16 Word17 Word18 Word7,4293,1316.56,Word1201 Word784 Word785,2018-04-01,Word563 Word564 Word9 Word26,NoDoc
Word177 Word178 Word147 Word7,191ATP,12944.0,Word802 Word706 Word191,2018-04-01,Word563 Word366 Word562,NoDoc
Word8 Word9 Word10 Word11 Word5,4.80E+11,103.2,Word885 Word784 Word568 Word650,2018-06-30,Word563 Word564 Word9 Word26,NoDoc
Word40 Word41 Word4 Word5,1268,2093.5,Word1736 Word803,2018-03-01,Word567 Word582 Word366 Word562,Doc1
Word30 Word31,681337,1668.0,Word123 Word190 Word1693 Word894,2018-11-30,Word560 Word611 Word603 Word604 Word605 Word606,Doc1
Word144 Word145 Word146 Word147 Word7,125990,3465.0,Word516 Word913 Word1090,2018-05-31,Word576 Word366 Word562,Doc3
Word16 Word17 Word18 Word7,2639,608.4,,2018-02-01,Word563 Word564 Word9 Word26,NoDoc
Word257 Word491 Word492 Word71,53090,360.73,Word2017 Word393 Word764 Word1080,2018-11-30,Word563 Word615 Word211,NoDoc
Word131 Word132 Word133 Word5,X21711001,76098.1,Word807 Word1020 Word61,2018-02-01,Word567 Word568 Word569 Word570,Doc1
Word16 Word17 Word18 Word7,VD2117,720.0,Word785 Word330 Word99,2018-11-30,Word563 Word366 Word562,NoDoc
Word16 Word17 Word18 Word7,VR128,460.8,Word885 Word784 Word785,2018-05-31,Word563 Word564 Word9 Word26,NoDoc
Word96 Word3 Word4 Word5,88361,900.0,Word123 Word190,2018-08-31,Word563 Word132 Word610,NoDoc
Word8 Word9 Word10 Word11 Word5,4.80T+11,60.0,Word783 Word1507,2018-10-31,Word563 Word564 Word9 Word26,NoDoc
Word113 Word114 Word115 Word7,140985,425.0,Word578 Word791,2018-01-01,Word560 Word561 Word315 Word577 Word642 Word644,Doc1
Word62 Word63 Word18 Word7,211354A,1240.0,Word785 Word61,2017-12-01,Word563 Word564 Word9 Word26,NoDoc
Word16 Word17 Word3 Word7,70501,315.0,Word562,2018-05-31,Word563 Word580 Word581 Word232,NoDoc
Word30 Word31,669019,170.4,Word826 Word780,2018-07-31,Word563 Word564 Word9 Word26,NoDoc
Word16 Word17 Word3 Word7,71132,930.0,Word798 Word1032,2018-10-31,Word563 Word366 Word562,NoDoc
Word16 Word17 Word18 Word7,ZP1140,2520.0,Word61,2018-08-31,Word563 Word564 Word9 Word26,NoDoc
Word59 Word60 Word61 Word5,870,382.5,Word60 Word99 Word26,2018-03-01,Word563 Word564 Word9 Word26,NoDoc
Word308 Word309 Word310,2018HLZGCYEYHETGNX,2760671.27,Word835 Word682 Word683 Word684,2018-10-31,Word563 Word682 Word683 Word684,NoDoc
Word376 Word377 Word44,100059872,10500.0,Word846 Word791,2018-08-31,Word52 Word330 Word566,NoDoc
Word16 Word17 Word18 Word7,3258,1368.9,Word785 Word330 Word99 Word764 Word61,2018-03-01,Word563 Word564 Word9 Word26,NoDoc
Word16 Word17 Word18 Word7,NN1007,360.0,Word785 Word948 Word764 Word26,2018-08-31,Word563 Word564 Word9 Word26,NoDoc
Word33 Word34 Word35 Word7,108644-919,3715.14,Word1708 Word1915 Word699 Word980 Word699 Word716,2018-05-31,Word563 Word366 Word56 Word4,NoDoc
Word386 Word3 Word387 Word4 Word5,3.42S+12,28864.21,Word699 Word882 Word695 Word778,2018-06-30,Word563 Word598 Word71,NoDoc
Word325 Word13 Word5,22518,11900.0,Word777 Word700 Word980 Word700 Word716,2018-02-01,Word560 Word561 Word107,Doc1
Word16 Word17 Word3 Word7,70830,680.0,Word255 Word1170,2018-06-30,Word288 Word626 Word627,NoDoc
Word85 Word86 Word87 Word5 Word88 Word16 Word17 Word3 Word7,66060,315.0,Word511 Word592,2018-03-01,Word563 Word580 Word581 Word232,NoDoc
Word16 Word17 Word18 Word7,1810,756.0,Word1014 Word784 Word785,2018-01-01,Word563 Word564 Word9 Word26,NoDoc
Word78 Word79 Word11 Word5,S011418-12,24.0,Word1124 Word784 Word568 Word650,2018-02-01,Word563 Word564 Word9 Word26,NoDoc
Word16 Word17 Word3 Word7,72053,216.0,Word1677 Word1157 Word938,2018-11-30,Word563 Word366 Word562,NoDoc
Word44 Word45 Word46,201805-00053-EN0,2570126.23,Word834 Word835 Word46,2018-06-30,Word563 Word121 Word579,NoDoc
Word85 Word86 Word87 Word5 Word88 Word16 Word17 Word3 Word7,65822,210.0,Word1226 Word1227 Word771,2018-03-01,Word563 Word366 Word562,NoDoc
Word24 Word22 Word4 Word5,21531,3056.0,Word26,2018-02-01,Word567 Word568 Word569 Word570,Doc1
Word113 Word114 Word115 Word7,147656,6157.5,Word1274 Word1275,2018-06-30,Word563 Word580 Word581 Word232,NoDoc
Word85 Word86 Word87 Word5 Word88 Word16 Word17 Word3 Word7,64812,105.0,Word824 Word789 Word1484,2017-12-01,Word563 Word580 Word581 Word232,NoDoc
Word16 Word17 Word18 Word7,5127,1596.6,Word924 Word784 Word785,2018-04-30,Word563 Word564 Word9 Word26,NoDoc
Word33 Word34 Word35 Word7,108644-857,6414.74,Word193 Word881 Word865 Word882 Word699 Word883,2018-05-31,Word563 Word366 Word56 Word4,NoDoc
Word16 Word17 Word18 Word7,2302,842.4,Word787 Word784 Word785,2018-01-01,Word563 Word564 Word9 Word26,NoDoc
Word33 Word34 Word35 Word7,108644-631,6249.1,Word1026 Word883 Word1027,2018-02-01,Word563 Word366 Word56 Word4,NoDoc
Word96 Word3 Word4 Word5,78648,270.0,Word123 Word190,2018-06-30,Word563 Word564 Word9 Word26,NoDoc
Word48 Word3 Word4 Word5,LD20181992,1228.0,Word798 Word799,2018-08-31,Word560 Word561 Word612,Doc1
Word52 Word53 Word7,363096,1644.67,Word813 Word814 Word815,2018-01-01,Word588 Word568 Word589 Word590 Word591 Word592,Doc1
Word113 Word114 Word115 Word7,149194,30756.25,Word578 Word791,2018-08-31,Word560 Word611 Word603 Word604 Word605 Word606,Doc1
Word16 Word17 Word18 Word7,YW350,2520.0,Word785 Word330 Word99 Word764 Word26,2018-06-30,Word563 Word564 Word9 Word26,NoDoc
Word16 Word17 Word18 Word7,MZ1468,1260.0,Word901 Word343,2018-09-30,Word563 Word564 Word9 Word26,NoDoc
Word286 Word287 Word288 Word39,51418071358,54.0,Word581 Word1257,2018-09-30,Word563 Word580 Word581 Word232,NoDoc
Word16 Word17 Word18 Word7,3543,882.0,Word1053 Word330 Word99 Word764 Word61,2018-03-01,Word563 Word564 Word9 Word26,NoDoc
Word81 Word82 Word5,138585,849.4,Word643 Word82,2018-04-01,Word563 Word82 Word9 Word607,NoDoc
Word33 Word34 Word35 Word7,108644-1235,7146.72,Word562,2018-09-30,Word563 Word366 Word56 Word4,NoDoc
Word16 Word17 Word18 Word7,CL682,200.0,Word783 Word784 Word785,2018-07-31,Word563 Word564 Word9 Word26,NoDoc
Word116 Word117 Word118 Word119 Word7,147360,384.0,Word51 Word985,2018-10-31,Word563 Word121 Word579,NoDoc
Word44 Word45 Word46,201811-00046,8799523.59,Word807 Word808 Word46,2018-12-31,Word563 Word121 Word579,NoDoc
Word116 Word117 Word118 Word119 Word7,151095,690.75,Word51 Word794 Word2023 Word2024,2018-04-30,Word563 Word580 Word581 Word232,NoDoc
Word16 Word17 Word18 Word7,3315,640.8,Word785 Word764 Word26,2018-02-01,Word563 Word564 Word9 Word26,NoDoc
Word166 Word5,1493,255.0,Word330 Word99 Word780,2018-11-30,Word563 Word564 Word9 Word26,NoDoc
Word80 Word3 Word4,J156856,89681.0,Word2111 Word1509,2018-10-31,Word567 Word568 Word569 Word295,Doc1
Word89 Word44 Word5,67177941,17160.0,Word608 Word644,2018-10-31,Word563 Word608 Word609,NoDoc
Word74 Word75 Word44 Word5,MZW00128,-269111.58,Word840 Word841 Word842 Word843,2018-03-01,Word563 Word600 Word601 Word602,NoDoc
Word16 Word17 Word18 Word7,AR1175,1260.0,Word1379,2018-08-31,Word563 Word564 Word9 Word26,NoDoc
Word16 Word17 Word18 Word7,2861,1022.4,Word787 Word784 Word785,2018-01-01,Word563 Word564 Word9 Word26,NoDoc
Word73 Word4 Word5,1804022,8411.0,Word653 Word53,2018-06-30,Word563 Word366 Word562,NoDoc
Word177 Word178 Word147 Word7,126PNE,11854.0,,2018-02-01,Word563 Word366 Word562,NoDoc
Word8 Word9 Word10 Word11 Word5,4.80L+11,60.0,Word330 Word99 Word780,2018-07-31,Word563 Word564 Word9 Word26,NoDoc
Word42 Word43 Word5,7738,750.0,Word330 Word914 Word806 Word1282 Word1149,2018-03-01,Word563 Word580 Word581 Word232,NoDoc
Word16 Word17 Word18 Word7,XT378,200.0,Word961 Word132,2018-06-30,Word563 Word132 Word610,NoDoc
Word113 Word114 Word115 Word7,152029,6412.5,Word1140 Word255,2018-10-31,Word52 Word330 Word566,NoDoc
Word24 Word22 Word4 Word5,23213,1190.0,Word562,2018-11-30,Word563 Word132 Word610,NoDoc
Word109 Word61 Word7,139,2500.0,Word1159 Word9,2018-02-01,Word560 Word561 Word603 Word604 Word605 Word606,Doc1
Word8 Word9 Word10 Word11 Word5,4.80X+11,275.2,Word1682 Word784 Word785,2018-03-01,Word563 Word564 Word9 Word26,NoDoc
Word8 Word9 Word10 Word11 Word5,4.80Z+11,50.0,Word61,2018-04-01,Word563 Word564 Word9 Word26,NoDoc
Word62 Word63 Word18 Word7,212466J,1680.0,Word785 Word60 Word99 Word764 Word61,2018-02-01,Word563 Word132 Word610,NoDoc
Word153 Word154 Word109 Word155 Word31,010218DDVNFSGHVTRAUEH,17337.78,Word1571,2018-02-01,Word563 Word564 Word9 Word26,NoDoc
Word16 Word17 Word18 Word7,3569,108.0,Word783 Word784 Word785,2018-03-01,Word563 Word564 Word9 Word26,NoDoc
Word96 Word3 Word4 Word5,66749,14805.0,Word338 Word978 Word764 Word780,2018-03-01,Word563 Word564 Word9 Word26,NoDoc
Word38 Word4 Word39,41521567,3862.5,Word121 Word836,2018-09-30,Word563 Word121 Word579,NoDoc
Word507 Word508 Word39,10273676251,480.12,Word1098 Word1953,2018-10-31,Word571 Word52 Word457 Word635 Word754,NoDoc
Word44 Word45 Word46,201811-00046,8799523.59,Word807 Word808 Word46,2018-12-31,Word563 Word564 Word9 Word26,NoDoc
Word16 Word17 Word18 Word7,4294,1489.2,Word885 Word784 Word785,2018-04-01,Word563 Word564 Word9 Word26,NoDoc
Word257 Word258 Word259 Word5,180213-11829,23400.0,Word1347 Word856,2018-03-01,Word567 Word582 Word580 Word202 Word545,Doc1
Word16 Word17 Word18 Word7,5219,859.2,Word885 Word784 Word785,2018-04-30,Word563 Word564 Word9 Word26,NoDoc
Word16 Word17 Word18 Word7,GF556,5600.0,Word1803 Word784 Word785,2018-07-31,Word563 Word564 Word9 Word26,NoDoc
Word16 Word17 Word18 Word7,5221,1396.8,Word959 Word784 Word785,2018-04-30,Word563 Word564 Word9 Word26,NoDoc
Word186 Word4 Word5,8801,1000.0,Word718 Word539 Word1146 Word1238,2018-05-31,Word560 Word561 Word685 Word686 Word687 Word688,Doc1
Word85 Word86 Word87 Word5 Word88 Word16 Word17 Word3 Word7,65999,105.0,Word1294 Word1307 Word1308,2018-03-01,Word563 Word366 Word562,NoDoc
Word439 Word497 Word44,POKGDJ010417,62342.8,Word1019 Word1020 Word650 Word1719,2018-01-01,Word576 Word9 Word23 Word179,Doc3
Word74 Word75 Word44 Word5,LSB00128,269111.58,Word840 Word841 Word842 Word843,2016-10-01,Word563 Word600 Word601 Word602,NoDoc
Word96 Word3 Word4 Word5,65471,540.0,Word305 Word132 Word190 Word1193,2018-03-01,Word563 Word564 Word9 Word26,NoDoc
Word38 Word4 Word39,41479653,3500.0,Word121 Word791,2018-02-01,Word563 Word121 Word579,NoDoc
Word24 Word22 Word4 Word5,23294,1105.0,Word562 Word26,2018-11-30,Word563 Word564 Word9 Word26,NoDoc
Word216 Word91 Word75 Word44,8671,34951.3,Word1037 Word1038 Word727 Word1039,2017-04-01,Word563 Word600 Word601 Word602,NoDoc
Word16 Word17 Word18 Word7,CY103,6300.0,Word330 Word99 Word764 Word26,2018-05-31,Word563 Word564 Word9 Word26,NoDoc
Word550 Word551,DED-15905,144120.0,Word2082 Word791,2018-05-31,Word560 Word561 Word551 Word4,Doc1
Word24 Word22 Word4 Word5,22109,320.0,Word899 Word805 Word132 Word810,2018-04-30,Word567 Word569 Word570,Doc1
Word16 Word17 Word18 Word7,2132,698.4,Word1053 Word330 Word99 Word764 Word780,2018-01-01,Word567 Word568 Word569 Word570,Doc1
Word8 Word9 Word10 Word11 Word5,4.80F+11,60.0,Word330 Word99 Word26,2018-10-31,Word563 Word564 Word9 Word26,NoDoc
Word8 Word9 Word10 Word11 Word5,4.80J+11,567.6,Word929,2018-05-31,Word563 Word564 Word9 Word26,NoDoc
Word42 Word43 Word5,8552,765.0,Word804 Word805 Word809 Word867 Word849,2018-11-30,Word560 Word611 Word366 Word562,Doc1
Word162 Word7,PFYW02JKC18,14814.0,Word582 Word1225,2018-09-30,Word567 Word582 Word107,Doc1
Word36 Word558 Word559,GKRZGQWPJMXPTHJWT0618,72.33,Word2121 Word2122,2018-07-31,Word725 Word697 Word769 Word770,NoDoc
Word58 Word3 Word4 Word5,13249,675.0,Word865 Word1205 Word1017,2018-08-31,Word567 Word582 Word366 Word562,Doc1
Word16 Word17 Word18 Word7,MG1003,1260.0,Word785 Word330 Word99 Word780,2018-08-31,Word563 Word564 Word9 Word26,NoDoc
Word30 Word31,646211,539.0,Word797 Word190,2018-03-01,Word563 Word132 Word610,NoDoc
Word144 Word145 Word146 Word147 Word7,125250,1064.0,Word1178 Word1032 Word864,2018-04-01,Word563 Word366 Word562,NoDoc
Word42 Word43 Word5,7440,3040.0,Word844 Word278,2018-01-01,Word560 Word603 Word604 Word605 Word606,Doc1
Word299 Word237 Word7,31653,69287.32,Word949 Word991 Word865 Word695 Word967 Word808,2018-03-01,Word571 Word52 Word657 Word681 Word371 Word13,NoDoc
Word16 Word17 Word18 Word7,3227,1068.0,Word330 Word99 Word764 Word61,2018-02-01,Word563 Word564 Word9 Word26,NoDoc
Word70 Word47 Word71 Word72 Word7,280774,11979.8,Word967 Word717 Word909 Word808,2018-01-01,Word563 Word598 Word71,NoDoc
Word286 Word287 Word288 Word39,51418091637,1215.0,Word132 Word1183 Word1184,2018-12-31,Word560 Word561 Word612,Doc1
Word153 Word154 Word109 Word155 Word31,120217RARMEOPIJMPECVJ,21913.6,Word1794,2018-01-01,Word563 Word564 Word9 Word26,NoDoc
Word41 Word125 Word34 Word5,197,2215.0,Word1646,2018-01-01,Word567 Word582 Word580 Word202 Word545,Doc1
Word162 Word7,ZNW07CEG18,3540.0,Word582 Word1225,2018-08-31,Word567 Word582 Word107,Doc1
Word16 Word17 Word18 Word7,OY2097,1080.0,Word1512 Word1449 Word799 Word816,2018-11-30,Word563 Word564 Word9 Word26,NoDoc
Word85 Word86 Word87 Word5 Word88 Word16 Word17 Word3 Word7,65973,262.52,Word899 Word805 Word605,2018-03-01,Word563 Word580 Word581 Word232,NoDoc
Word62 Word63 Word18 Word7,214754P,1430.0,Word338 Word190 Word1139,2018-06-30,Word560 Word561 Word366 Word562,Doc1
Word162 Word7,LVB01YQC18,10866.0,Word846 Word791,2018-04-01,Word567 Word582 Word107,Doc1
Word272 Word29 Word5,43266,1850.0,Word130,2018-08-31,Word567 Word568 Word98 Word578 Word65,Doc1
Word148 Word75 Word5,TAT24310,11900.0,Word1260 Word908,2018-09-30,Word52 Word330 Word566,NoDoc
Word96 Word3 Word4 Word5,84749,270.0,Word797 Word190,2018-07-31,Word563 Word132 Word610,NoDoc
Word16 Word17 Word18 Word7,4533,699.6,Word783 Word784 Word785,2018-04-01,Word563 Word564 Word9 Word26,NoDoc
Word179 Word180 Word181 Word182,VLRYL080118-OXG,-44473.31,Word979 Word836 Word980 Word45 Word981 Word808,2018-08-31,Word571 Word52 Word594 Word595 Word596 Word597,NoDoc
Word42 Word43 Word5,8475,582.5,Word562,2018-10-31,Word576 Word366 Word562,NoDoc
Word16 Word17 Word3 Word7,71352,162.02,Word1000 Word1001,2018-11-30,Word563 Word366 Word562,NoDoc
Word319 Word315 Word44,40702054-002,226042.94,Word1246 Word991,2018-07-31,Word560 Word561 Word315 Word638,Doc1
Word38 Word4 Word39,41516220,18500.0,Word1484 Word836,2018-09-30,Word563 Word121 Word579,NoDoc
Word85 Word86 Word87 Word5 Word88 Word16 Word17 Word3 Word7,64975,105.0,Word920 Word921 Word789 Word855 Word922,2017-12-01,Word563 Word580 Word581 Word232,NoDoc
Word16 Word17 Word18 Word7,2686,737.1,,2018-01-01,Word563 Word564 Word9 Word26,NoDoc
Word58 Word3 Word4 Word5,13107,1230.0,Word674 Word1335 Word1581,2018-06-30,Word563 Word366 Word562,NoDoc
Word42 Word43 Word5,8300,870.0,Word330 Word914 Word806,2018-08-31,Word563 Word366 Word562,NoDoc
Word16 Word17 Word18 Word7,3508,1281.6,Word785 Word330 Word99 Word764 Word26,2018-02-01,Word563 Word564 Word9 Word26,NoDoc
Word16 Word17 Word3 Word7,70678,680.0,Word1456 Word1594 Word1170,2018-06-30,Word288 Word626 Word627,NoDoc
Word16 Word17 Word18 Word7,3982,1329.6,Word783 Word784 Word785,2018-04-01,Word563 Word564 Word9 Word26,NoDoc
Word116 Word117 Word118 Word119 Word7,154524,480.0,Word51 Word794 Word562,2018-11-30,Word563 Word580 Word581 Word232,NoDoc
Word16 Word17 Word18 Word7,3364,900.0,Word255 Word9,2018-03-01,Word563 Word564 Word9 Word26,NoDoc
Word42 Word43 Word5,8323,5375.0,Word9 Word809 Word1112 Word103,2018-08-31,Word560 Word561 Word366 Word562,Doc1
Word162 Word7,ESP02LYJ18,10100.0,Word13 Word791,2018-12-31,Word567 Word582 Word107,Doc1
Word16 Word17 Word18 Word7,SO1040,720.0,Word785 Word330 Word99 Word780,2018-08-31,Word563 Word564 Word9 Word26,NoDoc
Word16 Word17 Word18 Word7,FC126,629.1,Word925 Word784 Word785,2018-05-31,Word563 Word564 Word9 Word26,NoDoc
Word30 Word31,654082,48.0,Word61,2018-05-31,Word563 Word564 Word9 Word26,NoDoc
Word40 Word41 Word4 Word5,1874,1948.0,Word802 Word278 Word1242 Word803,2018-07-31,Word567 Word582 Word366 Word562,Doc1
Word38 Word4 Word39,41475176,4100.0,Word1021 Word121 Word659,2018-01-01,Word563 Word121 Word579,NoDoc
Word415 Word397 Word4 Word5,P00006608,10309.25,Word202 Word592,2018-05-31,Word588 Word582 Word620 Word545,Doc1
Word16 Word17 Word18 Word7,3145,140.4,Word783 Word784 Word785,2018-03-01,Word563 Word564 Word9 Word26,NoDoc
Word16 Word17 Word18 Word7,XC224,8820.0,Word330 Word99 Word764 Word780,2018-06-30,Word563 Word564 Word9 Word26,NoDoc
Word96 Word3 Word4 Word5,80316,810.0,Word797 Word190,2018-07-31,Word563 Word132 Word610,NoDoc
Word8 Word9 Word10 Word11 Word5,4.80B+11,51.6,Word783 Word784 Word568 Word650,2018-06-30,Word563 Word564 Word9 Word26,NoDoc
Word235,EDG050418TTP,204068.53,Word639 Word684 Word1911 Word1320,2018-05-31,Word571 Word52 Word733 Word734 Word85 Word613,NoDoc
Word203 Word204 Word4 Word31,HON002105,5200.0,Word1008 Word1009 Word1010,2018-08-31,Word567 Word582 Word41 Word319,Doc1
Word24 Word22 Word4 Word5,22631,595.0,Word562,2018-07-31,Word567 Word568 Word569 Word570,Doc1
Word8 Word9 Word10 Word11 Word5,4.80G+11,532.5,Word2091 Word784 Word568 Word650,2018-10-31,Word563 Word564 Word9 Word26,NoDoc
Word16 Word17 Word18 Word7,4933,736.2,Word959 Word784 Word785,2018-05-31,Word563 Word564 Word9 Word26,NoDoc
Word42 Word43 Word5,7959,1330.0,Word1283 Word832 Word338 Word878,2018-05-31,Word560 Word611 Word612,Doc1
Word30 Word31,672051,349.5,Word826 Word780,2018-08-31,Word563 Word564 Word9 Word26,NoDoc
Word407 Word3 Word34 Word7,16747,10500.0,Word846 Word791,2018-10-31,Word567 Word582 Word107,Doc1
Word47 Word3 Word4 Word5,2018021146,342.5,Word779 Word258 Word26,2018-09-30,Word567 Word568 Word569 Word570,Doc1
Word78 Word79 Word11 Word5,Y011418-12,24.0,Word1124 Word784 Word568 Word650,2018-02-01,Word563 Word564 Word9 Word26,NoDoc
Word424 Word315 Word21 Word425 Word7,15023,45573.0,Word315 Word425,2018-02-01,Word560 Word611 Word603 Word604 Word605 Word606,Doc1
Word16 Word17 Word18 Word7,3426,304.2,Word785 Word330 Word99 Word764 Word61,2018-03-01,Word563 Word564 Word9 Word26,NoDoc
Word131 Word132 Word133 Word5,P21712004,65688.35,Word896 Word883 Word897 Word191,2018-02-01,Word563 Word564 Word9 Word26,NoDoc
Word30 Word31,639756,168.0,,2018-01-01,Word563 Word564 Word9 Word26,NoDoc
Word48 Word3 Word4 Word5,DL20183298,48.0,Word568 Word650,2018-10-31,Word563 Word564 Word9 Word26,NoDoc
Word16 Word17 Word3 Word7,70473,1050.0,Word562,2018-05-31,Word563 Word580 Word581 Word232,NoDoc
Word19 Word20 Word21 Word22 Word23 Word5,12577,53.8,Word1399 Word1400,2018-03-01,Word563 Word575,NoDoc
Word223 Word60 Word65 Word4 Word7,3457,650.0,Word1909 Word1607,2018-08-31,Word560 Word561 Word593 Word578 Word65,Doc1
Word19 Word20 Word21 Word22 Word23 Word5,15488,404.79,Word575,2018-07-31,Word563 Word575,NoDoc
Word50 Word51 Word4 Word5,1445,675.0,Word123 Word190,2018-09-30,Word567 Word582 Word366 Word562,Doc1
Word498 Word499,TDPLZPNL080718,103.57,Word613 Word781 Word1914,2018-08-31,Word571 Word52 Word594 Word641,NoDoc
